ma_cd,bat_dau,ket_thuc,tram_muon,tram_tra,ma_kh,loai_xe,quang_duong_km,danh_gia
CD00001,01/03/2025 07:20,01/03/2025 08:05,DN01,DN03,,XE MÁY ĐIỆN,14.6,Hài lòng
CD00002,01/03/2025 08:57,01/03/2025 09:15,DN01,DN01,,Xe đạp điện,5.3,Hài lòng
CD00003,01/03/2025 08:59,01/03/2025 09:29,HA01,HA01,KH0380,Xe đạp,6.5,Bình thường
CD00004,01/03/2025 10:07,01/03/2025 10:37,HA01,HA02,KH0012,Xe đạp điện,9.2,Bình thường
CD00005,01/03/2025 10:11,01/03/2025 10:21,DN01,DN04,,Xe đạp,1.9,Hài lòng
CD00006,01/03/2025 12:01,01/03/2025 12:48,DN03,DN02,KH0160,Xe đạp điện,9.6,Hài lòng
CD00007,01/03/2025 12:07,01/03/2025 12:36,HA02,HA01,KH0096,Xe đạp,5.4,Hài lòng
CD00008,01/03/2025 12:51,01/03/2025 13:01,HA02,HA01,,Xe đạp,1.8,Hài lòng
CD00009,01/03/2025 14:52,01/03/2025 15:01,DN01,DN01,KH0256,xe đạp,1.2,
CD00010,01/03/2025 15:55,01/03/2025 16:16,DN03,DN03,,Xe đạp,3.1,
CD00011,01/03/2025 16:55,,HA01,HA01,KH0115,xe máy điện,16.9,Hài lòng
CD00012,01/03/2025 20:50,01/03/2025 21:05,HA01,HA01,,Xe đạp,2.3,Hài lòng
CD00013,01/03/2025 21:17,01/03/2025 21:53,DN02,DN02,,Xe đạp,9.3,Không hài lòng
CD00014,02/03/2025 07:00,02/03/2025 07:15,DN04,DN02,,Xe đạp,2.7,Hài lòng
CD00015,02/03/2025 15:38,02/03/2025 15:51,HA02,HA01,,XE ĐẠP ĐIỆN,3.7,Hài lòng
CD00016,02/03/2025 16:39,02/03/2025 17:36,DN01,DN01,, Xe đạp,11.3,Không hài lòng
CD00017,02/03/2025 18:02,02/03/2025 19:32,DN07,DN02,KH0061,Xe máy điện,39.6,Bình thường
CD00018,02/03/2025 20:17,02/03/2025 20:40,DN07,DN01,KH0435,Xe đạp điện  ,5.0,Hài lòng
CD00019,02/03/2025 20:54,02/03/2025 22:09,DN03,DN02,KH0490,Xe đạp điện,16.7,Hài lòng
CD00020,02/03/2025 21:52,02/03/2025 22:25,DN02,DN03,KH0495,Xe đạp,5.1,Hài lòng
CD00021,03/03/2025 06:40,03/03/2025 07:15,HA01,HA01,,Xe đạp,5.1,Rất hài lòng
CD00022,03/03/2025 07:41,03/03/2025 07:52,DN01,DN02,,Xe đạp,2.6,Bình thường
CD00023,03/03/2025 15:10,03/03/2025 15:19,DN01,DN04,,Xe đạp,1.5,Hài lòng
CD00024,03/03/2025 16:57,03/03/2025 17:23,DN03,DN02,KH0152,Xe máy điện,9.6,Hài lòng
CD00025,03/03/2025 18:36,03/03/2025 19:03,HA02,HA01,,Xe đạp,3.0,Hài lòng
CD00026,03/03/2025 19:40,03/03/2025 20:29,HA01,HA01,KH0163,Xe máy điện,19.8,Hài lòng
CD00027,03/03/2025 22:02,03/03/2025 22:46,DN01,DN04,KH0247,Xe đạp điện,11.8,Hài lòng
CD00028,04/03/2025 06:16,04/03/2025 06:32,DN02,DN02,KH0545,XE ĐẠP ĐIỆN,3.8,Hài lòng
CD00029,04/03/2025 06:32,04/03/2025 06:50,DN01,DN02,,Xe đạp,3.0,Bình thường
CD00030,04/03/2025 06:56,04/03/2025 07:15,DN01,DN02,KH0303,xe đạp điện,4.8,Hài lòng
CD00031,04/03/2025 11:15,04/03/2025 11:37,HA01,HA02,,Xe đạp,5.3,Hài lòng
CD00032,04/03/2025 11:34,04/03/2025 11:45,DN04,DN01,,Xe đạp,312.5,Rất hài lòng
CD00033,04/03/2025 14:00,04/03/2025 14:37,DN02,DN02,KH0495,Xe máy điện,11.8,Hài lòng
CD00034,04/03/2025 15:35,04/03/2025 15:44,DN03,DN01,KH0016,Xe đạp điện,2.6,Hài lòng
CD00035,04/03/2025 15:39,04/03/2025 16:52,HA01,HA02,,Xe đạp điện,15.9,
CD00036,04/03/2025 17:00,04/03/2025 17:01,HA02,HA02,KH0493,Xe đạp điện  ,0.0,Bình thường
CD00037,04/03/2025 19:15,04/03/2025 19:46,HA02,HA01,KH0382,Xe đạp điện,10.4,Hài lòng
CD00038,04/03/2025 19:20,04/03/2025 19:32,DN03,DN02,KH0057,Xe đạp,2.8,Bình thường
CD00038,04/03/2025 19:20,04/03/2025 19:32,DN03,DN02,KH0057,Xe đạp,2.8,Bình thường
CD00039,05/03/2025 06:18,05/03/2025 06:28,DN07,DN03,,Xe đạp,1.3,Rất hài lòng
CD00040,05/03/2025 07:37,05/03/2025 07:49,DN02,DN01,KH0199,Xe đạp,2.1,Bình thường
CD00041,05/03/2025 07:49,05/03/2025 07:59,HA01,HA01,,Xe đạp,2.3,Hài lòng
CD00042,05/03/2025 08:55,05/03/2025 09:08,DN02,DN01,KH0204,Xe đạp điện,4.7,Rất hài lòng
CD00043,05/03/2025 10:04,05/03/2025 10:31,DN04,DN04,KH0239,Xe đạp điện,7.2,Hài lòng
CD00044,05/03/2025 16:58,05/03/2025 17:16,DN01,DN01,KH0530,Xe đạp,4.5,Hài lòng
CD00045,05/03/2025 17:08,05/03/2025 17:43,DN01,DN03,KH0217,Xe đạp,4.7,Hài lòng
CD00046,05/03/2025 18:11,05/03/2025 18:21,HA02,HA01,KH0344,Xe đạp,1.7,Hài lòng
CD00047,05/03/2025 20:42,05/03/2025 20:50,DN02,DN01,,xe đạp,1.4,Hài lòng
CD00048,06/03/2025 05:22,06/03/2025 05:59,HA01,HA01,KH0345,Xe đạp,7.4,Rất hài lòng
CD00049,06/03/2025 05:50,06/03/2025 06:05,DN04,DN01,KH0087,Xe đạp,2.6,Hài lòng
CD00050,06/03/2025 06:30,06/03/2025 06:49,HA01,HA01,,Xe đạp,2.3,Hài lòng
CD00051,06/03/2025 06:50,06/03/2025 07:08,DN01,DN02,,Xe đạp điện,5.2,Hài lòng
CD00052,06/03/2025 08:07,06/03/2025 08:21,DN02,DN04,,Xe đạp,2.5,Hài lòng
CD00053,06/03/2025 12:11,06/03/2025 12:25,DN04,DN03,KH0424,Xe đạp,3.1,Bình thường
CD00054,06/03/2025 14:44,06/03/2025 14:49,DN01,DN01,,Xe đạp,1.2,Bình thường
CD00055,06/03/2025 16:25,06/03/2025 16:33,DN02,DN01,KH0018,Xe đạp,1.3,
CD00056,06/03/2025 16:50,06/03/2025 17:07,DN02,DN01,KH0487,xe đạp,2.7,Bình thường
CD00057,06/03/2025 17:41,06/03/2025 17:57,HA01,HA02,KH0332,Xe đạp,3.9,Rất hài lòng
CD00058,07/03/2025 06:13,07/03/2025 06:25,DN04,DN02,KH0358,Xe máy điện,5.7,Rất hài lòng
CD00059,07/03/2025 07:01,07/03/2025 07:47,DN01,DN01,,XE ĐẠP ĐIỆN,14.1,Hài lòng
CD00060,07/03/2025 07:24,07/03/2025 08:00,DN02,DN02,,Xe đạp điện,9.9,Rất hài lòng
CD00061,07/03/2025 08:07,07/03/2025 08:19,HA02,HA02,KH0314,Xe đạp,3.1,
CD00062,07/03/2025 10:46,07/03/2025 11:05,DN02,DN01,,Xe đạp,3.9,Bình thường
CD00063,07/03/2025 15:12,07/03/2025 15:33,HA02,HA02,KH0181,Xe đạp,4.3,Bình thường
CD00064,07/03/2025 15:58,07/03/2025 16:20,DN01,DN03,KH0039,xe đạp,4.6,Hài lòng
CD00065,07/03/2025 18:17,07/03/2025 18:48,DN02,DN04,KH0115,Xe máy điện,11.6,Rất hài lòng
CD00066,07/03/2025 20:47,07/03/2025 21:14,DN02,DN02,KH0438,Xe đạp,3.4,Bình thường
CD00067,07/03/2025 21:21,07/03/2025 21:36,DN01,DN04,KH0302,Xe đạp,3.2,Hài lòng
CD00068,08/03/2025 06:23,08/03/2025 06:49,HA01,HA01,KH0481,Xe đạp,6.4,Hài lòng
CD00069,08/03/2025 07:01,08/03/2025 07:18,HA01,HA02,KH0223,Xe đạp,3.7,Bình thường
CD00070,08/03/2025 07:02,08/03/2025 07:24,DN02,DN01,KH0481,Xe đạp điện,7.0,
CD00071,08/03/2025 07:05,08/03/2025 07:22,DN01,DN01,KH0277,xe đạp điện,3.6,Hài lòng
CD00072,08/03/2025 07:13,08/03/2025 08:22,HA01,HA02,,Xe đạp điện,21.1,Hài lòng
CD00073,08/03/2025 09:11,08/03/2025 09:26,DN02,DN01,,Xe đạp điện,2.1,Hài lòng
CD00074,08/03/2025 15:06,08/03/2025 15:24,DN04,DN01,KH0189,Xe đạp điện,4.6,Bình thường
CD00075,08/03/2025 15:26,08/03/2025 16:09,HA02,HA02,KH0474,Xe máy điện,17.5,Rất hài lòng
CD00076,08/03/2025 16:39,08/03/2025 17:15,DN04,DN04,, Xe máy điện,10.5,
CD00077,08/03/2025 17:16,08/03/2025 17:48,DN01,DN04,KH0420,Xe đạp điện,7.3,
CD00078,08/03/2025 17:35,08/03/2025 17:45,DN01,DN03,KH0199,Xe dap,1.8,Bình thường
CD00079,08/03/2025 20:01,08/03/2025 20:19,DN03,DN01,KH0202,Xe đạp điện,4.5,Bình thường
CD00080,08/03/2025 20:14,08/03/2025 20:52,HA02,HA01,KH0216,Xe đạp điện,7.5,Hài lòng
CD00081,08/03/2025 21:39,08/03/2025 22:06,DN01,DN01,KH0405,Xe dap dien,7.1,Bình thường
CD00082,09/03/2025 06:05,09/03/2025 07:02,DN01,DN04,KH0454, Xe máy điện,23.7,Hài lòng
CD00083,09/03/2025 07:06,09/03/2025 07:15,DN03,DN02,,Xe đạp điện,2.4,
CD00084,09/03/2025 13:06,09/03/2025 13:19,DN01,DN04,,xe đạp điện,4.0,Bình thường
CD00085,09/03/2025 18:17,09/03/2025 18:36,DN01,DN02,KH0071,Xe đạp,4.8,
CD00086,09/03/2025 18:18,09/03/2025 18:51,HA01,HA01,KH0221,Xe đạp điện,9.0,Hài lòng
CD00087,09/03/2025 18:22,09/03/2025 18:30,DN01,DN03,,Xe đạp,0.9,Bình thường
CD00088,09/03/2025 19:00,09/03/2025 19:17,HA02,HA02,,Xe đạp,2.2,
CD00089,10/03/2025 12:04,10/03/2025 12:17,DN01,DN02,KH0288,Xe đạp,2.1,Bình thường
CD00090,10/03/2025 13:47,10/03/2025 14:18,DN02,DN03,,Xe đạp,4.7,Rất hài lòng
CD00091,10/03/2025 14:57,10/03/2025 15:19,HA01,HA01,KH0081,Xe may dien,8.5,Rất hài lòng
CD00092,10/03/2025 15:00,10/03/2025 15:30,HA02,HA02,,XE ĐẠP ĐIỆN,7.6,Bình thường
CD00093,10/03/2025 16:33,10/03/2025 17:01,DN03,DN02,,Xe đạp,5.7,Rất hài lòng
CD00094,10/03/2025 16:41,10/03/2025 16:59,HA01,HA01,KH0039,Xe máy điện,7.2,Rất hài lòng
CD00095,10/03/2025 16:55,10/03/2025 16:35,DN03,DN03,KH0527,Xe đạp,5.1,Hài lòng
CD00096,10/03/2025 17:01,10/03/2025 17:43,HA01,HA01,KH0407,Xe đạp,5.9,Hài lòng
CD00097,10/03/2025 17:37,10/03/2025 19:10,DN03,DN01,KH0180,Xe máy điện,34.1,Bình thường
CD00098,10/03/2025 22:58,10/03/2025 23:25,DN03,DN01,,Xe đạp,4.5,
CD00099,11/03/2025 05:54,11/03/2025 06:11,DN01,DN01,KH0157,Xe đạp,2.6,Hài lòng
CD00100,11/03/2025 10:23,11/03/2025 10:37,DN03,DN01,KH0405,Xe đạp điện,3.2,Hài lòng
CD00101,11/03/2025 13:37,11/03/2025 13:47,DN02,DN03,KH0301,Xe đạp điện,2.4,Hài lòng
CD00102,12/03/2025 05:31,12/03/2025 05:42,HA02,HA01,KH0435,Xe đạp,1.6,Hài lòng
CD00103,12/03/2025 07:59,12/03/2025 08:23,HA01,HA01,KH0060,Xe đạp điện,6.6,Rất hài lòng
CD00104,12/03/2025 13:52,12/03/2025 14:24,DN03,DN01,KH0122,XE ĐẠP ĐIỆN,9.6,Hài lòng
CD00105,12/03/2025 14:09,12/03/2025 14:47,DN02,DN03,KH0418,Xe đạp điện,11.3,Hài lòng
CD00106,12/03/2025 17:52,12/03/2025 19:06,HA01,HA01,KH0408,Xe đạp điện,18.5,
CD00107,12/03/2025 18:44,12/03/2025 18:58,HA02,HA02,KH0399,Xe đạp điện,3.3,Hài lòng
CD00108,12/03/2025 18:51,12/03/2025 19:27,DN03,DN01,KH0158,Xe đạp điện,7.9,Bình thường
CD00109,12/03/2025 18:54,12/03/2025 19:16,DN04,DN01,KH0124,Xe đạp điện,6.5,Hài lòng
CD00110,12/03/2025 19:13,12/03/2025 20:36,HA01,HA02,,Xe máy điện,32.5,Hài lòng
CD00111,13/03/2025 07:15,,DN04,DN01,,Xe đạp điện,3.5,Hài lòng
CD00112,13/03/2025 07:16,13/03/2025 07:40,DN04,DN02,,Xe máy điện,8.7,Rất hài lòng
CD00113,13/03/2025 07:32,13/03/2025 08:33,HA01,HA01,KH0137,Xe máy điện,22.9,Bình thường
CD00114,13/03/2025 09:47,13/03/2025 10:04,HA01,HA02,KH0411,Xe đạp,3.7,Bình thường
CD00115,13/03/2025 10:32,13/03/2025 11:14,DN01,DN01,KH0223,Xe đạp điện,13.3,
CD00116,13/03/2025 11:48,13/03/2025 12:00,DN01,DN02,KH0258,Xe đạp điện,4.4,Không hài lòng
CD00117,13/03/2025 12:17,13/03/2025 12:36,DN02,DN02,KH0250,Xe đạp điện,5.2,Hài lòng
CD00118,13/03/2025 14:37,13/03/2025 14:54,DN01,DN02,,Xe đạp,3.8,Hài lòng
CD00119,13/03/2025 15:11,13/03/2025 15:39,DN02,DN04,,xe đạp điện,6.9,Hài lòng
CD00120,13/03/2025 15:29,13/03/2025 16:20,HA02,HA02,,XE ĐẠP ĐIỆN,14.9,Hài lòng
CD00121,13/03/2025 15:36,13/03/2025 15:49,DN03,DN04,KH0446,Xe đạp,3.3,Hài lòng
CD00122,13/03/2025 16:29,13/03/2025 16:42,HA02,HA02,KH0077,Xe đạp,2.7,Hài lòng
CD00123,13/03/2025 17:29,,HA02,HA01,KH0294,Xe đạp,2.5,Bình thường
CD00124,13/03/2025 18:54,13/03/2025 19:30,DN03,DN01,,Xe dap dien,10.3,
CD00125,13/03/2025 19:41,13/03/2025 19:56,HA02,HA02,KH0339,Xe đạp điện,4.2,Hài lòng
CD00126,13/03/2025 20:57,13/03/2025 21:18,HA01,HA02,KH0137,Xe đạp điện,6.1,Hài lòng
CD00127,14/03/2025 07:05,14/03/2025 07:33,DN02,DN01,KH0186,Xe máy điện,11.1,Rất hài lòng
CD00128,14/03/2025 07:05,14/03/2025 07:33,DN03,DN03,KH0436,Xe đạp,6.4,Hài lòng
CD00129,14/03/2025 13:22,14/03/2025 14:31,HA01,HA01,,Xe đạp điện,21.3,Hài lòng
CD00130,14/03/2025 15:14,14/03/2025 15:29,DN01,DN02,KH0145,Xe đạp điện,3.2,Bình thường
CD00131,14/03/2025 15:34,14/03/2025 16:11,DN01,DN01,,Xe đạp,7.5,Bình thường
CD00132,14/03/2025 16:44,14/03/2025 17:14,DN03,DN01,,Xe đạp điện,7.2,
CD00133,14/03/2025 16:59,14/03/2025 18:14,HA01,HA02,KH0441,Xe máy điện,35.2,Bình thường
CD00134,14/03/2025 17:01,14/03/2025 17:40,HA01,HA01,,Xe máy điện,13.7,Rất hài lòng
CD00135,14/03/2025 17:21,14/03/2025 18:12,DN02,DN01,KH0223,Xe máy điện,17.3,Hài lòng
CD00136,14/03/2025 17:24,14/03/2025 18:03,HA02,HA01,KH0020,Xe đạp điện,10.0,
CD00137,14/03/2025 17:48,14/03/2025 17:59,DN01,DN01,KH0015,Xe đạp,2.0,Rất hài lòng
CD00138,14/03/2025 18:10,14/03/2025 18:38,DN02,DN04,KH0328,Xe đạp điện  ,6.3,Bình thường
CD00139,15/03/2025 06:09,15/03/2025 06:26,DN04,DN02,KH0265,Xe máy điện,5.3,Rất hài lòng
CD00140,15/03/2025 06:21,15/03/2025 06:58,DN01,DN03,KH0332,Xe máy điện,16.3,Hài lòng
CD00141,15/03/2025 06:24,15/03/2025 06:37,DN03,DN01,,Xe đạp điện,2.8,Hài lòng
CD00142,15/03/2025 06:38,15/03/2025 06:57,DN04,DN01,KH0004,Xe đạp điện,4.8,
CD00143,15/03/2025 06:52,15/03/2025 07:04,HA01,HA01,, Xe đạp,1.3,Rất hài lòng
CD00144,15/03/2025 07:00,15/03/2025 07:11,DN04,DN01,KH0126,Xe dap dien,2.9,Bình thường
CD00145,15/03/2025 07:30,15/03/2025 07:54,DN01,DN01,KH0030,Xe đạp điện,7.1,Rất hài lòng
CD00146,15/03/2025 07:55,15/03/2025 08:15,HA02,HA01,,Xe đạp,4.1,Hài lòng
CD00147,15/03/2025 09:17,15/03/2025 09:46,DN02,DN01,KH0432,Xe dap,4.6,Hài lòng
CD00148,15/03/2025 09:20,15/03/2025 09:33,DN03,DN01,KH0204,Xe đạp điện,2.8,
CD00149,15/03/2025 10:39,15/03/2025 11:04,DN01,DN03,KH0434,Xe đạp điện,7.8,Rất hài lòng
CD00150,15/03/2025 14:25,15/03/2025 15:49,HA01,HA01,KH0023,Xe máy điện,40.0,Hài lòng
CD00151,15/03/2025 17:38,15/03/2025 18:05,HA02,HA01,KH0098,Xe đạp,4.4,Rất hài lòng
CD00152,15/03/2025 17:54,15/03/2025 18:06,DN03,DN04,KH0101,Xe đạp,2.5,
CD00153,15/03/2025 18:49,15/03/2025 19:10,DN02,DN02,KH0098,Xe đạp,4.5,Hài lòng
CD00154,15/03/2025 19:56,15/03/2025 20:24,HA01,HA02,KH0198,Xe đạp,5.0,Hài lòng
CD00155,15/03/2025 20:30,15/03/2025 21:07,HA01,HA01,KH0418,Xe đạp điện,11.2,Rất hài lòng
CD00156,16/03/2025 07:10,16/03/2025 07:19,DN01,DN04,KH0376,Xe đạp,2.0,Bình thường
CD00157,16/03/2025 08:29,16/03/2025 08:44,HA01,HA01,KH0170,Xe đạp điện,5.0,Hài lòng
CD00158,16/03/2025 09:41,16/03/2025 10:25,HA01,HA02,KH0461,XE MÁY ĐIỆN,19.1,Hài lòng
CD00159,16/03/2025 13:26,16/03/2025 13:43,DN02,DN04,,XE MÁY ĐIỆN,6.2,Hài lòng
CD00160,16/03/2025 15:01,16/03/2025 15:13,DN04,DN04,,Xe dap,1.4,Hài lòng
CD00161,16/03/2025 16:03,16/03/2025 16:53,DN02,DN01,KH0383,XE MÁY ĐIỆN,25.0,Bình thường
CD00162,16/03/2025 16:26,16/03/2025 16:45,HA02,HA01,KH0356,Xe đạp,3.8,Bình thường
CD00163,16/03/2025 17:13,16/03/2025 17:40,HA01,HA02,KH0076,Xe dap,4.8,Bình thường
CD00164,16/03/2025 17:30,16/03/2025 17:44,DN04,DN02,KH0232,Xe đạp điện,3.4,
CD00165,16/03/2025 18:45,16/03/2025 19:09,HA01,HA01,KH0385,Xe đạp điện,,Bình thường
CD00166,16/03/2025 19:08,16/03/2025 19:32,DN04,DN01,KH0229,Xe đạp điện,5.1,Rất hài lòng
CD00167,16/03/2025 21:02,16/03/2025 21:22,HA01,HA01,KH0157,Xe đạp điện,,Hài lòng
CD00168,17/03/2025 08:12,17/03/2025 08:52,DN03,DN04,KH0529,Xe máy điện,14.4,
CD00169,17/03/2025 08:48,17/03/2025 09:11,DN03,DN01,,Xe đạp,3.3,Hài lòng
CD00170,17/03/2025 08:50,17/03/2025 09:08,DN02,DN02,KH0413,Xe đạp,3.9,Không hài lòng
CD00171,17/03/2025 11:14,17/03/2025 11:29,HA01,HA02,,Xe đạp,1.9,Bình thường
CD00172,17/03/2025 17:51,17/03/2025 18:09,DN02,DN03,KH0003,Xe máy điện,7.8,Hài lòng
CD00173,17/03/2025 17:51,17/03/2025 18:17,DN02,DN02,KH0440,XE ĐẠP,4.9,Không hài lòng
CD00174,17/03/2025 18:25,17/03/2025 18:42,HA02,HA01,,Xe đạp,3.2,
CD00175,18/03/2025 06:25,18/03/2025 07:26,HA01,HA02,,Xe đạp,12.5,Hài lòng
CD00176,18/03/2025 06:47,18/03/2025 07:06,DN02,DN02,KH0336,Xe đạp,3.1,Không hài lòng
CD00177,18/03/2025 06:57,18/03/2025 07:17,DN01,DN04,,Xe đạp,2.9,
CD00178,18/03/2025 06:57,18/03/2025 07:12,DN03,DN01,KH0212,Xe đạp điện,3.6,
CD00179,18/03/2025 07:28,18/03/2025 07:49,DN02,DN01,,xe đạp điện,7.0,Hài lòng
CD00180,18/03/2025 07:56,18/03/2025 08:07,DN03,DN01,,Xe đạp,1.7,Không hài lòng
CD00181,18/03/2025 12:30,18/03/2025 12:56,HA02,HA02,KH0367,Xe đạp,5.8,
CD00182,18/03/2025 14:21,18/03/2025 14:54,HA02,HA01,,Xe đạp điện  ,9.8,Hài lòng
CD00183,18/03/2025 14:36,18/03/2025 15:12,HA01,HA02,,Xe đạp,5.9,Hài lòng
CD00184,18/03/2025 15:04,18/03/2025 15:26,HA01,HA02,,Xe đạp,4.9,
CD00185,18/03/2025 17:21,18/03/2025 17:36,DN04,DN04,KH0222,Xe đạp,3.4,
CD00186,18/03/2025 17:40,18/03/2025 18:16,DN01,DN04,,Xe đạp,999.9,Bình thường
CD00187,18/03/2025 18:39,18/03/2025 18:52,DN03,DN03,,XE ĐẠP,2.4,
CD00188,19/03/2025 07:29,19/03/2025 07:36,HA01,HA01,,Xe dap,1.3,Hài lòng
CD00189,19/03/2025 07:55,19/03/2025 08:14,HA01,HA02,KH0381,Xe đạp điện,6.5,
CD00190,19/03/2025 12:33,19/03/2025 12:53,DN02,DN01,,Xe đạp điện,,Hài lòng
CD00191,19/03/2025 13:38,19/03/2025 13:48,DN02,DN02,KH0041,Xe máy điện,4.0,Rất hài lòng
CD00192,19/03/2025 15:13,19/03/2025 15:40,DN02,DN03,,Xe đạp điện,8.1,
CD00193,19/03/2025 18:30,19/03/2025 18:43,HA01,HA02,KH0195, Xe đạp,2.7,Bình thường
CD00194,19/03/2025 18:46,19/03/2025 19:16,DN02,DN04,,XE MÁY ĐIỆN,,Rất hài lòng
CD00195,19/03/2025 19:21,19/03/2025 19:37,DN02,DN01,KH0095,Xe đạp,2.6,Rất hài lòng
CD00196,19/03/2025 19:28,19/03/2025 19:38,HA02,HA01,KH0134,Xe đạp điện,2.1,Bình thường
CD00197,19/03/2025 21:22,19/03/2025 21:38,HA01,HA02,,xe đạp,3.4,Rất hài lòng
CD00198,20/03/2025 08:20,20/03/2025 09:17,HA01,HA01,KH0284,Xe đạp,10.0,Rất hài lòng
CD00199,20/03/2025 08:36,20/03/2025 08:46,HA02,HA01,KH0083,Xe đạp,2.3,Hài lòng
CD00200,20/03/2025 14:15,20/03/2025 14:49,DN02,DN02,,Xe dap dien,8.1,Hài lòng
CD00201,20/03/2025 15:31,20/03/2025 15:50,DN03,DN01,KH0153,Xe đạp,4.0,Rất hài lòng
CD00202,20/03/2025 16:56,20/03/2025 17:17,HA02,HA01,KH0449,XE ĐẠP ĐIỆN,5.8,Bình thường
CD00203,20/03/2025 17:23,20/03/2025 17:45,DN01,DN04,KH0269,Xe đạp điện,6.5,Bình thường
CD00204,21/03/2025 05:45,21/03/2025 06:11,DN03,DN04,,Xe đạp,6.0,Rất hài lòng
CD00205,21/03/2025 06:15,21/03/2025 06:39,DN02,DN01,,Xe đạp điện,7.1,Hài lòng
CD00205,21/03/2025 06:15,21/03/2025 06:39,DN02,DN01,,Xe đạp điện,7.1,Hài lòng
CD00206,21/03/2025 07:03,21/03/2025 07:21,DN01,DN03,KH0434,Xe đạp,3.4,Hài lòng
CD00207,21/03/2025 08:18,21/03/2025 08:58,DN01,DN01,,Xe may dien,17.6,
CD00208,21/03/2025 08:58,21/03/2025 09:21,DN03,DN01,,xe đạp,4.3,
CD00209,21/03/2025 09:53,21/03/2025 10:23,HA02,HA02,KH0256,Xe đạp,4.5,Hài lòng
CD00210,21/03/2025 10:16,21/03/2025 11:13,HA02,HA01,,Xe đạp điện,12.1,
CD00211,21/03/2025 12:04,21/03/2025 12:18,DN04,DN02,KH0426,Xe đạp điện,5.3,Rất hài lòng
CD00212,21/03/2025 16:47,21/03/2025 17:11,DN03,DN01,KH0424,Xe máy điện,7.0,Hài lòng
CD00213,21/03/2025 17:27,21/03/2025 18:00,HA02,HA02,KH0417,Xe đạp,5.6,Rất hài lòng
CD00214,21/03/2025 18:52,21/03/2025 18:58,DN02,DN01,KH0060,Xe đạp điện,1.5,Hài lòng
CD00215,21/03/2025 19:05,21/03/2025 19:20,DN01,DN03,KH0136,Xe đạp,3.1,Bình thường
CD00216,21/03/2025 20:50,21/03/2025 21:00,DN02,DN04,,Xe đạp,1.6,Hài lòng
CD00217,22/03/2025 09:41,22/03/2025 10:09,HA01,HA01,KH0130,XE ĐẠP,5.2,
CD00218,22/03/2025 09:59,22/03/2025 10:24,HA02,HA02,KH0074,Xe đạp,5.4,Bình thường
CD00219,22/03/2025 19:21,22/03/2025 19:42,HA01,HA02,KH0455,Xe đạp điện,5.2,Rất hài lòng
CD00220,23/03/2025 12:39,23/03/2025 12:54,DN01,DN03,KH0318,Xe đạp,2.8,Bình thường
CD00221,23/03/2025 12:47,23/03/2025 13:12,DN04,DN04,,Xe đạp điện,8.0,Rất hài lòng
CD00222,23/03/2025 16:10,23/03/2025 16:51,DN03,DN02,,Xe đạp điện,10.1,Hài lòng
CD00223,23/03/2025 16:20,23/03/2025 16:45,DN03,DN01,,Xe đạp điện,6.0,Bình thường
CD00224,23/03/2025 17:25,23/03/2025 18:32,DN02,DN02,KH0452,Xe máy điện,24.4,
CD00225,23/03/2025 17:35,23/03/2025 17:56,DN01,DN03,,Xe đạp điện,6.5,
CD00226,23/03/2025 18:41,23/03/2025 18:42,DN01,DN01,KH0102,Xe đạp,0.0,Hài lòng
CD00227,23/03/2025 19:28,23/03/2025 19:40,DN02,DN02,KH0097,Xe dap,2.2,Bình thường
CD00228,23/03/2025 20:11,23/03/2025 20:42,HA02,HA02,KH0042,Xe đạp,7.4,Hài lòng
CD00229,23/03/2025 21:39,23/03/2025 21:48,DN01,DN01,,Xe đạp điện  ,2.5,Hài lòng
CD00230,24/03/2025 06:02,24/03/2025 06:14,DN01,DN04,KH0411,XE ĐẠP,2.5,Hài lòng
CD00231,24/03/2025 09:27,24/03/2025 09:55,DN01,DN02,,xe đạp,4.2,Hài lòng
CD00232,24/03/2025 12:30,24/03/2025 12:48,DN02,DN02,KH0191,Xe đạp điện,4.9,Hài lòng
CD00233,24/03/2025 13:44,24/03/2025 14:30,HA02,HA02,,Xe đạp điện,9.1,Hài lòng
CD00234,24/03/2025 14:34,24/03/2025 14:53,DN04,DN03,KH0477,Xe đạp,4.2,Hài lòng
CD00235,24/03/2025 14:53,24/03/2025 15:18,DN01,DN03,, Xe đạp,4.4,
CD00236,24/03/2025 15:29,24/03/2025 15:43,DN02,DN03,,Xe đạp,2.8,Hài lòng
CD00237,24/03/2025 17:47,24/03/2025 18:09,HA01,HA01,KH0469,Xe đạp điện,7.2,
CD00238,24/03/2025 19:02,24/03/2025 19:34,DN02,DN02,KH0457,Xe đạp,5.4,
CD00239,24/03/2025 19:22,,DN02,DN02,KH0121,Xe đạp,2.6,Hài lòng
CD00240,24/03/2025 20:55,24/03/2025 21:16,DN03,DN02,,Xe đạp,3.3,Hài lòng
CD00241,24/03/2025 21:14,24/03/2025 23:08,HA01,HA02,,Xe máy điện,31.5,
CD00242,25/03/2025 06:07,25/03/2025 06:36,DN03,DN01,,XE ĐẠP,5.0,Rất hài lòng
CD00243,25/03/2025 07:07,25/03/2025 07:27,DN03,DN03,,Xe đạp điện,6.5,Hài lòng
CD00244,25/03/2025 11:28,25/03/2025 11:51,DN02,DN04,KH0401,Xe đạp điện  ,5.7,Rất hài lòng
CD00245,25/03/2025 14:26,25/03/2025 14:39,DN03,DN04,,Xe đạp,2.2,Hài lòng
CD00246,25/03/2025 16:47,25/03/2025 17:10,DN04,DN01,KH0464,Xe đạp,4.2,Hài lòng
CD00247,25/03/2025 17:05,25/03/2025 17:28,HA01,HA02,KH0514,Xe đạp điện,6.0,Rất hài lòng
CD00248,25/03/2025 17:43,25/03/2025 18:02,HA01,HA02,KH0250,Xe đạp điện,5.0,Hài lòng
CD00249,25/03/2025 18:53,25/03/2025 19:26,DN02,DN01,KH0150,Xe đạp điện,9.5,Hài lòng
CD00250,25/03/2025 19:01,25/03/2025 19:14,DN03,DN02,KH0253,Xe đạp điện,3.4,
CD00251,25/03/2025 20:44,25/03/2025 21:02,HA01,HA01,KH0090,Xe đạp,4.3,Bình thường
CD00252,26/03/2025 07:09,26/03/2025 07:16,DN03,DN04,,Xe đạp điện,2.5,
CD00253,26/03/2025 11:09,26/03/2025 11:37,DN02,DN01,,Xe đạp điện,6.8,Hài lòng
CD00254,26/03/2025 13:03,26/03/2025 13:27,DN03,DN02,KH0061,Xe đạp điện,9.3,Hài lòng
CD00255,26/03/2025 13:54,26/03/2025 14:23,DN03,DN04,KH0233,Xe đạp điện,9.5,Rất hài lòng
CD00256,26/03/2025 16:04,,HA01,HA01,KH0071,Xe đạp điện,7.2,Rất hài lòng
CD00257,27/03/2025 08:17,27/03/2025 08:33,HA02,HA01,KH0453,Xe đạp,3.6,Hài lòng
CD00258,27/03/2025 11:41,27/03/2025 11:54,HA01,HA01,KH0081,Xe đạp điện,4.2,Hài lòng
CD00259,27/03/2025 11:59,27/03/2025 14:19,HA01,HA01,,Xe máy điện,56.2,Rất hài lòng
CD00260,27/03/2025 12:10,27/03/2025 12:33,DN01,DN03,KH0020,Xe đạp điện,8.7,Rất hài lòng
CD00261,27/03/2025 13:36,27/03/2025 13:53,DN02,DN01,,Xe đạp điện,4.7,Bình thường
CD00262,27/03/2025 14:39,27/03/2025 15:08,HA01,HA01,KH0432,Xe đạp điện  ,5.0,Bình thường
CD00263,27/03/2025 16:19,27/03/2025 16:43,HA01,HA01,,Xe đạp điện,6.7,Hài lòng
CD00264,27/03/2025 18:04,27/03/2025 19:12,DN02,DN01,KH0198,Xe đạp điện,19.2,Hài lòng
CD00265,27/03/2025 18:30,27/03/2025 18:41,HA01,HA02,,Xe đạp điện,3.0,Bình thường
CD00266,28/03/2025 06:07,28/03/2025 07:06,DN04,DN04,,Xe máy điện,19.3,Hài lòng
CD00267,28/03/2025 06:23,28/03/2025 07:04,DN04,DN01,,Xe đạp điện,9.5,Hài lòng
CD00268,28/03/2025 08:36,28/03/2025 08:51,HA01,HA02,,xe đạp,,Hài lòng
CD00269,28/03/2025 11:07,28/03/2025 11:23,DN01,DN04,KH0393,Xe đạp,1.7,Hài lòng
CD00270,28/03/2025 13:46,28/03/2025 13:54,DN01,DN04,,Xe đạp,1.8,Hài lòng
CD00271,28/03/2025 14:08,28/03/2025 14:27,HA02,HA02,KH0525,Xe đạp,3.8,Bình thường
CD00272,28/03/2025 14:14,28/03/2025 14:42,HA01,HA02,,Xe đạp điện,8.0,Rất hài lòng
CD00273,28/03/2025 14:32,28/03/2025 14:55,DN03,DN02,KH0461,Xe đạp điện  ,5.9,Hài lòng
CD00274,28/03/2025 16:13,28/03/2025 16:32,DN01,DN01,KH0447,Xe dap,3.3,Không hài lòng
CD00275,28/03/2025 17:08,28/03/2025 17:25,DN02,DN01,KH0355,Xe đạp điện,5.7,
CD00276,28/03/2025 18:34,28/03/2025 19:19,DN03,DN02,KH0039,Xe máy điện,19.5,Không hài lòng
CD00277,29/03/2025 06:03,29/03/2025 06:26,DN03,DN02,KH0020,Xe đạp điện,4.8,Hài lòng
CD00278,29/03/2025 07:04,29/03/2025 07:48,DN02,DN01,,Xe máy điện,19.1,
CD00279,29/03/2025 09:34,29/03/2025 09:53,DN03,DN01,,Xe đạp điện,4.4,Hài lòng
CD00280,29/03/2025 14:10,29/03/2025 14:26,DN02,DN04,KH0065,Xe đạp điện,4.3,Rất hài lòng
CD00281,29/03/2025 16:15,29/03/2025 17:08,HA02,HA02,KH0290,Xe máy điện,24.3,Hài lòng
CD00282,29/03/2025 16:56,29/03/2025 17:04,DN04,DN04,KH0322,xe đạp,1.3,Bình thường
CD00283,29/03/2025 17:01,29/03/2025 17:24,HA02,HA02,KH0096,Xe đạp,4.0,
CD00284,29/03/2025 17:11,29/03/2025 17:21,DN03,DN02,,Xe đạp,2.1,Bình thường
CD00285,29/03/2025 17:35,29/03/2025 17:48,HA01,HA01,,Xe đạp,2.2,Rất hài lòng
CD00286,29/03/2025 17:40,29/03/2025 17:56,HA01,HA01,KH0151,XE ĐẠP,4.2,Rất hài lòng
CD00287,29/03/2025 17:59,29/03/2025 18:16,HA02,HA01,KH0399,Xe đạp điện,4.6,Bình thường
CD00288,29/03/2025 21:07,29/03/2025 21:50,DN07,DN04,KH0145,Xe đạp điện,8.1,
CD00288,29/03/2025 21:07,29/03/2025 21:50,DN07,DN04,KH0145,Xe đạp điện,8.1,
CD00289,29/03/2025 21:35,29/03/2025 21:47,DN04,DN01,KH0334,Xe đạp,2.3,Bình thường
CD00290,29/03/2025 21:45,29/03/2025 22:05,HA02,HA01,,Xe đạp điện,5.8,Bình thường
CD00291,30/03/2025 05:26,30/03/2025 05:42,DN02,DN03,KH0481,Xe máy điện,7.8,Hài lòng
CD00292,30/03/2025 06:10,30/03/2025 06:31,DN03,DN02,KH0497,Xe đạp điện,6.0,Rất hài lòng
CD00293,30/03/2025 06:41,30/03/2025 06:50,DN02,DN03,KH0448,XE ĐẠP,1.6,Hài lòng
CD00294,30/03/2025 07:32,30/03/2025 08:29,DN02,DN02,KH0155,Xe đạp điện,11.9,Hài lòng
CD00295,30/03/2025 08:02,30/03/2025 08:31,DN04,DN02,,XE ĐẠP,6.8,Không hài lòng
CD00296,30/03/2025 10:01,30/03/2025 10:43,HA01,HA02,KH0216,Xe đạp điện,14.0,Rất hài lòng
CD00297,30/03/2025 11:25,30/03/2025 11:31,DN01,DN02,KH0466,Xe đạp,1.0,Hài lòng
CD00298,30/03/2025 13:02,30/03/2025 13:30,DN02,DN02,KH0257,Xe đạp điện,9.9,
CD00299,30/03/2025 13:56,30/03/2025 14:29,DN07,DN02,KH0540,xe đạp điện,9.3,Hài lòng
CD00300,30/03/2025 14:06,30/03/2025 14:30,DN02,DN02,,xe đạp điện,5.5,Hài lòng
CD00301,30/03/2025 15:48,30/03/2025 16:01,DN04,DN01,,Xe đạp điện  ,3.3,Rất hài lòng
CD00302,30/03/2025 16:25,30/03/2025 16:48,DN02,DN03,KH0021,Xe đạp,4.2,
CD00303,30/03/2025 16:56,30/03/2025 17:25,DN04,DN02,,Xe máy điện,13.2,
CD00304,30/03/2025 17:07,30/03/2025 17:46,DN01,DN03,KH0436,Xe máy điện,17.3,
CD00305,30/03/2025 17:26,30/03/2025 17:49,HA02,HA01,KH0422,Xe đạp điện,4.3,Hài lòng
CD00306,30/03/2025 17:29,30/03/2025 17:50,DN03,DN03,,Xe đạp,3.5,Bình thường
CD00307,30/03/2025 18:17,30/03/2025 18:40,DN02,DN03,KH0132,Xe đạp điện,8.1,Bình thường
CD00308,30/03/2025 18:40,30/03/2025 18:53,DN01,DN03,KH0331,Xe đạp,2.7,Bình thường
CD00309,30/03/2025 19:10,30/03/2025 19:18,DN01,DN04,,Xe đạp,1.3,Bình thường
CD00310,31/03/2025 07:21,31/03/2025 07:40,DN01,DN02,,Xe đạp điện,6.7,Rất hài lòng
CD00311,31/03/2025 07:28,31/03/2025 07:47,HA02,HA01,KH0469,Xe dap dien,4.9,Hài lòng
CD00312,31/03/2025 07:58,31/03/2025 08:33,HA02,HA02,KH0145,Xe đạp điện,7.6,Hài lòng
CD00313,31/03/2025 10:04,31/03/2025 10:15,DN02,DN03,KH0099,Xe đạp,1.8,
CD00314,31/03/2025 16:04,31/03/2025 16:25,DN01,DN04,,Xe đạp điện,6.4,Bình thường
CD00315,31/03/2025 16:08,31/03/2025 16:28,HA01,HA01,,Xe đạp,4.9,
CD00316,31/03/2025 16:34,31/03/2025 16:48,DN03,DN03,,Xe dap dien,2.9,
CD00317,31/03/2025 16:52,31/03/2025 17:17,HA02,HA02,,Xe đạp điện,7.3,Bình thường
CD00318,31/03/2025 17:17,31/03/2025 17:34,DN02,DN04,KH0160,Xe đạp điện,6.0,Hài lòng
CD00319,31/03/2025 19:44,31/03/2025 19:55,DN04,DN01,,Xe đạp,2.3,Bình thường
CD00320,31/03/2025 21:56,31/03/2025 22:28,DN03,DN04,,Xe đạp,6.4,Hài lòng
CD00321,31/03/2025 22:17,31/03/2025 22:40,DN02,DN03,KH0416,Xe đạp,4.1,Hài lòng
CD00322,31/03/2025 22:20,31/03/2025 22:55,HA01,HA01,KH0085,Xe dap dien,10.1,Rất hài lòng
CD00323,01/04/2025 05:10,01/04/2025 05:35,HA02,HA01,KH0258,Xe đạp điện,5.3,Rất hài lòng
CD00324,01/04/2025 07:51,01/04/2025 08:17,DN02,DN02,KH0131,Xe đạp điện,7.9,Bình thường
CD00325,01/04/2025 08:21,01/04/2025 08:46,HA02,HA01,KH0359,Xe đạp điện  ,,
CD00326,01/04/2025 13:43,01/04/2025 14:05,DN01,DN03,KH0121,Xe máy điện,8.9,Bình thường
CD00327,01/04/2025 13:51,01/04/2025 14:02,DN03,DN04,,Xe đạp điện,2.5,Hài lòng
CD00328,01/04/2025 19:31,01/04/2025 20:42,HA01,HA02,KH0357, Xe máy điện,31.4,Hài lòng
CD00329,01/04/2025 20:00,01/04/2025 20:24,DN01,DN03,KH0183,Xe đạp điện,7.3,Bình thường
CD00330,02/04/2025 05:05,02/04/2025 05:19,DN01,DN04,,Xe đạp,3.2,Rất hài lòng
CD00331,02/04/2025 06:01,02/04/2025 06:16,DN02,DN02,KH0358,Xe đạp,3.4,Hài lòng
CD00332,02/04/2025 06:31,02/04/2025 06:48,DN04,DN01,KH0485,Xe dap dien,4.1,Rất hài lòng
CD00333,02/04/2025 06:54,02/04/2025 07:13,HA01,HA01,,XE MÁY ĐIỆN,6.8,Rất hài lòng
CD00334,02/04/2025 10:59,02/04/2025 11:12,DN01,DN03,KH0395,Xe đạp,3.1,
CD00335,02/04/2025 12:12,02/04/2025 12:17,DN01,DN03,KH0191,Xe đạp,1.3,Bình thường
CD00336,02/04/2025 13:12,02/04/2025 13:24,DN01,DN01,KH0255,Xe đạp,2.1,Hài lòng
CD00337,02/04/2025 18:02,02/04/2025 18:08,DN04,DN02,KH0246,Xe đạp,1.1,Bình thường
CD00338,02/04/2025 19:52,02/04/2025 21:41,DN01,DN02,KH0119,Xe máy điện,40.9,Không hài lòng
CD00339,02/04/2025 20:08,02/04/2025 20:59,DN01,DN02,,Xe đạp điện,12.2,Hài lòng
CD00340,02/04/2025 21:17,02/04/2025 21:52,DN03,DN02,KH0190,Xe đạp,6.5,Bình thường
CD00341,03/04/2025 05:15,03/04/2025 05:51,DN01,DN02,KH0221,Xe đạp điện  ,9.5,Hài lòng
CD00342,03/04/2025 06:11,03/04/2025 06:23,DN07,DN04,,Xe đạp,2.3,Bình thường
CD00343,03/04/2025 06:18,03/04/2025 06:31,DN01,DN01,,Xe đạp,2.0,Bình thường
CD00344,03/04/2025 06:56,03/04/2025 07:47,DN04,DN01,,Xe máy điện,18.0,Rất hài lòng
CD00345,03/04/2025 08:17,03/04/2025 08:32,DN01,DN02,KH0086,Xe đạp điện,5.1,Hài lòng
CD00346,03/04/2025 12:13,03/04/2025 12:41,HA01,HA01,KH0382,Xe đạp,3.1,Hài lòng
CD00347,03/04/2025 15:37,03/04/2025 16:14,HA02,HA01,KH0367,Xe đạp,7.1,Bình thường
CD00348,03/04/2025 15:43,03/04/2025 16:03,DN01,DN03,KH0389,Xe đạp,3.7,Bình thường
CD00349,03/04/2025 16:02,03/04/2025 16:18,DN03,DN02,,Xe đạp điện,4.5,Rất hài lòng
CD00350,03/04/2025 16:36,03/04/2025 16:54,DN04,DN01,KH0365,Xe đạp điện,6.0,Hài lòng
CD00351,03/04/2025 16:39,03/04/2025 16:57,DN02,DN04,KH0362,Xe đạp điện,5.0,
CD00352,03/04/2025 17:28,03/04/2025 18:18,DN02,DN02,KH0157,Xe máy điện,18.3,Bình thường
CD00353,03/04/2025 19:27,03/04/2025 20:20,DN01,DN02,KH0552,Xe đạp điện,17.7,Hài lòng
CD00354,03/04/2025 19:48,03/04/2025 20:06,DN02,DN04,,Xe đạp,2.7,
CD00355,03/04/2025 19:51,03/04/2025 20:35,HA01,HA01,,Xe đạp điện,10.6,Bình thường
CD00356,04/04/2025 05:01,04/04/2025 05:09,DN02,DN01,KH0326,Xe đạp,1.9,Bình thường
CD00357,04/04/2025 05:57,04/04/2025 06:24,DN02,DN02,,Xe máy điện,8.5,Rất hài lòng
CD00358,04/04/2025 06:03,04/04/2025 06:31,DN03,DN02,KH0381,Xe dap dien,9.0,Hài lòng
CD00359,04/04/2025 07:30,04/04/2025 08:04,HA02,HA02,KH0250,Xe đạp,8.7,Hài lòng
CD00360,04/04/2025 09:46,04/04/2025 09:57,DN02,DN04,,Xe đạp điện,2.2,
CD00361,04/04/2025 11:29,04/04/2025 11:38,DN02,DN03,,Xe đạp,1.4,Rất hài lòng
CD00362,04/04/2025 12:29,04/04/2025 12:45,HA01,HA02,KH0435,Xe đạp,2.9,
CD00363,04/04/2025 14:13,04/04/2025 15:00,DN03,DN04,KH0200,Xe đạp điện,15.0,Hài lòng
CD00364,04/04/2025 17:09,04/04/2025 17:44,HA01,HA02,KH0026,Xe đạp điện,8.7,Rất hài lòng
CD00365,04/04/2025 17:13,04/04/2025 17:28,DN01,DN02,,Xe đạp điện,2.9,
CD00366,04/04/2025 17:38,04/04/2025 17:43,DN01,DN02,,Xe đạp,1.0,Không hài lòng
CD00367,04/04/2025 17:48,04/04/2025 18:10,DN01,DN02,,xe đạp điện,7.4,Bình thường
CD00368,04/04/2025 18:46,04/04/2025 18:58,DN03,DN02,,Xe đạp,2.0,Hài lòng
CD00369,04/04/2025 19:32,04/04/2025 19:47,DN04,DN01,KH0044,XE ĐẠP ĐIỆN,4.5,Rất hài lòng
CD00370,05/04/2025 06:26,05/04/2025 06:44,DN04,DN02,KH0418,Xe đạp điện,5.2,Hài lòng
CD00371,05/04/2025 07:06,05/04/2025 07:22,DN01,DN02,,Xe đạp điện,4.8,
CD00372,05/04/2025 07:41,05/04/2025 07:53,DN01,DN03,KH0162,Xe đạp,1.8,Hài lòng
CD00373,05/04/2025 14:30,05/04/2025 14:55,DN04,DN04,KH0041,Xe đạp,5.6,
CD00374,05/04/2025 15:43,05/04/2025 16:19,HA02,HA02,KH0122,Xe máy điện,14.4,
CD00375,05/04/2025 16:41,05/04/2025 17:17,DN01,DN02,KH0150,Xe đạp điện,7.3,Bình thường
CD00376,05/04/2025 16:45,05/04/2025 17:04,HA01,HA01,,Xe đạp,2.1,Hài lòng
CD00377,05/04/2025 16:49,05/04/2025 17:37,HA01,HA01,KH0039,Xe máy điện,15.6,Rất hài lòng
CD00378,05/04/2025 17:04,05/04/2025 17:17,HA02,HA01,,Xe đạp,3.7,Rất hài lòng
CD00379,05/04/2025 17:23,05/04/2025 17:42,HA01,HA01,KH0494,XE ĐẠP ĐIỆN,5.2,
CD00380,05/04/2025 19:37,05/04/2025 19:55,HA02,HA01,KH0424,Xe đạp điện,4.2,
CD00381,05/04/2025 20:00,05/04/2025 20:17,DN02,DN01,KH0436,Xe đạp,3.3,
CD00382,05/04/2025 20:11,05/04/2025 20:38,DN03,DN04,KH0422,Xe đạp điện,7.3,Hài lòng
CD00383,05/04/2025 20:14,05/04/2025 20:50,DN03,DN02,KH0338,Xe đạp,8.5,Hài lòng
CD00384,05/04/2025 20:14,05/04/2025 20:39,HA01,HA01,KH0425,Xe máy điện,8.1,Rất hài lòng
CD00385,05/04/2025 20:18,05/04/2025 20:36,DN02,DN03,KH0153,Xe đạp,3.2,
CD00386,05/04/2025 20:35,05/04/2025 21:48,DN01,DN03,KH0278,Xe đạp điện,23.2,Hài lòng
CD00387,05/04/2025 20:45,05/04/2025 21:05,HA02,HA01,KH0368,Xe đạp điện,5.1,
CD00388,06/04/2025 05:42,06/04/2025 06:18,DN04,DN02,KH0405,Xe đạp điện,9.0,
CD00389,06/04/2025 06:00,06/04/2025 06:53,DN01,DN01,,Xe đạp điện,14.6,Rất hài lòng
CD00390,06/04/2025 07:35,06/04/2025 07:59,HA02,HA02,,Xe đạp,4.6,Bình thường
CD00391,06/04/2025 07:36,06/04/2025 07:52,DN03,DN03,KH0009,xe đạp,1.9,Hài lòng
CD00392,06/04/2025 08:05,06/04/2025 08:20,DN04,DN01,,Xe đạp điện,3.7,Hài lòng
CD00393,06/04/2025 10:56,06/04/2025 11:20,DN03,DN04,,Xe đạp,3.5,Không hài lòng
CD00394,06/04/2025 11:32,06/04/2025 11:42,DN01,DN03,,Xe đạp,2.0,Rất hài lòng
CD00395,06/04/2025 13:23,06/04/2025 13:31,DN04,DN02,KH0143,Xe đạp điện,2.2,
CD00396,06/04/2025 14:05,06/04/2025 14:44,HA01,HA01,,Xe máy điện,15.2,Hài lòng
CD00397,06/04/2025 15:08,06/04/2025 15:25,HA02,HA01,,Xe đạp,4.3,Hài lòng
CD00398,06/04/2025 15:35,06/04/2025 16:21,DN01,DN02,,Xe máy điện,19.1,Hài lòng
CD00399,06/04/2025 15:44,06/04/2025 15:58,HA01,HA01,KH0156,Xe đạp,2.4,
CD00400,06/04/2025 16:56,06/04/2025 17:10,DN01,DN02,,Xe đạp,2.2,
CD00401,06/04/2025 17:08,06/04/2025 17:22,HA01,HA01,KH0474,Xe đạp,2.7,Hài lòng
CD00402,06/04/2025 17:49,06/04/2025 18:18,HA02,HA01,KH0425,Xe đạp điện,8.6,Rất hài lòng
CD00403,06/04/2025 17:58,06/04/2025 18:14,DN01,DN01,KH0119,XE ĐẠP,2.9,Bình thường
CD00404,06/04/2025 18:32,06/04/2025 19:26,HA02,HA01,KH0378,Xe may dien,22.5,Rất hài lòng
CD00405,06/04/2025 19:31,06/04/2025 20:15,DN03,DN01,,Xe đạp điện,14.2,Bình thường
CD00406,06/04/2025 21:14,06/04/2025 21:41,HA02,HA02,KH0060,Xe đạp,3.4,Không hài lòng
CD00407,07/04/2025 07:29,07/04/2025 08:05,DN01,DN02,KH0421,Xe đạp điện,8.4,Bình thường
CD00408,07/04/2025 09:07,07/04/2025 09:40,HA01,HA01,KH0106,Xe đạp điện,8.5,Rất hài lòng
CD00409,07/04/2025 09:25,07/04/2025 09:42,HA01,HA01,KH0286,xe đạp,3.0,Không hài lòng
CD00410,07/04/2025 10:02,07/04/2025 10:53,DN01,DN01,KH0249,xe đạp điện,13.9,Rất hài lòng
CD00411,07/04/2025 11:01,07/04/2025 11:22,DN04,DN01,KH0219,Xe đạp điện,5.1,Hài lòng
CD00412,07/04/2025 14:18,07/04/2025 14:24,DN01,DN02,, Xe đạp,1.2,Hài lòng
CD00413,07/04/2025 14:35,07/04/2025 14:53,DN04,DN03,KH0199,Xe đạp điện,3.8,Bình thường
CD00414,07/04/2025 15:17,07/04/2025 16:09,DN03,DN02,,Xe đạp điện,20.4,Không hài lòng
CD00415,07/04/2025 16:52,07/04/2025 17:15,DN01,DN02,,Xe đạp điện,5.2,Bình thường
CD00416,07/04/2025 17:37,07/04/2025 18:04,DN03,DN02,KH0265,Xe máy điện,9.2,Bình thường
CD00417,07/04/2025 18:42,07/04/2025 18:52,DN01,DN02,KH0018,xe đạp,1.0,
CD00418,07/04/2025 19:10,07/04/2025 19:22,HA01,HA02,KH0421,Xe đạp điện,3.9,Hài lòng
CD00419,07/04/2025 19:58,07/04/2025 20:41,HA01,HA01,,Xe đạp điện,9.5,Hài lòng
CD00420,07/04/2025 21:01,07/04/2025 22:20,DN01,DN04,KH0333,Xe dap dien,21.6,Hài lòng
CD00421,08/04/2025 06:59,08/04/2025 08:08,HA02,HA01,,Xe máy điện,23.7,
CD00422,08/04/2025 07:25,08/04/2025 07:42,HA02,HA01,KH0082,Xe đạp,2.2,Hài lòng
CD00423,08/04/2025 08:24,08/04/2025 08:44,HA02,HA02,KH0180,Xe đạp điện,5.9,Hài lòng
CD00424,08/04/2025 09:35,08/04/2025 09:49,DN02,DN02,KH0097,XE ĐẠP,2.3,Hài lòng
CD00425,08/04/2025 10:36,08/04/2025 11:06,DN02,DN01,KH0333,Xe máy điện,10.8,Rất hài lòng
CD00426,08/04/2025 12:49,08/04/2025 13:12,HA02,HA01,KH0436,Xe dap dien,4.4,Hài lòng
CD00427,08/04/2025 14:25,08/04/2025 14:33,DN01,DN01,KH0142,Xe đạp,1.9,Rất hài lòng
CD00428,08/04/2025 15:14,08/04/2025 15:31,HA02,HA01,KH0405,Xe đạp điện,4.0,Hài lòng
CD00429,08/04/2025 16:06,08/04/2025 16:33,DN01,DN01,,Xe máy điện,8.9,Hài lòng
CD00430,08/04/2025 16:19,08/04/2025 16:50,DN02,DN01,KH0046,Xe đạp,7.1,Bình thường
CD00431,08/04/2025 16:26,08/04/2025 16:37,DN02,DN02,KH0130,Xe đạp,2.1,Bình thường
CD00432,08/04/2025 17:47,08/04/2025 18:30,DN01,DN03,,Xe máy điện,19.1,Rất hài lòng
CD00433,08/04/2025 19:26,08/04/2025 20:04,HA01,HA01,KH0122,Xe đạp điện  ,8.9,
CD00434,09/04/2025 06:43,09/04/2025 06:55,DN02,DN01,KH0305,Xe đạp,2.6,Bình thường
CD00435,09/04/2025 13:03,09/04/2025 13:24,DN01,DN01,KH0292,Xe đạp điện  ,4.6,Không hài lòng
CD00436,09/04/2025 16:21,09/04/2025 16:34,DN03,DN04,KH0241,Xe đạp,2.2,Bình thường
CD00437,09/04/2025 16:35,09/04/2025 17:02,DN04,DN03,,xe đạp điện,6.9,Rất hài lòng
CD00438,09/04/2025 16:59,09/04/2025 17:24,DN02,DN01,,Xe đạp điện,4.6,Bình thường
CD00439,09/04/2025 17:24,09/04/2025 17:39,DN04,DN01,KH0118,Xe máy điện,7.2,Hài lòng
CD00440,09/04/2025 18:12,09/04/2025 18:42,HA01,HA02,,Xe đạp,5.1,
CD00440,09/04/2025 18:12,09/04/2025 18:42,HA01,HA02,,Xe đạp,5.1,
CD00441,10/04/2025 05:23,10/04/2025 05:35,DN01,DN02,KH0278,Xe đạp điện,3.6,
CD00442,10/04/2025 06:06,10/04/2025 06:48,DN01,DN03,KH0265,XE MÁY ĐIỆN,14.0,Hài lòng
CD00443,10/04/2025 06:51,10/04/2025 07:15,HA01,HA01,,Xe đạp điện,7.4,Bình thường
CD00444,10/04/2025 07:03,10/04/2025 07:49,HA01,HA02,KH0083,Xe đạp điện,11.5,Hài lòng
CD00445,10/04/2025 13:21,10/04/2025 13:37,DN01,DN02,KH0438,Xe đạp,1.6,Không hài lòng
CD00446,10/04/2025 17:31,10/04/2025 17:40,DN01,DN03,,Xe máy điện,2.8,Hài lòng
CD00447,10/04/2025 21:03,10/04/2025 21:10,DN02,DN03,KH0313,Xe đạp,1.6,Hài lòng
CD00448,11/04/2025 07:12,11/04/2025 08:00,HA01,HA01,,XE MÁY ĐIỆN,20.9,Bình thường
CD00449,11/04/2025 08:18,11/04/2025 08:39,DN02,DN02,KH0259,Xe đạp điện,5.3,Rất hài lòng
CD00450,11/04/2025 08:34,11/04/2025 09:06,HA02,HA01,,Xe đạp điện,,Hài lòng
CD00451,11/04/2025 08:57,11/04/2025 09:25,HA02,HA01,,Xe đạp điện,7.2,Bình thường
CD00452,11/04/2025 09:49,11/04/2025 10:00,DN02,DN04,KH0327,Xe đạp,3.0,Bình thường
CD00453,11/04/2025 13:16,11/04/2025 13:40,DN01,DN04,KH0290,Xe đạp điện,6.5,Hài lòng
CD00454,11/04/2025 13:40,11/04/2025 14:16,DN02,DN04,KH0115,Xe máy điện,12.3,Hài lòng
CD00455,11/04/2025 14:31,11/04/2025 14:49,HA01,HA01,KH0321,Xe đạp,2.3,Bình thường
CD00456,11/04/2025 14:42,11/04/2025 15:00,DN01,DN04,KH0224,Xe đạp điện,5.0,
CD00457,11/04/2025 17:48,11/04/2025 18:11,DN03,DN01,KH0244,Xe đạp,3.9,
CD00458,11/04/2025 18:13,11/04/2025 18:28,DN01,DN03,, Xe đạp,3.0,Không hài lòng
CD00459,11/04/2025 19:07,11/04/2025 19:26,DN03,DN02,,Xe đạp,3.3,
CD00460,11/04/2025 20:55,11/04/2025 21:11,DN03,DN01,,Xe đạp,2.1,Hài lòng
CD00461,11/04/2025 21:41,11/04/2025 22:17,DN01,DN04,,Xe đạp điện,8.7,Bình thường
CD00462,11/04/2025 22:08,11/04/2025 22:40,HA01,HA02,KH0432,Xe đạp điện,6.8,Bình thường
CD00463,12/04/2025 05:24,12/04/2025 05:50,DN01,DN02,KH0312,xe đạp,5.1,Hài lòng
CD00464,12/04/2025 06:18,12/04/2025 06:46,HA01,HA02,,Xe đạp điện  ,9.4,Bình thường
CD00465,12/04/2025 06:28,12/04/2025 06:46,DN03,DN03,KH0164,Xe đạp,3.7,Bình thường
CD00466,12/04/2025 06:39,12/04/2025 06:53,DN02,DN02,,Xe đạp,2.7,Hài lòng
CD00467,12/04/2025 06:55,12/04/2025 07:10,DN01,DN02,KH0397, Xe đạp,3.4,Hài lòng
CD00468,12/04/2025 07:54,12/04/2025 08:22,HA02,HA01,,Xe dap,6.9,Hài lòng
CD00469,12/04/2025 08:28,12/04/2025 09:08,HA02,HA02,KH0181,Xe đạp,8.2,Rất hài lòng
CD00470,12/04/2025 08:41,12/04/2025 08:47,DN01,DN01,KH0222,Xe dap,0.9,Rất hài lòng
CD00471,12/04/2025 10:17,12/04/2025 10:49,DN01,DN03,KH0490,Xe máy điện,14.4,Rất hài lòng
CD00472,12/04/2025 15:09,12/04/2025 15:31,HA02,HA01,KH0072,XE MÁY ĐIỆN,8.7,Rất hài lòng
CD00473,12/04/2025 17:36,12/04/2025 18:15,DN01,DN02,,Xe máy điện,13.3,
CD00474,12/04/2025 17:47,12/04/2025 17:52,DN02,DN01,KH0484,Xe đạp,1.0,Bình thường
CD00475,12/04/2025 18:02,12/04/2025 18:43,HA01,HA01,KH0216,Xe đạp điện,10.3,Rất hài lòng
CD00476,12/04/2025 19:19,12/04/2025 20:13,DN02,DN02,KH0067,Xe đạp điện,13.5,Hài lòng
CD00477,12/04/2025 19:21,12/04/2025 19:39,DN01,DN03,KH0195,Xe đạp,3.7,Hài lòng
CD00478,12/04/2025 19:30,12/04/2025 20:06,HA02,HA01,KH0286,Xe máy điện,13.7,Hài lòng
CD00479,12/04/2025 20:43,12/04/2025 20:58,DN02,DN01,KH0421,Xe đạp,2.5,Hài lòng
CD00480,13/04/2025 07:03,13/04/2025 07:08,DN02,DN02,KH0059,Xe đạp,0.6,Bình thường
CD00481,13/04/2025 07:11,13/04/2025 07:34,DN02,DN04,KH0059,Xe đạp điện,6.5,Hài lòng
CD00481,13/04/2025 07:11,13/04/2025 07:34,DN02,DN04,KH0059,Xe đạp điện,6.5,Hài lòng
CD00482,13/04/2025 07:33,13/04/2025 07:54,HA01,HA01,,Xe đạp,4.2,Bình thường
CD00483,13/04/2025 08:07,13/04/2025 08:29,HA01,HA02,KH0171, Xe đạp,4.5,Hài lòng
CD00484,13/04/2025 08:13,13/04/2025 08:36,HA01,HA01,KH0345,Xe đạp điện,8.2,Hài lòng
CD00485,13/04/2025 10:09,13/04/2025 10:37,DN01,DN01,,Xe đạp,5.2,Hài lòng
CD00486,13/04/2025 12:35,13/04/2025 12:59,DN03,DN01,KH0441,Xe đạp điện  ,5.2,Bình thường
CD00487,13/04/2025 12:52,,HA01,HA02,KH0244,Xe đạp điện,6.0,Hài lòng
CD00488,13/04/2025 16:32,13/04/2025 16:37,HA01,HA02,KH0149,Xe đạp,1.1,Hài lòng
CD00489,13/04/2025 16:35,13/04/2025 16:50,HA01,HA01,KH0368,Xe đạp điện,3.5,Bình thường
CD00490,13/04/2025 17:06,13/04/2025 17:20,DN01,DN02,KH0371,Xe đạp,2.0,Hài lòng
CD00491,13/04/2025 17:12,13/04/2025 17:17,HA01,HA01,KH0230,Xe đạp,0.9,Hài lòng
CD00492,13/04/2025 17:38,13/04/2025 18:00,DN01,DN01,KH0506,Xe đạp,4.4,Bình thường
CD00493,13/04/2025 21:59,13/04/2025 22:20,DN01,DN01,,Xe máy điện,6.3,Hài lòng
CD00494,14/04/2025 11:09,14/04/2025 11:45,DN03,DN04,KH0424,Xe máy điện,14.4,Rất hài lòng
CD00495,14/04/2025 15:58,14/04/2025 16:20,DN03,DN02,KH0104,Xe đạp,3.1,Rất hài lòng
CD00496,14/04/2025 16:20,14/04/2025 17:11,DN03,DN02,,Xe đạp điện,6.5,Hài lòng
CD00497,14/04/2025 17:49,14/04/2025 18:02,DN04,DN03,KH0445,Xe đạp điện,3.7,Hài lòng
CD00498,14/04/2025 17:55,14/04/2025 18:12,HA01,HA02,KH0096,Xe đạp,3.8,Hài lòng
CD00499,14/04/2025 18:42,14/04/2025 19:37,DN02,DN01,KH0022,Xe máy điện,25.2,
CD00500,14/04/2025 19:46,14/04/2025 20:13,DN02,DN01,KH0081,Xe máy điện,8.2,Rất hài lòng
CD00501,14/04/2025 19:46,14/04/2025 20:16,DN03,DN02,KH0045,Xe đạp điện,7.0,Bình thường
CD00502,15/04/2025 06:06,15/04/2025 06:47,DN07,HA01,KH0323,Xe đạp,8.5,
CD00503,15/04/2025 06:44,15/04/2025 07:00,DN02,DN03,KH0201,Xe đạp,3.3,Hài lòng
CD00504,15/04/2025 13:20,15/04/2025 13:50,HA01,HA01,,Xe đạp,6.6,
CD00505,15/04/2025 14:52,15/04/2025 15:17,HA01,HA01,KH0147, Xe đạp,3.2,Hài lòng
CD00506,15/04/2025 16:01,15/04/2025 16:31,DN02,DN03,KH0125,Xe đạp điện,11.0,Hài lòng
CD00507,15/04/2025 17:48,15/04/2025 18:03,HA01,HA02,,Xe đạp điện,3.0,Hài lòng
CD00508,15/04/2025 20:50,15/04/2025 21:25,DN01,DN03,KH0403,Xe đạp điện,11.0,Hài lòng
CD00509,15/04/2025 21:31,15/04/2025 22:10,DN07,HA02,,Xe máy điện,15.1,Rất hài lòng
CD00510,16/04/2025 06:05,16/04/2025 06:24,HA01,HA01,KH0180,Xe đạp điện,4.7,Hài lòng
CD00511,16/04/2025 09:45,16/04/2025 10:00,HA01,HA02,,Xe đạp điện,3.4,
CD00512,16/04/2025 12:50,16/04/2025 13:06,DN02,DN03,,Xe máy điện,6.0,Hài lòng
CD00513,16/04/2025 13:46,16/04/2025 14:07,DN01,DN02,,Xe đạp,5.3,Hài lòng
CD00514,16/04/2025 14:47,16/04/2025 15:12,DN01,DN01,KH0394,XE ĐẠP,5.3,Bình thường
CD00515,16/04/2025 15:57,16/04/2025 16:11,DN03,DN02,KH0288,Xe dap dien,3.6,Hài lòng
CD00516,16/04/2025 18:13,16/04/2025 19:09,HA01,HA01,KH0304,Xe đạp,,Không hài lòng
CD00517,16/04/2025 20:55,16/04/2025 21:30,HA01,HA02,KH0323,Xe đạp điện,8.7,Rất hài lòng
CD00518,17/04/2025 06:54,17/04/2025 07:26,DN02,DN03,,Xe đạp điện,6.7,
CD00519,17/04/2025 07:26,17/04/2025 07:34,DN04,DN03,,Xe đạp,1.4,Hài lòng
CD00520,17/04/2025 07:31,17/04/2025 08:20,DN03,DN01,,Xe đạp,5.7,
CD00521,17/04/2025 07:37,17/04/2025 07:46,HA01,HA02,KH0230,Xe đạp,1.7,Bình thường
CD00522,17/04/2025 07:56,17/04/2025 08:18,HA02,HA02,,Xe dap,2.7,Bình thường
CD00523,17/04/2025 08:21,17/04/2025 09:22,DN03,DN02,KH0261,Xe máy điện,125.4,Hài lòng
CD00524,17/04/2025 08:28,17/04/2025 08:38,DN03,DN02,KH0448, Xe đạp,1.8,Bình thường
CD00525,17/04/2025 13:45,17/04/2025 14:02,DN03,DN04,KH0256,xe đạp điện,4.4,Hài lòng
CD00526,17/04/2025 16:30,17/04/2025 17:13,HA02,HA02,,Xe đạp,9.1,Rất hài lòng
CD00527,17/04/2025 16:30,17/04/2025 16:57,DN03,DN01,KH0068,Xe máy điện,11.2,
CD00528,17/04/2025 17:07,17/04/2025 17:33,HA02,HA01,,Xe dap,4.6,Hài lòng
CD00529,17/04/2025 18:05,17/04/2025 18:35,HA01,HA02,,Xe đạp,6.7,
CD00530,17/04/2025 21:13,17/04/2025 21:31,HA02,HA02,,Xe đạp,3.0,Hài lòng
CD00531,18/04/2025 06:07,18/04/2025 06:57,DN02,DN02,,Xe máy điện,22.7,Rất hài lòng
CD00532,18/04/2025 06:18,18/04/2025 07:06,DN03,DN03,KH0542,Xe đạp,11.8,
CD00533,18/04/2025 07:57,18/04/2025 09:20,HA01,HA02,KH0238,Xe đạp điện,15.0,Hài lòng
CD00534,18/04/2025 07:57,18/04/2025 08:13,HA01,HA01,KH0157,Xe đạp điện,4.3,Hài lòng
CD00535,18/04/2025 08:43,18/04/2025 08:50,HA01,HA01,KH0435,XE ĐẠP,1.4,Bình thường
CD00536,18/04/2025 14:09,18/04/2025 14:27,DN02,DN01,,Xe đạp,4.4,
CD00537,18/04/2025 14:52,,HA02,HA02,KH0059,Xe đạp,4.5,Hài lòng
CD00538,18/04/2025 16:03,18/04/2025 16:17,DN02,DN02,KH0469,Xe đạp,2.3,Hài lòng
CD00539,18/04/2025 18:29,18/04/2025 19:04,HA02,HA02,KH0285,Xe máy điện,14.0,Rất hài lòng
CD00540,18/04/2025 19:04,18/04/2025 19:17,DN01,DN03,KH0201,Xe đạp điện,,Không hài lòng
CD00541,18/04/2025 20:43,18/04/2025 20:53,DN01,DN02,,Xe đạp,1.9,
CD00542,19/04/2025 06:38,19/04/2025 07:03,DN03,DN02,KH0064,XE ĐẠP,4.2,
CD00543,19/04/2025 07:39,19/04/2025 07:49,DN03,DN02,KH0193,Xe đạp điện,2.9,Bình thường
CD00544,19/04/2025 07:57,19/04/2025 08:22,DN03,DN01,KH0007,Xe đạp điện,6.9,Bình thường
CD00545,19/04/2025 08:40,19/04/2025 08:51,DN03,DN03,,XE ĐẠP,2.5,Rất hài lòng
CD00546,19/04/2025 09:45,19/04/2025 10:07,HA02,HA02,,Xe đạp điện,5.5,Bình thường
CD00547,19/04/2025 11:02,19/04/2025 11:20,HA01,HA01,,Xe đạp điện,3.7,Rất hài lòng
CD00548,19/04/2025 11:11,19/04/2025 11:36,DN02,DN03,KH0047,Xe đạp điện,4.9,Hài lòng
CD00549,19/04/2025 11:12,19/04/2025 11:30,DN01,DN01,KH0126,Xe đạp,3.9,Hài lòng
CD00550,19/04/2025 14:23,19/04/2025 14:40,DN03,DN02,KH0130,Xe đạp điện,3.6,Không hài lòng
CD00550,19/04/2025 14:23,19/04/2025 14:40,DN03,DN02,KH0130,Xe đạp điện,3.6,Không hài lòng
CD00551,19/04/2025 14:44,19/04/2025 15:18,HA02,HA02,KH0223,Xe đạp điện,7.9,Rất hài lòng
CD00552,19/04/2025 14:55,19/04/2025 15:23,DN03,DN01,, Xe đạp,4.4,
CD00553,19/04/2025 15:13,19/04/2025 15:24,DN02,DN04,,Xe đạp,1.9,Hài lòng
CD00554,19/04/2025 15:58,19/04/2025 16:23,DN04,DN03,,Xe đạp điện  ,6.9,Rất hài lòng
CD00555,19/04/2025 17:44,19/04/2025 18:57,DN01,DN01,KH0432,Xe may dien,20.5,Bình thường
CD00556,19/04/2025 18:15,19/04/2025 20:04,HA02,HA02,,Xe đạp,17.6,Bình thường
CD00557,19/04/2025 18:20,19/04/2025 19:06,HA01,HA01,KH0387,Xe đạp điện  ,14.6,Hài lòng
CD00558,19/04/2025 18:27,19/04/2025 18:35,DN01,DN04,,Xe đạp,1.3,
CD00559,19/04/2025 18:41,19/04/2025 19:04,DN02,DN02,KH0235,Xe đạp,,Rất không hài lòng
CD00560,19/04/2025 19:04,19/04/2025 19:28,DN01,DN02,KH0307,Xe dap,4.0,
CD00561,19/04/2025 19:09,19/04/2025 19:58,DN02,DN04,KH0124,Xe may dien,16.4,Hài lòng
CD00562,19/04/2025 20:08,19/04/2025 20:21,DN01,DN01,KH0382,Xe đạp,2.6,Hài lòng
CD00563,19/04/2025 21:00,19/04/2025 21:28,HA02,HA01,KH0543,Xe đạp điện,8.7,
CD00564,19/04/2025 22:19,19/04/2025 22:29,HA02,HA01,,xe đạp điện,3.4,Hài lòng
CD00565,19/04/2025 22:43,19/04/2025 23:01,HA02,HA02,,Xe đạp,4.0,Bình thường
CD00566,20/04/2025 05:23,20/04/2025 05:52,HA02,HA01,KH0123,Xe đạp,5.2,
CD00567,20/04/2025 06:48,20/04/2025 07:09,DN01,DN03,KH0086,Xe đạp điện,6.0,
CD00568,20/04/2025 07:45,20/04/2025 08:01,HA01,HA02,KH0341,Xe đạp,2.9,Rất hài lòng
CD00569,20/04/2025 08:45,20/04/2025 08:57,HA01,HA02,KH0268,Xe đạp,2.7,Hài lòng
CD00570,20/04/2025 09:09,20/04/2025 09:41,DN02,DN02,KH0119,Xe đạp điện,8.7,Hài lòng
CD00571,20/04/2025 09:15,20/04/2025 09:57,DN04,DN03,,Xe đạp điện,9.5,Bình thường
CD00572,20/04/2025 11:41,20/04/2025 11:47,DN01,DN01,,Xe đạp,1.1,Hài lòng
CD00573,20/04/2025 12:47,20/04/2025 13:22,DN02,DN02,,Xe máy điện,7.9,Rất hài lòng
CD00574,20/04/2025 16:43,20/04/2025 16:52,HA02,HA01,KH0243,Xe đạp,1.8,Rất hài lòng
CD00575,20/04/2025 16:58,20/04/2025 17:06,DN01,DN01,KH0362,Xe đạp,1.2,Hài lòng
CD00576,20/04/2025 17:59,20/04/2025 18:13,DN01,DN02,,Xe đạp,2.1,Không hài lòng
CD00577,20/04/2025 18:15,20/04/2025 18:20,DN02,DN01,KH0313,Xe đạp,1.1,Bình thường
CD00578,20/04/2025 18:53,20/04/2025 19:40,DN03,DN02,,Xe đạp,11.9,Hài lòng
CD00579,20/04/2025 19:07,20/04/2025 19:55,HA01,HA01,,Xe đạp điện,11.0,Rất hài lòng
CD00580,20/04/2025 19:37,20/04/2025 19:49,DN01,DN03,KH0245,Xe đạp điện,3.0,Bình thường
CD00581,20/04/2025 21:05,20/04/2025 21:14,DN01,DN01,KH0548,Xe đạp,1.5,Rất hài lòng
CD00582,21/04/2025 05:00,21/04/2025 05:24,HA02,HA01,,Xe dap,3.6,Bình thường
CD00583,21/04/2025 05:40,21/04/2025 06:04,HA01,HA01,,XE ĐẠP ĐIỆN,6.3,Hài lòng
CD00584,21/04/2025 05:55,21/04/2025 06:12,DN01,DN02,KH0522,Xe đạp điện,5.1,
CD00585,21/04/2025 06:36,21/04/2025 06:44,DN04,DN01,KH0036,Xe đạp,1.1,
CD00586,21/04/2025 07:29,21/04/2025 07:38,DN01,DN01,,Xe đạp,1.3,Rất hài lòng
CD00587,21/04/2025 08:22,21/04/2025 08:33,HA01,HA01,KH0316,Xe đạp,2.3,Rất hài lòng
CD00588,21/04/2025 08:54,21/04/2025 09:13,DN02,DN04,KH0116,Xe đạp điện,3.8,Không hài lòng
CD00589,21/04/2025 10:57,21/04/2025 11:34,HA02,HA01,KH0470,Xe đạp,,Hài lòng
CD00590,21/04/2025 15:17,21/04/2025 16:06,HA01,HA01,,XE ĐẠP ĐIỆN,14.4,Rất hài lòng
CD00591,21/04/2025 15:25,21/04/2025 15:43,HA01,HA01,KH0130,Xe dap,3.5,Bình thường
CD00592,21/04/2025 16:17,21/04/2025 16:29,DN01,DN04,KH0174,Xe đạp điện,2.8,Hài lòng
CD00593,21/04/2025 17:20,21/04/2025 19:15,HA02,HA01,,Xe máy điện,51.3,Hài lòng
CD00594,21/04/2025 17:33,21/04/2025 17:45,DN04,DN03,,Xe đạp,2.3,
CD00595,21/04/2025 18:12,21/04/2025 18:37,DN04,DN03,KH0070,Xe đạp điện,8.5,Hài lòng
CD00596,21/04/2025 21:07,21/04/2025 21:37,DN04,DN03,KH0117,Xe dap,4.7,Bình thường
CD00597,22/04/2025 07:29,22/04/2025 08:05,HA01,HA01,KH0158,Xe đạp,6.4,Hài lòng
CD00598,22/04/2025 07:36,22/04/2025 08:03,HA02,HA01,KH0098, Xe đạp,4.5,Hài lòng
CD00599,22/04/2025 11:32,22/04/2025 11:56,DN04,DN02,KH0114,Xe dap dien,6.7,Hài lòng
CD00600,22/04/2025 12:16,22/04/2025 12:35,HA02,HA01,KH0354,Xe đạp điện,5.0,Hài lòng
CD00601,22/04/2025 13:21,22/04/2025 13:35,DN03,DN01,,Xe đạp,2.6,Rất hài lòng
CD00602,22/04/2025 18:43,22/04/2025 18:55,DN01,DN02,KH0252,Xe dap,2.3,Rất hài lòng
CD00603,23/04/2025 06:33,23/04/2025 07:13,DN04,DN03,KH0119,Xe đạp điện,8.1,Bình thường
CD00604,23/04/2025 06:43,23/04/2025 07:01,DN02,DN02,,Xe đạp điện,3.2,
CD00605,23/04/2025 06:59,23/04/2025 07:23,HA01,HA02,KH0108,Xe dap,4.5,Bình thường
CD00606,23/04/2025 07:33,23/04/2025 07:34,DN01,DN01,KH0467,Xe đạp,0.1,Hài lòng
CD00607,23/04/2025 10:40,23/04/2025 11:09,HA02,HA02,KH0181,Xe đạp điện,7.4,Rất hài lòng
CD00608,23/04/2025 12:33,23/04/2025 12:40,DN01,DN03,KH0418,Xe đạp điện,2.1,Bình thường
CD00609,23/04/2025 14:40,23/04/2025 14:53,HA02,HA02,KH0031,Xe đạp,2.3,Hài lòng
CD00610,23/04/2025 16:33,23/04/2025 17:13,HA02,HA02,KH0193,Xe đạp,8.4,
CD00611,23/04/2025 16:46,23/04/2025 16:53,DN02,DN02,KH0312,Xe đạp điện,1.7,
CD00612,23/04/2025 16:56,23/04/2025 17:21,HA02,HA02,,Xe đạp,4.2,Bình thường
CD00613,23/04/2025 17:10,23/04/2025 17:29,DN01,DN03,KH0378,Xe đạp,2.6,
CD00614,23/04/2025 18:19,23/04/2025 18:38,DN03,DN01,KH0132,Xe đạp,4.3,Hài lòng
CD00615,23/04/2025 18:43,23/04/2025 19:06,DN01,DN04,,Xe đạp điện,4.5,Hài lòng
CD00616,23/04/2025 19:49,23/04/2025 20:13,DN01,DN03,KH0296,Xe đạp,3.2,Không hài lòng
CD00617,23/04/2025 19:49,23/04/2025 20:31,HA01,HA02,,Xe máy điện,13.7,Hài lòng
CD00618,23/04/2025 22:49,23/04/2025 23:20,HA01,HA01,,Xe máy điện,11.6,Rất hài lòng
CD00619,24/04/2025 07:10,24/04/2025 07:21,DN04,DN04,KH0297,Xe đạp,1.9,Hài lòng
CD00620,24/04/2025 08:08,24/04/2025 08:28,DN03,DN04,KH0121,Xe đạp,2.4,Hài lòng
CD00621,24/04/2025 09:33,24/04/2025 10:02,DN02,DN01,,Xe đạp,4.4,Bình thường
CD00622,24/04/2025 11:08,24/04/2025 11:16,DN02,DN03,KH0127,Xe đạp,1.2,Hài lòng
CD00623,24/04/2025 13:33,24/04/2025 13:59,DN01,DN04,KH0100,Xe đạp,4.8,Hài lòng
CD00624,24/04/2025 14:44,24/04/2025 15:24,DN01,DN02,KH0037,Xe dap dien,10.1,Hài lòng
CD00625,24/04/2025 18:07,24/04/2025 18:17,DN03,DN01,KH0457,Xe đạp,2.2,Hài lòng
CD00626,24/04/2025 18:31,24/04/2025 19:08,HA02,HA01,KH0293,Xe đạp,4.9,
CD00627,24/04/2025 18:48,24/04/2025 19:13,HA01,HA01,KH0162,Xe đạp điện,5.1,
CD00628,24/04/2025 18:59,24/04/2025 20:32,DN02,DN02,,xe máy điện,47.0,
CD00629,24/04/2025 21:27,24/04/2025 21:32,DN01,DN02,,Xe đạp,0.8,Hài lòng
CD00630,25/04/2025 05:21,25/04/2025 05:37,HA01,HA01,KH0314,Xe đạp,2.1,Rất hài lòng
CD00631,25/04/2025 07:02,25/04/2025 07:12,DN02,DN03,KH0039,Xe đạp,2.0,
CD00632,25/04/2025 07:32,25/04/2025 08:01,DN02,DN01,,Xe đạp điện,5.3,Hài lòng
CD00633,25/04/2025 08:05,25/04/2025 08:33,HA01,HA01,,Xe đạp điện,6.8,Hài lòng
CD00634,25/04/2025 09:27,25/04/2025 10:02,HA01,HA01,KH0074,Xe đạp điện,9.4,Rất hài lòng
CD00635,25/04/2025 16:46,25/04/2025 17:09,DN01,DN03,KH0234,xe đạp,3.2,
CD00636,25/04/2025 21:54,25/04/2025 22:38,HA01,HA01,,Xe may dien,17.7,Hài lòng
CD00637,26/04/2025 06:47,26/04/2025 06:54,DN02,DN03,KH0310,XE ĐẠP,1.2,
CD00638,26/04/2025 06:54,26/04/2025 07:32,DN03,DN02,KH0479,Xe máy điện,10.2,Rất hài lòng
CD00639,26/04/2025 07:26,26/04/2025 07:49,DN03,DN03,KH0433,Xe đạp điện  ,6.0,Hài lòng
CD00640,26/04/2025 07:28,,HA01,HA02,KH0490,Xe máy điện,11.9,Rất hài lòng
CD00641,26/04/2025 08:31,26/04/2025 09:18,DN04,DN02,,Xe đạp điện,14.4,Không hài lòng
CD00642,26/04/2025 09:17,26/04/2025 09:46,HA01,HA02,KH0487,Xe đạp,5.9,Rất hài lòng
CD00643,26/04/2025 09:32,26/04/2025 09:42,DN02,DN03,KH0062,Xe đạp điện,3.0,Rất hài lòng
CD00644,26/04/2025 09:33,26/04/2025 09:47,HA01,HA01,KH0443,Xe đạp,2.3,Bình thường
CD00645,26/04/2025 09:39,26/04/2025 10:05,DN02,DN02,KH0241,Xe đạp điện,7.3,Bình thường
CD00646,26/04/2025 13:06,26/04/2025 13:34,DN01,DN02,KH0123,Xe máy điện,11.7,Hài lòng
CD00647,26/04/2025 15:03,26/04/2025 15:09,DN02,DN01,,XE ĐẠP,1.4,
CD00648,26/04/2025 17:10,26/04/2025 17:28,DN02,DN03,,Xe đạp,3.5,Không hài lòng
CD00649,26/04/2025 18:18,26/04/2025 18:37,HA01,HA01,KH0001,Xe đạp,4.2,
CD00650,26/04/2025 18:24,26/04/2025 18:45,DN03,DN04,,Xe đạp điện,4.8,Bình thường
CD00651,26/04/2025 20:37,26/04/2025 21:05,DN03,DN02,KH0362,Xe đạp điện,7.3,Bình thường
CD00652,26/04/2025 20:48,26/04/2025 21:43,HA01,HA02,,Xe đạp điện,16.1,
CD00653,27/04/2025 06:06,27/04/2025 06:21,DN04,DN02,,Xe đạp điện,3.1,Bình thường
CD00654,27/04/2025 07:53,27/04/2025 08:10,DN03,DN01,KH0227,XE ĐẠP ĐIỆN,4.8,
CD00655,27/04/2025 08:23,27/04/2025 09:25,HA01,HA01,KH0035,Xe máy điện,22.5,Bình thường
CD00656,27/04/2025 09:53,27/04/2025 10:37,DN02,DN01,KH0373,Xe đạp điện  ,10.5,Hài lòng
CD00657,27/04/2025 11:08,27/04/2025 11:20,DN01,DN01,KH0306, Xe đạp,2.5,Hài lòng
CD00658,27/04/2025 13:26,27/04/2025 13:48,DN01,DN02,KH0489,Xe đạp điện,6.5,Hài lòng
CD00659,27/04/2025 15:39,27/04/2025 15:56,DN02,DN03,,Xe đạp điện,4.3,Hài lòng
CD00659,27/04/2025 15:39,27/04/2025 15:56,DN02,DN03,,Xe đạp điện,4.3,Hài lòng
CD00660,27/04/2025 17:22,27/04/2025 18:11,DN04,DN02,,XE MÁY ĐIỆN,18.4,Bình thường
CD00661,27/04/2025 17:39,27/04/2025 18:03,DN04,DN04,KH0008,Xe đạp,4.7,
CD00662,27/04/2025 17:54,,HA01,HA01,,Xe đạp,2.1,Bình thường
CD00663,27/04/2025 18:01,27/04/2025 18:50,DN04,DN04,KH0481,Xe đạp điện,10.3,Bình thường
CD00664,27/04/2025 18:22,27/04/2025 18:39,DN04,DN03,,Xe đạp,3.0,Bình thường
CD00665,27/04/2025 18:33,27/04/2025 19:16,HA01,HA01,KH0343,Xe đạp,8.6,Bình thường
CD00666,27/04/2025 20:37,27/04/2025 20:51,DN01,DN02,,Xe đạp,2.6,
CD00667,27/04/2025 21:31,27/04/2025 21:59,DN01,DN01,,Xe đạp,4.2,
CD00668,28/04/2025 06:21,28/04/2025 06:34,HA02,HA01,KH0460,Xe đạp điện,2.8,Rất hài lòng
CD00669,28/04/2025 08:01,28/04/2025 08:17,DN02,DN04,KH0069,Xe đạp điện,4.0,Hài lòng
CD00670,28/04/2025 10:46,28/04/2025 11:32,HA02,HA02,KH0163,Xe máy điện,14.8,Hài lòng
CD00671,28/04/2025 11:02,28/04/2025 11:28,DN01,DN03,,XE ĐẠP ĐIỆN,7.4,Bình thường
CD00672,28/04/2025 14:03,28/04/2025 14:38,HA01,HA01,KH0047,Xe đạp,7.3,Rất hài lòng
CD00673,28/04/2025 15:32,28/04/2025 15:49,DN01,DN02,KH0169,Xe đạp điện,5.4,Hài lòng
CD00674,28/04/2025 18:00,28/04/2025 18:30,HA01,HA01,KH0225,Xe đạp,5.3,
CD00675,28/04/2025 19:22,28/04/2025 19:59,DN03,DN02,,Xe đạp,4.9,
CD00676,29/04/2025 06:04,29/04/2025 06:33,DN02,DN04,KH0371,Xe đạp,3.9,Rất hài lòng
CD00677,29/04/2025 07:07,,DN04,DN03,KH0273,Xe đạp điện,2.8,Hài lòng
CD00678,29/04/2025 08:55,29/04/2025 09:21,HA02,HA01,KH0464,Xe đạp điện,6.2,
CD00679,29/04/2025 09:29,29/04/2025 10:26,DN01,DN03,KH0324,Xe đạp,6.9,
CD00680,29/04/2025 11:19,29/04/2025 11:36,DN03,DN03,,Xe đạp,3.1,Hài lòng
CD00681,29/04/2025 15:17,29/04/2025 15:37,DN02,DN04,,Xe đạp,3.3,
CD00682,29/04/2025 18:52,29/04/2025 19:04,HA01,HA02,KH0477,Xe đạp,2.8,
CD00683,29/04/2025 21:05,29/04/2025 21:54,DN03,DN01,KH0374,Xe đạp điện,9.3,
CD00684,29/04/2025 21:27,29/04/2025 21:40,DN02,DN02,,Xe đạp điện,3.2,Rất hài lòng
CD00685,29/04/2025 22:28,29/04/2025 22:59,DN03,DN02,,Xe dap,5.7,Không hài lòng
CD00686,30/04/2025 06:48,30/04/2025 06:49,DN04,DN04,KH0098,Xe máy điện,0.0,Rất hài lòng
CD00687,30/04/2025 10:22,30/04/2025 10:47,DN04,DN02,KH0273,Xe đạp,3.3,Rất hài lòng
CD00688,30/04/2025 16:02,30/04/2025 16:32,DN02,DN01,KH0382,Xe đạp điện,5.6,Rất hài lòng
CD00689,30/04/2025 17:48,30/04/2025 17:54,DN01,DN02,KH0186,XE ĐẠP ĐIỆN,1.6,
CD00690,01/05/2025 05:36,01/05/2025 06:38,HA02,HA02,KH0180,Xe máy điện,28.9,Hài lòng
CD00691,01/05/2025 07:15,01/05/2025 07:29,DN01,DN04,KH0217,XE ĐẠP,2.4,Hài lòng
CD00692,01/05/2025 07:48,01/05/2025 08:21,DN02,DN04,KH0204,xe máy điện,9.2,Rất hài lòng
CD00693,01/05/2025 10:59,01/05/2025 11:13,DN02,DN01,KH0202,Xe đạp,2.4,Rất hài lòng
CD00694,01/05/2025 17:35,01/05/2025 18:00,DN03,DN03,,Xe đạp điện,6.8,Hài lòng
CD00695,01/05/2025 17:49,01/05/2025 18:18,DN01,DN01,KH0516,xe đạp,4.5,Bình thường
CD00696,01/05/2025 18:37,01/05/2025 18:44,HA02,HA02,,Xe đạp điện,2.1,Hài lòng
CD00697,01/05/2025 18:47,01/05/2025 18:58,DN01,DN04,,Xe đạp,2.3,Hài lòng
CD00698,01/05/2025 19:51,01/05/2025 20:36,HA02,HA01,KH0330,Xe đạp điện,14.2,Bình thường
CD00699,02/05/2025 07:15,02/05/2025 07:35,DN02,DN03,KH0228,Xe đạp,3.7,
CD00700,02/05/2025 08:11,02/05/2025 08:56,DN02,DN02,KH0033,Xe máy điện,14.0,Rất hài lòng
CD00701,02/05/2025 11:40,02/05/2025 11:55,DN01,DN02,,Xe đạp,4.0,Bình thường
CD00702,02/05/2025 15:05,02/05/2025 15:35,DN01,DN04,,XE MÁY ĐIỆN,11.8,Bình thường
CD00703,02/05/2025 15:43,02/05/2025 16:06,DN03,DN02,KH0478,Xe máy điện,10.9,Rất hài lòng
CD00704,02/05/2025 16:14,02/05/2025 16:36,DN03,DN02,,xe đạp,3.8,Không hài lòng
CD00705,02/05/2025 16:38,02/05/2025 17:23,DN03,DN04,,Xe đạp điện,13.3,
CD00706,02/05/2025 17:20,02/05/2025 17:41,DN03,DN02,,Xe đạp,4.1,Hài lòng
CD00707,02/05/2025 18:27,02/05/2025 18:46,HA02,HA01,KH0404,Xe đạp,3.8,Hài lòng
CD00708,02/05/2025 20:54,02/05/2025 21:27,DN01,DN04,,Xe máy điện,12.9,Hài lòng
CD00709,03/05/2025 06:24,03/05/2025 06:43,HA02,HA02,KH0328,Xe đạp,,Hài lòng
CD00710,03/05/2025 07:18,03/05/2025 07:34,DN02,DN01,KH0057,Xe dap dien,4.7,Rất hài lòng
CD00711,03/05/2025 07:32,03/05/2025 07:45,DN04,DN03,KH0438,xe đạp,3.2,Bình thường
CD00712,03/05/2025 07:33,,HA02,HA01,,Xe máy điện,9.9,
CD00713,03/05/2025 07:47,03/05/2025 08:02,HA01,HA01,KH0131,Xe đạp,2.5,Bình thường
CD00714,03/05/2025 07:57,03/05/2025 08:56,DN02,DN01,KH0462,Xe máy điện,23.0,Hài lòng
CD00715,03/05/2025 08:16,03/05/2025 08:45,HA01,HA01,,Xe máy điện,13.2,Bình thường
CD00716,03/05/2025 10:55,03/05/2025 11:13,HA01,HA01,KH0203,Xe đạp,1.4,Hài lòng
CD00717,03/05/2025 12:53,03/05/2025 13:03,HA02,HA01,KH0087,Xe đạp,1.7,Hài lòng
CD00718,03/05/2025 13:04,03/05/2025 13:42,HA02,HA02,KH0199,Xe máy điện,15.9,Rất hài lòng
CD00719,03/05/2025 13:35,03/05/2025 13:55,DN02,DN02,KH0184,Xe đạp điện,3.9,Hài lòng
CD00720,03/05/2025 15:10,03/05/2025 15:45,DN04,DN03,KH0463,Xe đạp điện,7.9,Rất hài lòng
CD00721,03/05/2025 15:34,03/05/2025 16:02,HA02,HA02,KH0275,Xe đạp điện,6.3,
CD00722,03/05/2025 16:43,03/05/2025 17:05,DN02,DN02,KH0025,Xe đạp điện,5.0,Bình thường
CD00723,03/05/2025 16:44,03/05/2025 16:49,DN02,DN02,KH0438,Xe đạp,0.8,Bình thường
CD00724,03/05/2025 17:04,03/05/2025 17:15,DN01,DN01,KH0501,Xe đạp,1.9,
CD00725,03/05/2025 17:16,03/05/2025 17:41,DN04,DN01,KH0151,Xe đạp,4.5,Hài lòng
CD00726,03/05/2025 17:41,03/05/2025 18:06,HA01,HA01,,Xe đạp điện,7.5,Hài lòng
CD00727,03/05/2025 18:27,03/05/2025 18:50,DN04,DN03,,Xe đạp,,Không hài lòng
CD00728,03/05/2025 18:50,03/05/2025 19:01,DN01,DN02,,Xe đạp điện,3.2,Hài lòng
CD00729,03/05/2025 19:50,03/05/2025 20:33,DN03,DN02,KH0278,Xe đạp điện,10.4,
CD00730,03/05/2025 20:19,03/05/2025 20:27,DN01,DN02,KH0494,Xe đạp điện,2.1,Bình thường
CD00731,04/05/2025 06:03,04/05/2025 06:49,HA01,HA01,KH0329,Xe đạp điện,10.3,
CD00732,04/05/2025 06:23,04/05/2025 06:42,DN01,DN02,KH0369,Xe máy điện,8.1,Rất hài lòng
CD00733,04/05/2025 07:06,04/05/2025 07:24,DN02,DN02,,XE ĐẠP,3.4,Hài lòng
CD00734,04/05/2025 07:09,04/05/2025 07:39,DN03,DN04,KH0128,Xe đạp điện,7.8,Hài lòng
CD00735,04/05/2025 07:26,04/05/2025 07:54,DN01,DN03,KH0059,Xe đạp điện,6.9,Bình thường
CD00736,04/05/2025 07:48,04/05/2025 08:30,DN01,DN03,KH0051,Xe máy điện,16.9,Rất hài lòng
CD00737,04/05/2025 08:48,04/05/2025 09:19,DN01,DN01,KH0478,Xe đạp điện,10.0,Hài lòng
CD00738,04/05/2025 09:54,04/05/2025 10:07,DN01,DN03,KH0129,Xe đạp,2.2,Hài lòng
CD00739,04/05/2025 10:07,04/05/2025 10:29,HA01,HA02,KH0177,Xe máy điện,8.6,
CD00740,04/05/2025 10:52,04/05/2025 11:33,HA01,HA01,KH0248,Xe đạp điện,10.5,Hài lòng
CD00741,04/05/2025 12:30,04/05/2025 12:56,HA02,HA02,KH0270,Xe đạp,4.0,Bình thường
CD00742,04/05/2025 14:45,04/05/2025 15:23,HA02,HA02,KH0218,Xe đạp,6.8,Hài lòng
CD00743,04/05/2025 14:46,04/05/2025 14:55,DN04,DN04,KH0249,Xe dap,1.9,Rất hài lòng
CD00743,04/05/2025 14:46,04/05/2025 14:55,DN04,DN04,KH0249,Xe dap,1.9,Rất hài lòng
CD00744,04/05/2025 15:22,04/05/2025 15:23,DN03,DN03,,Xe dap,0.1,Hài lòng
CD00745,04/05/2025 15:59,04/05/2025 16:44,DN01,DN01,KH0349, Xe máy điện,15.4,Hài lòng
CD00746,04/05/2025 16:43,04/05/2025 17:13,HA01,HA01,KH0211,Xe đạp điện,7.3,Hài lòng
CD00747,04/05/2025 17:23,04/05/2025 17:39,DN03,DN01,KH0377,Xe đạp,3.5,
CD00748,04/05/2025 18:47,04/05/2025 19:01,DN02,DN02,KH0018,Xe đạp,2.1,
CD00749,04/05/2025 18:52,04/05/2025 19:17,DN03,DN03,,Xe đạp,5.2,Không hài lòng
CD00750,04/05/2025 20:18,04/05/2025 20:56,DN04,DN01,KH0138,Xe đạp điện,240.7,
CD00751,05/05/2025 07:17,05/05/2025 07:48,HA02,HA01,,Xe đạp điện,5.6,Hài lòng
CD00752,05/05/2025 07:39,05/05/2025 08:36,DN01,DN01,KH0051,Xe máy điện,21.7,
CD00753,05/05/2025 07:42,05/05/2025 08:14,HA01,HA02,,Xe máy điện,14.6,Hài lòng
CD00754,05/05/2025 10:08,05/05/2025 10:25,HA01,HA01,KH0496,Xe đạp điện,5.0,Hài lòng
CD00755,05/05/2025 14:51,05/05/2025 14:59,HA01,HA02,,Xe đạp,1.5,Hài lòng
CD00756,05/05/2025 15:09,05/05/2025 16:06,HA01,HA02,KH0235,Xe máy điện,24.5,Hài lòng
CD00757,05/05/2025 17:08,05/05/2025 17:35,DN03,DN04,KH0439,Xe đạp,5.4,
CD00758,05/05/2025 17:32,,HA01,HA02,KH0359,xe đạp,6.5,Hài lòng
CD00759,05/05/2025 18:24,05/05/2025 18:43,DN02,DN01,KH0330,Xe đạp điện,6.6,
CD00760,05/05/2025 18:55,05/05/2025 19:17,DN02,DN04,KH0089,Xe đạp điện,6.2,Bình thường
CD00761,05/05/2025 20:40,05/05/2025 20:57,DN01,DN04,,Xe đạp,5.7,
CD00762,06/05/2025 07:55,06/05/2025 08:10,DN03,DN04,KH0411,Xe đạp,4.0,Bình thường
CD00763,06/05/2025 12:09,06/05/2025 12:48,HA02,HA01,KH0113,Xe máy điện,17.6,Rất hài lòng
CD00764,06/05/2025 13:15,06/05/2025 13:34,DN01,DN04,KH0107,Xe may dien,8.6,
CD00765,06/05/2025 14:36,06/05/2025 15:21,DN01,DN01,,Xe đạp điện,9.7,Bình thường
CD00766,06/05/2025 15:28,,DN02,DN01,KH0242,Xe đạp điện,6.7,Rất hài lòng
CD00767,06/05/2025 15:58,06/05/2025 16:53,DN02,DN01,KH0190,Xe máy điện,24.5,Hài lòng
CD00768,06/05/2025 18:35,06/05/2025 19:03,DN03,DN02,KH0181,Xe đạp điện,5.5,Bình thường
CD00769,06/05/2025 18:51,06/05/2025 19:24,HA02,HA01,KH0214,Xe máy điện,11.9,
CD00770,06/05/2025 20:08,06/05/2025 20:50,DN02,DN01,KH0209,Xe máy điện,21.3,
CD00771,07/05/2025 07:45,07/05/2025 08:03,DN03,DN02,,Xe đạp điện,3.4,
CD00772,07/05/2025 12:28,07/05/2025 12:37,DN03,DN04,KH0320,Xe đạp điện,1.8,
CD00773,07/05/2025 13:56,07/05/2025 14:05,DN02,DN01,KH0009,Xe đạp,1.7,Bình thường
CD00774,07/05/2025 17:53,07/05/2025 18:02,DN03,DN03,KH0223,Xe máy điện,2.6,Hài lòng
CD00775,07/05/2025 21:38,07/05/2025 22:11,HA01,HA01,KH0346,Xe đạp,7.8,Rất hài lòng
CD00776,08/05/2025 07:13,08/05/2025 07:47,DN03,DN04,,Xe máy điện,13.3,Rất hài lòng
CD00777,08/05/2025 07:41,08/05/2025 08:05,DN02,DN01,,Xe đạp điện,6.7,Bình thường
CD00778,08/05/2025 12:13,08/05/2025 12:46,HA01,HA01,KH0098,XE ĐẠP ĐIỆN,7.8,Bình thường
CD00779,08/05/2025 12:20,08/05/2025 12:46,HA02,HA02,,Xe dap,4.1,Hài lòng
CD00780,08/05/2025 14:47,08/05/2025 14:58,HA02,HA01,KH0314,Xe đạp điện,2.9,
CD00781,08/05/2025 15:22,08/05/2025 15:48,DN01,DN03,KH0483,Xe may dien,8.5,Rất hài lòng
CD00782,08/05/2025 15:51,08/05/2025 16:31,DN02,DN03,,Xe máy điện,16.7,Bình thường
CD00783,08/05/2025 16:47,08/05/2025 17:10,HA01,HA01,,XE ĐẠP ĐIỆN,5.1,Bình thường
CD00784,08/05/2025 16:59,08/05/2025 17:26,HA01,HA02,KH0248,Xe đạp,4.1,
CD00785,08/05/2025 17:37,08/05/2025 17:49,DN02,DN01,,Xe đạp điện,3.1,Hài lòng
CD00786,08/05/2025 18:37,08/05/2025 19:01,DN03,DN01,KH0116,xe đạp điện,6.4,
CD00787,08/05/2025 20:45,08/05/2025 21:41,DN01,DN03,,Xe may dien,26.1,Rất hài lòng
CD00788,09/05/2025 05:21,09/05/2025 06:07,HA01,HA01,KH0421,Xe máy điện,20.7,Rất hài lòng
CD00789,09/05/2025 07:47,09/05/2025 08:09,DN01,DN03,,Xe đạp điện,4.4,
CD00790,09/05/2025 07:52,09/05/2025 08:20,HA01,HA01,KH0223,Xe may dien,9.8,Rất hài lòng
CD00791,09/05/2025 09:42,09/05/2025 11:02,DN01,DN03,KH0350,Xe máy điện,35.4,Bình thường
CD00792,09/05/2025 11:08,09/05/2025 11:25,DN01,DN02,,Xe đạp,2.4,
CD00793,09/05/2025 17:41,09/05/2025 18:27,DN02,DN01,,Xe đạp điện,10.4,
CD00794,09/05/2025 18:19,09/05/2025 18:41,DN02,DN03,KH0371,Xe đạp,4.0,Không hài lòng
CD00795,09/05/2025 18:28,09/05/2025 18:54,DN02,DN02,,Xe đạp điện,7.3,Bình thường
CD00796,10/05/2025 06:12,10/05/2025 06:24,DN01,DN02,KH0234,xe đạp,1.7,Hài lòng
CD00797,10/05/2025 06:22,10/05/2025 06:48,HA01,HA02,KH0040,XE MÁY ĐIỆN,9.5,Hài lòng
CD00798,10/05/2025 07:05,10/05/2025 07:46,HA01,HA02,KH0406,XE ĐẠP,12.9,Bình thường
CD00799,10/05/2025 07:41,10/05/2025 08:48,DN01,DN02,KH0060,Xe máy điện,26.8,Bình thường
CD00800,10/05/2025 08:00,10/05/2025 08:18,DN03,DN01,KH0269,Xe đạp,3.4,Hài lòng
CD00801,10/05/2025 09:10,10/05/2025 10:00,HA02,HA01,KH0212,Xe đạp điện,11.5,
CD00802,10/05/2025 10:25,,DN03,DN02,KH0141,XE MÁY ĐIỆN,12.0,
CD00803,10/05/2025 10:47,10/05/2025 11:19,HA02,HA02,KH0441,Xe đạp điện,9.0,
CD00804,10/05/2025 11:20,10/05/2025 11:43,DN01,DN03,,Xe máy điện,10.5,Hài lòng
CD00805,10/05/2025 12:35,10/05/2025 13:32,HA01,HA02,KH0228,Xe dap dien,21.6,Hài lòng
CD00806,10/05/2025 14:54,10/05/2025 15:16,HA01,HA02,,Xe đạp điện,6.5,
CD00807,10/05/2025 14:58,10/05/2025 15:31,DN07,DN01,KH0417,Xe đạp điện,8.8,Rất hài lòng
CD00808,10/05/2025 15:00,10/05/2025 15:25,DN01,DN03,KH0223,Xe đạp điện,7.3,
CD00809,10/05/2025 16:08,10/05/2025 16:23,DN02,DN02,,Xe đạp điện,3.8,Hài lòng
CD00810,10/05/2025 16:48,10/05/2025 16:58,HA02,HA02,KH0034,Xe đạp điện,2.2,
CD00811,10/05/2025 17:03,10/05/2025 17:30,HA01,HA02,KH0047,Xe đạp điện,7.5,Hài lòng
CD00812,10/05/2025 17:23,10/05/2025 17:49,DN01,DN01,KH0210,Xe đạp điện,7.3,Hài lòng
CD00813,10/05/2025 20:24,10/05/2025 21:10,DN03,DN02,,Xe máy điện,23.2,Hài lòng
CD00814,10/05/2025 20:33,10/05/2025 21:02,HA01,HA02,KH0081,Xe đạp,5.5,Hài lòng
CD00815,10/05/2025 20:40,10/05/2025 20:58,DN01,DN03,,Xe đạp,2.0,Hài lòng
CD00816,11/05/2025 06:04,11/05/2025 06:15,HA01,HA01,,Xe đạp điện,2.5,
CD00817,11/05/2025 06:55,11/05/2025 07:08,DN03,DN04,KH0258,xe đạp,2.6,Rất hài lòng
CD00818,11/05/2025 06:57,11/05/2025 07:36,HA02,HA02,,XE ĐẠP ĐIỆN,11.9,Hài lòng
CD00819,11/05/2025 07:40,11/05/2025 07:52,DN02,DN01,KH0344,Xe đạp,1.8,Rất hài lòng
CD00820,11/05/2025 08:33,11/05/2025 09:08,HA01,HA01,,XE ĐẠP,6.2,Hài lòng
CD00821,11/05/2025 08:49,11/05/2025 09:23,HA02,HA01,KH0453,Xe đạp điện,9.7,
CD00822,11/05/2025 09:38,11/05/2025 09:59,DN02,DN01,KH0020,Xe đạp điện,4.1,Bình thường
CD00823,11/05/2025 10:16,11/05/2025 10:28,DN01,DN03,,Xe đạp điện,4.1,
CD00824,11/05/2025 10:52,11/05/2025 11:17,DN01,DN02,KH0426,Xe may dien,8.5,Hài lòng
CD00825,11/05/2025 13:44,11/05/2025 14:31,DN02,DN03,KH0221,Xe đạp điện,10.9,Hài lòng
CD00826,11/05/2025 16:40,11/05/2025 17:29,HA01,HA01,KH0010,Xe đạp,9.0,Rất hài lòng
CD00827,11/05/2025 16:46,11/05/2025 17:16,DN02,DN02,,Xe đạp điện,7.9,Hài lòng
CD00828,11/05/2025 17:29,11/05/2025 17:41,DN02,DN01,KH0131,Xe đạp,1.3,Bình thường
CD00829,11/05/2025 18:10,11/05/2025 18:23,HA01,HA02,KH0118,Xe đạp điện,4.2,Hài lòng
CD00830,11/05/2025 18:36,11/05/2025 18:53,DN02,DN04,KH0355,Xe đạp điện,4.6,
CD00831,11/05/2025 19:32,11/05/2025 19:48,DN01,DN02,,Xe đạp,2.0,Hài lòng
CD00832,11/05/2025 19:54,11/05/2025 20:10,HA01,HA01,KH0042,Xe đạp,2.9,Hài lòng
CD00833,11/05/2025 21:57,11/05/2025 22:23,DN01,DN02,,Xe đạp điện,6.1,
CD00834,12/05/2025 05:43,12/05/2025 06:20,HA02,HA02,KH0162,Xe máy điện,12.6,Hài lòng
CD00835,12/05/2025 06:21,12/05/2025 06:30,HA01,HA01,,Xe đạp điện,1.9,
CD00836,12/05/2025 09:00,12/05/2025 09:09,DN02,DN03,KH0115,Xe may dien,3.3,Rất hài lòng
CD00837,12/05/2025 13:06,12/05/2025 13:48,DN02,DN03,,Xe đạp điện,12.0,
CD00838,12/05/2025 14:20,12/05/2025 14:35,DN02,DN03,, Xe đạp,3.6,Hài lòng
CD00839,12/05/2025 15:17,12/05/2025 15:51,DN02,DN03,KH0198,xe máy điện,16.3,Bình thường
CD00840,12/05/2025 15:28,12/05/2025 15:58,DN02,DN02,KH0275,Xe đạp điện,6.1,Rất hài lòng
CD00841,12/05/2025 16:00,12/05/2025 16:17,DN01,DN01,KH0475,Xe đạp,3.2,Bình thường
CD00842,12/05/2025 17:54,12/05/2025 18:22,HA02,HA02,KH0007,Xe đạp điện,7.8,Hài lòng
CD00843,12/05/2025 19:49,12/05/2025 20:23,HA02,HA01,KH0239,Xe đạp,5.1,
CD00844,12/05/2025 20:12,12/05/2025 20:28,DN03,DN02,,Xe đạp,3.7,Hài lòng
CD00845,13/05/2025 07:07,13/05/2025 07:24,DN01,DN03,KH0157,Xe máy điện,7.7,Rất hài lòng
CD00846,13/05/2025 07:22,13/05/2025 07:30,DN02,DN03,KH0124,Xe dap,1.1,Bình thường
CD00847,13/05/2025 08:50,13/05/2025 09:16,HA01,HA02,KH0278,Xe đạp điện,7.4,
CD00848,13/05/2025 12:07,13/05/2025 12:36,DN04,DN02,KH0359, Xe đạp,5.1,Bình thường
CD00849,13/05/2025 14:29,13/05/2025 14:48,DN03,DN02,KH0072,Xe đạp điện,5.5,
CD00850,13/05/2025 15:23,13/05/2025 15:41,HA02,HA02,KH0440,Xe đạp,3.5,Không hài lòng
CD00851,13/05/2025 15:43,13/05/2025 15:55,DN01,DN02,KH0310,Xe đạp,1.7,Hài lòng
CD00852,13/05/2025 17:04,13/05/2025 17:23,DN01,DN01,KH0095,XE ĐẠP ĐIỆN,4.0,Bình thường
CD00853,13/05/2025 17:07,13/05/2025 17:20,DN02,DN04,KH0237,Xe đạp,2.6,Bình thường
CD00854,13/05/2025 18:33,13/05/2025 18:55,HA01,HA01,KH0331,Xe dap,188.0,
CD00855,13/05/2025 19:27,13/05/2025 20:46,DN02,DN04,,Xe đạp điện,17.6,Hài lòng
CD00856,13/05/2025 19:39,13/05/2025 20:46,DN01,DN02,KH0022,Xe máy điện,28.1,Hài lòng
CD00857,14/05/2025 06:57,14/05/2025 07:19,DN01,DN01,KH0304,Xe đạp,4.5,Bình thường
CD00858,14/05/2025 07:00,14/05/2025 07:27,DN01,DN02,KH0081,Xe máy điện,12.6,Hài lòng
CD00859,14/05/2025 07:06,14/05/2025 07:16,HA01,HA01,KH0264,Xe đạp,2.1,Hài lòng
CD00860,14/05/2025 07:51,14/05/2025 08:21,DN02,DN03,KH0364,Xe đạp,6.2,Bình thường
CD00861,14/05/2025 14:25,14/05/2025 14:54,HA01,HA01,,Xe máy điện,9.0,
CD00862,14/05/2025 15:14,14/05/2025 15:48,DN03,DN01,KH0204,Xe máy điện,10.6,Hài lòng
CD00863,14/05/2025 17:00,14/05/2025 17:14,DN04,DN01,KH0069,XE ĐẠP,2.1,Hài lòng
CD00864,14/05/2025 17:47,14/05/2025 17:58,DN02,DN02,,Xe đạp,2.6,Bình thường
CD00865,14/05/2025 18:00,14/05/2025 18:39,DN01,DN01,KH0149,Xe máy điện,18.3,
CD00866,14/05/2025 19:01,14/05/2025 19:28,DN04,DN01,KH0329,xe máy điện,11.2,Hài lòng
CD00867,14/05/2025 19:30,14/05/2025 19:48,DN02,DN03,,Xe máy điện,5.3,Hài lòng
CD00868,14/05/2025 22:01,14/05/2025 22:15,DN04,DN02,KH0049,Xe đạp,2.5,Hài lòng
CD00869,15/05/2025 06:27,15/05/2025 06:53,DN04,DN03,,Xe đạp,5.4,
CD00870,15/05/2025 13:16,15/05/2025 13:42,DN01,DN03,,Xe đạp,4.4,Hài lòng
CD00871,15/05/2025 13:42,15/05/2025 15:11,DN02,DN02,KH0028,Xe đạp điện,18.6,
CD00872,15/05/2025 13:54,15/05/2025 14:39,HA01,HA01,KH0448,Xe đạp,10.2,Không hài lòng
CD00873,15/05/2025 16:42,15/05/2025 18:02,DN02,DN02,KH0079,XE MÁY ĐIỆN,32.5,Hài lòng
CD00874,15/05/2025 18:13,15/05/2025 19:04,DN03,DN01,,Xe máy điện,17.7,Bình thường
CD00875,15/05/2025 18:17,15/05/2025 18:44,DN04,DN04,,Xe đạp,4.5,Bình thường
CD00876,15/05/2025 18:31,15/05/2025 18:44,DN02,DN01,KH0207,Xe đạp,2.7,
CD00877,15/05/2025 18:53,15/05/2025 19:05,DN02,DN02,,Xe đạp,3.0,Bình thường
CD00878,15/05/2025 18:54,15/05/2025 19:25,HA02,HA01,KH0494,Xe đạp,5.0,Rất hài lòng
CD00879,15/05/2025 19:27,15/05/2025 19:54,DN01,DN03,KH0377,Xe đạp điện,6.8,Hài lòng
CD00880,16/05/2025 06:51,16/05/2025 07:08,DN02,DN04,KH0270,Xe đạp điện,4.6,Hài lòng
CD00881,16/05/2025 06:55,16/05/2025 07:21,DN01,DN03,KH0035,Xe máy điện,8.5,
CD00882,16/05/2025 11:38,16/05/2025 11:55,DN01,DN04,,Xe đạp điện,4.7,Bình thường
CD00883,16/05/2025 11:39,16/05/2025 12:03,HA02,HA01,,Xe đạp,3.5,
CD00884,16/05/2025 12:27,16/05/2025 14:19,HA02,HA01,KH0141,Xe máy điện,50.1,Hài lòng
CD00885,16/05/2025 15:38,16/05/2025 16:11,HA02,HA01,,Xe máy điện,11.8,Hài lòng
CD00886,16/05/2025 16:32,16/05/2025 16:45,DN03,DN01,KH0182,XE ĐẠP,1.7,Bình thường
CD00887,16/05/2025 18:39,,HA02,HA02,,Xe máy điện,16.4,
CD00888,16/05/2025 19:29,16/05/2025 20:04,HA01,HA02,,Xe đạp điện,11.4,Rất hài lòng
CD00889,17/05/2025 06:44,17/05/2025 06:59,DN02,DN02,KH0118,Xe đạp,3.8,Hài lòng
CD00890,17/05/2025 06:59,17/05/2025 07:00,DN04,DN04,,Xe máy điện,0.0,
CD00891,17/05/2025 07:54,17/05/2025 08:18,DN03,DN04,KH0519,Xe đạp,3.4,Rất hài lòng
CD00892,17/05/2025 08:52,17/05/2025 09:22,HA01,HA01,,Xe đạp điện,8.1,Hài lòng
CD00893,17/05/2025 09:53,17/05/2025 10:26,DN03,DN04,KH0516,Xe đạp điện  ,10.7,Bình thường
CD00894,17/05/2025 10:13,17/05/2025 10:23,DN04,DN02,KH0361,Xe đạp điện,3.2,Rất hài lòng
CD00895,17/05/2025 10:44,17/05/2025 11:04,DN04,DN04,KH0233,xe đạp điện,5.5,Rất hài lòng
CD00896,17/05/2025 11:06,17/05/2025 11:31,HA02,HA02,KH0439,XE ĐẠP,5.5,Hài lòng
CD00897,17/05/2025 11:37,17/05/2025 12:02,HA01,HA01,,Xe đạp,2.8,Bình thường
CD00898,17/05/2025 12:03,17/05/2025 12:26,DN03,DN02,,Xe máy điện,11.3,Rất hài lòng
CD00899,17/05/2025 12:50,17/05/2025 13:14,HA01,HA01,KH0395,Xe đạp điện,6.4,Hài lòng
CD00900,17/05/2025 13:56,17/05/2025 14:29,HA01,HA01,,Xe máy điện,19.5,Hài lòng
CD00901,17/05/2025 13:59,17/05/2025 15:12,HA01,HA02,,Xe máy điện,30.7,
CD00902,17/05/2025 14:27,17/05/2025 14:44,DN04,DN02,,Xe đạp điện,3.9,Hài lòng
CD00903,17/05/2025 15:00,17/05/2025 15:17,HA01,HA01,KH0301,Xe đạp điện,5.2,
CD00904,17/05/2025 15:56,17/05/2025 16:26,DN01,DN02,KH0294,Xe đạp,3.5,Bình thường
CD00905,17/05/2025 15:57,17/05/2025 16:21,DN02,DN04,KH0265,xe máy điện,8.5,
CD00906,17/05/2025 17:09,17/05/2025 17:30,DN04,DN04,KH0082,Xe máy điện,8.6,Bình thường
CD00907,17/05/2025 17:43,17/05/2025 18:16,DN01,DN02,,Xe máy điện,17.7,
CD00908,17/05/2025 19:25,17/05/2025 19:45,DN02,DN01,,Xe may dien,10.9,Bình thường
CD00909,17/05/2025 19:28,17/05/2025 19:40,DN04,DN03,,Xe đạp điện,4.1,Hài lòng
CD00910,17/05/2025 20:59,17/05/2025 21:16,DN01,DN01,,XE ĐẠP ĐIỆN,4.2,
CD00911,18/05/2025 09:11,18/05/2025 09:26,DN02,DN01,,Xe đạp,2.7,Hài lòng
CD00912,18/05/2025 09:37,18/05/2025 10:04,HA01,HA01,KH0496,Xe đạp điện,7.0,Rất hài lòng
CD00913,18/05/2025 10:20,18/05/2025 10:57,HA01,HA01,KH0087,Xe máy điện,15.5,Hài lòng
CD00914,18/05/2025 11:45,18/05/2025 12:24,HA01,HA02,KH0298,Xe đạp,5.8,Hài lòng
CD00915,18/05/2025 14:06,18/05/2025 14:44,HA01,HA01,,XE MÁY ĐIỆN,18.2,Rất hài lòng
CD00916,18/05/2025 14:24,18/05/2025 14:46,HA01,HA02,KH0380,Xe đạp điện,6.1,Hài lòng
CD00917,18/05/2025 16:10,18/05/2025 16:23,DN04,DN03,KH0387,Xe đạp,2.4,Hài lòng
CD00918,18/05/2025 16:20,18/05/2025 16:54,DN01,DN02,KH0375,Xe đạp điện,8.2,Không hài lòng
CD00919,18/05/2025 17:11,18/05/2025 17:23,DN03,DN01,,Xe đạp điện,2.2,Bình thường
CD00920,18/05/2025 17:55,18/05/2025 18:17,DN02,DN03,KH0420,Xe đạp,5.1,Hài lòng
CD00921,18/05/2025 18:23,18/05/2025 19:30,DN02,DN01,,Xe đạp điện,20.0,Hài lòng
CD00922,18/05/2025 18:26,18/05/2025 18:46,DN04,DN03,KH0344,Xe đạp,2.6,
CD00923,19/05/2025 06:30,19/05/2025 06:47,HA02,HA01,KH0119,Xe đạp điện,3.2,
CD00924,19/05/2025 07:02,19/05/2025 07:29,HA02,HA01,,Xe máy điện,8.4,Rất hài lòng
CD00925,19/05/2025 07:26,19/05/2025 07:51,HA02,HA01,KH0198,Xe máy điện,9.6,Rất hài lòng
CD00926,19/05/2025 10:16,19/05/2025 10:27,DN04,DN02,KH0063,xe đạp,2.1,Bình thường
CD00927,19/05/2025 11:28,19/05/2025 11:38,DN01,DN03,KH0025,Xe đạp điện,2.3,
CD00928,19/05/2025 12:22,19/05/2025 12:37,DN02,DN03,KH0110,Xe đạp,2.4,Bình thường
CD00929,19/05/2025 13:47,19/05/2025 14:03,DN01,DN01,KH0234,XE ĐẠP,3.0,Rất hài lòng
CD00930,19/05/2025 16:25,19/05/2025 16:50,DN01,DN04,,Xe đạp,2.9,Không hài lòng
CD00931,19/05/2025 17:36,19/05/2025 17:48,DN02,DN02,KH0178,Xe đạp,3.0,
CD00932,19/05/2025 18:20,19/05/2025 18:56,HA01,HA01,KH0068,Xe máy điện,10.1,Bình thường
CD00933,19/05/2025 18:36,19/05/2025 19:03,HA01,HA01,,Xe dap,4.9,
CD00934,19/05/2025 19:40,19/05/2025 19:55,DN03,DN02,,Xe đạp điện,3.9,Bình thường
CD00935,19/05/2025 19:45,19/05/2025 20:06,HA01,HA01,KH0367,Xe đạp,4.0,Bình thường
CD00936,20/05/2025 07:23,20/05/2025 07:46,DN02,DN03,KH0051,Xe đạp,4.1,
CD00937,20/05/2025 07:54,20/05/2025 08:00,DN02,DN02,KH0304,Xe đạp,1.2,Rất hài lòng
CD00938,20/05/2025 08:14,20/05/2025 08:37,HA01,HA01,KH0347,Xe đạp điện,6.5,Không hài lòng
CD00939,20/05/2025 12:50,20/05/2025 13:12,HA02,HA02,KH0294,Xe đạp,3.6,Rất hài lòng
CD00940,20/05/2025 13:09,20/05/2025 13:15,DN04,DN02,KH0401,Xe đạp,1.2,Rất hài lòng
CD00941,20/05/2025 13:26,20/05/2025 14:04,DN04,DN03,KH0171,Xe đạp điện,9.1,Rất hài lòng
CD00942,20/05/2025 14:39,20/05/2025 15:12,HA02,HA01,,Xe đạp điện,8.9,Hài lòng
CD00943,20/05/2025 16:54,20/05/2025 17:07,DN01,DN04,KH0423,Xe dap,2.2,Không hài lòng
CD00944,20/05/2025 16:57,20/05/2025 17:12,DN02,DN02,KH0074,Xe đạp điện,4.4,
CD00945,20/05/2025 17:14,20/05/2025 17:56,HA01,HA02,,Xe đạp,9.6,Hài lòng
CD00946,20/05/2025 17:56,20/05/2025 20:01,HA01,HA01,KH0451,Xe máy điện,41.2,Rất hài lòng
CD00947,20/05/2025 18:04,20/05/2025 18:32,HA01,HA01,,XE ĐẠP,5.8,Hài lòng
CD00948,20/05/2025 18:49,20/05/2025 19:27,HA02,HA02,KH0386,Xe đạp,6.9,Bình thường
CD00949,20/05/2025 18:58,20/05/2025 19:31,DN02,DN02,KH0358,xe đạp,5.9,Hài lòng
CD00950,21/05/2025 08:44,21/05/2025 09:25,HA01,HA01,KH0259,Xe đạp,7.6,Hài lòng
CD00951,21/05/2025 10:27,21/05/2025 11:02,HA01,HA02,KH0284,xe máy điện,13.7,Bình thường
CD00952,21/05/2025 10:59,21/05/2025 11:17,DN01,DN01,KH0461,Xe đạp,2.9,Bình thường
CD00953,21/05/2025 13:55,21/05/2025 14:14,DN04,DN03,KH0409,Xe đạp điện,5.7,Hài lòng
CD00954,21/05/2025 16:22,21/05/2025 16:32,DN03,DN02,KH0274,Xe đạp,1.4,Hài lòng
CD00955,21/05/2025 16:58,21/05/2025 17:22,DN03,DN01,KH0171,Xe đạp điện,9.5,Bình thường
CD00956,21/05/2025 17:46,21/05/2025 18:05,HA01,HA01,KH0446,Xe đạp điện,3.7,Bình thường
CD00957,21/05/2025 18:40,21/05/2025 18:54,DN02,DN02,KH0552,Xe đạp,2.8,
CD00958,21/05/2025 18:55,21/05/2025 19:10,DN02,DN04,KH0546,Xe đạp,3.3,Không hài lòng
CD00959,21/05/2025 19:00,21/05/2025 19:17,DN02,DN01,KH0094,Xe đạp,2.7,Bình thường
CD00960,21/05/2025 19:04,21/05/2025 19:30,DN02,DN02,KH0307,Xe đạp,4.4,Bình thường
CD00961,21/05/2025 19:43,21/05/2025 20:02,DN02,DN02,,Xe đạp,3.4,Bình thường
CD00962,22/05/2025 07:23,22/05/2025 07:44,DN02,DN02,KH0009,Xe đạp điện,3.6,Hài lòng
CD00963,22/05/2025 07:53,22/05/2025 08:02,DN02,DN03,KH0103,Xe máy điện,3.5,Hài lòng
CD00964,22/05/2025 09:52,22/05/2025 10:05,DN04,DN04,KH0004,Xe đạp,2.6,Hài lòng
CD00965,22/05/2025 12:11,22/05/2025 12:35,DN02,DN01,KH0366,Xe đạp,4.8,Rất hài lòng
CD00966,22/05/2025 14:59,22/05/2025 15:40,DN01,DN02,,Xe máy điện,16.1,Hài lòng
CD00967,22/05/2025 15:07,22/05/2025 15:24,DN01,DN02,,Xe dap dien,4.6,Hài lòng
CD00968,22/05/2025 17:26,22/05/2025 18:25,HA01,HA01,KH0148,Xe may dien,19.5,
CD00969,22/05/2025 17:46,22/05/2025 18:09,HA01,HA01,KH0205,Xe đạp điện,5.0,Hài lòng
CD00970,22/05/2025 17:48,,DN03,DN01,KH0217,Xe đạp điện,5.7,
CD00971,22/05/2025 18:19,22/05/2025 18:25,DN02,DN04,KH0377,Xe đạp,1.1,Bình thường
CD00972,23/05/2025 05:55,23/05/2025 06:24,DN02,DN01,,Xe đạp điện,5.6,Hài lòng
CD00973,23/05/2025 06:52,23/05/2025 07:23,HA01,HA02,,Xe đạp,7.0,Bình thường
CD00974,23/05/2025 06:53,23/05/2025 07:07,DN02,DN01,,Xe đạp,3.1,Hài lòng
CD00975,23/05/2025 07:07,23/05/2025 07:26,HA01,HA02,KH0400,Xe đạp điện,6.4,Hài lòng
CD00976,23/05/2025 07:49,23/05/2025 08:21,DN01,DN04,KH0247,Xe đạp điện,7.3,Hài lòng
CD00977,23/05/2025 08:08,23/05/2025 08:17,DN02,DN02,KH0472,Xe đạp điện,3.1,Hài lòng
CD00978,23/05/2025 12:43,23/05/2025 13:54,DN03,DN02,KH0035,Xe máy điện,24.6,Rất hài lòng
CD00979,23/05/2025 13:39,23/05/2025 14:07,DN02,DN02,KH0150,Xe đạp điện  ,8.0,
CD00980,23/05/2025 16:18,23/05/2025 16:30,DN02,DN04,KH0152,Xe đạp điện,3.0,
CD00981,23/05/2025 17:49,23/05/2025 18:42,HA02,HA01,KH0128,Xe máy điện,11.5,Rất hài lòng
CD00982,23/05/2025 18:41,23/05/2025 19:17,HA01,HA01,KH0012,Xe đạp điện,7.3,
CD00983,23/05/2025 18:46,23/05/2025 19:03,DN01,DN01,,Xe đạp điện,4.0,Bình thường
CD00984,23/05/2025 21:15,23/05/2025 21:28,HA02,HA02,KH0546,Xe đạp,2.4,
CD00985,23/05/2025 22:13,23/05/2025 22:35,DN03,DN03,,Xe đạp,3.1,Hài lòng
CD00986,24/05/2025 05:22,24/05/2025 06:14,HA02,HA01,KH0333,Xe đạp điện,11.4,Bình thường
CD00987,24/05/2025 06:39,24/05/2025 07:09,HA02,HA01,KH0236,Xe đạp điện,7.2,Hài lòng
CD00988,24/05/2025 07:14,24/05/2025 07:24,DN04,DN01,,Xe đạp điện,3.0,Hài lòng
CD00989,24/05/2025 07:25,24/05/2025 08:13,DN01,DN02,KH0162,Xe đạp điện,18.2,
CD00990,24/05/2025 08:35,24/05/2025 08:58,DN01,DN01,,Xe máy điện,7.5,Hài lòng
CD00991,24/05/2025 18:14,24/05/2025 18:50,DN01,DN04,KH0198,Xe máy điện,14.1,Bình thường
CD00992,24/05/2025 18:18,24/05/2025 18:49,HA01,HA01,KH0124,Xe máy điện,10.0,
CD00993,24/05/2025 18:31,24/05/2025 19:19,HA01,HA01,KH0125,Xe máy điện,14.4,Rất hài lòng
CD00994,24/05/2025 18:55,24/05/2025 19:10,DN01,DN01,KH0294,Xe đạp,2.7,Không hài lòng
CD00995,24/05/2025 19:35,24/05/2025 19:49,DN04,DN02,,XE ĐẠP,2.5,
CD00996,24/05/2025 21:43,24/05/2025 22:12,DN03,DN02,,XE ĐẠP ĐIỆN,9.0,Rất hài lòng
CD00997,25/05/2025 05:26,25/05/2025 06:02,DN02,DN03,KH0060,Xe đạp điện,8.3,Hài lòng
CD00998,25/05/2025 06:27,25/05/2025 06:48,DN01,DN02,,Xe đạp điện,5.7,Hài lòng
CD00999,25/05/2025 06:51,25/05/2025 07:05,HA01,HA01,KH0105,Xe đạp điện  ,5.5,Bình thường
CD01000,25/05/2025 06:55,25/05/2025 07:17,DN03,DN02,KH0065,Xe dap,5.2,Bình thường
CD01001,25/05/2025 06:57,25/05/2025 07:22,HA01,HA01,KH0380,Xe đạp,3.1,Bình thường
CD01002,25/05/2025 07:12,25/05/2025 07:59,DN01,DN03,KH0144,Xe đạp điện,8.2,Hài lòng
CD01003,25/05/2025 07:15,25/05/2025 07:50,DN02,DN02,KH0465,Xe máy điện,11.2,
CD01004,25/05/2025 07:17,25/05/2025 07:26,DN04,DN01,KH0378,Xe đạp,1.3,Hài lòng
CD01005,25/05/2025 08:06,25/05/2025 08:35,DN02,DN04,,Xe đạp điện,8.5,Hài lòng
CD01006,25/05/2025 08:42,25/05/2025 08:56,DN01,DN01,,Xe đạp điện,3.4,
CD01007,25/05/2025 09:23,25/05/2025 09:42,DN02,DN02,KH0461,Xe đạp điện,4.0,Hài lòng
CD01008,25/05/2025 15:18,25/05/2025 15:40,DN01,DN04,KH0347,Xe đạp,4.0,Hài lòng
CD01009,25/05/2025 16:57,25/05/2025 17:19,DN01,DN04,KH0106,Xe đạp điện  ,4.3,Hài lòng
CD01010,25/05/2025 18:29,25/05/2025 18:52,HA02,HA01,KH0231,Xe đạp,4.9,Hài lòng
CD01011,25/05/2025 20:03,25/05/2025 20:28,HA02,HA02,KH0498,Xe đạp,6.0,
CD01012,25/05/2025 21:00,25/05/2025 21:31,DN01,DN01,KH0458,Xe máy điện,5.8,Hài lòng
CD01013,25/05/2025 21:06,25/05/2025 21:53,DN02,DN03,,Xe máy điện,22.4,Rất hài lòng
CD01014,25/05/2025 21:35,25/05/2025 22:12,HA02,HA01,,Xe may dien,14.4,Hài lòng
CD01015,26/05/2025 05:33,26/05/2025 05:39,DN02,DN02,,Xe đạp,1.0,Hài lòng
CD01016,26/05/2025 06:10,26/05/2025 06:44,DN02,DN01,KH0040,Xe đạp điện,10.1,Bình thường
CD01017,26/05/2025 06:13,26/05/2025 07:05,DN04,DN02,KH0461,Xe máy điện,22.4,Hài lòng
CD01018,26/05/2025 06:20,26/05/2025 06:34,DN04,DN03,KH0268,Xe đạp điện,4.0,Hài lòng
CD01019,26/05/2025 08:30,26/05/2025 08:45,DN02,DN03,,Xe đạp,3.0,Hài lòng
CD01020,26/05/2025 09:56,26/05/2025 10:47,DN01,DN02,,Xe đạp điện,11.7,Bình thường
CD01021,26/05/2025 10:14,26/05/2025 10:31,DN01,DN02,,Xe đạp điện,4.7,Hài lòng
CD01022,26/05/2025 16:41,26/05/2025 17:19,HA01,HA01,,Xe dap,7.7,Hài lòng
CD01023,26/05/2025 17:30,26/05/2025 17:46,HA01,HA01,,Xe máy điện,4.7,Hài lòng
CD01024,26/05/2025 17:38,26/05/2025 18:02,HA02,HA02,KH0421,Xe đạp điện,7.2,Rất hài lòng
CD01025,26/05/2025 18:12,26/05/2025 18:42,DN03,DN04,KH0164, Xe đạp,3.4,Bình thường
CD01026,26/05/2025 18:20,26/05/2025 18:44,HA02,HA01,KH0052,Xe đạp,4.5,
CD01027,26/05/2025 19:42,26/05/2025 20:06,DN03,DN03,,Xe đạp điện,6.6,Không hài lòng
CD01028,27/05/2025 06:17,27/05/2025 07:06,HA01,HA02,KH0213,Xe máy điện,25.7,Hài lòng
CD01029,27/05/2025 07:25,27/05/2025 07:39,DN01,DN02,,Xe đạp điện,3.7,Hài lòng
CD01030,27/05/2025 08:41,27/05/2025 08:51,DN02,DN01,KH0485,Xe đạp,2.8,Rất hài lòng
CD01031,27/05/2025 10:36,,HA01,HA02,KH0461,Xe máy điện,22.7,Bình thường
CD01032,27/05/2025 14:47,27/05/2025 15:04,DN04,DN01,,Xe đạp,2.7,Bình thường
CD01033,27/05/2025 15:14,27/05/2025 16:22,HA02,HA01,KH0449,Xe đạp điện,16.3,
CD01034,27/05/2025 15:54,27/05/2025 16:19,DN02,DN02,,Xe máy điện,10.6,Hài lòng
CD01035,27/05/2025 16:52,27/05/2025 17:10,HA01,HA01,KH0098,Xe đạp,4.0,Hài lòng
CD01036,27/05/2025 17:03,27/05/2025 17:20,DN03,DN02,KH0369,Xe đạp,3.2,Bình thường
CD01037,28/05/2025 06:50,28/05/2025 07:14,DN03,DN01,,Xe đạp điện,6.3,Hài lòng
CD01037,28/05/2025 06:50,28/05/2025 07:14,DN03,DN01,,Xe đạp điện,6.3,Hài lòng
CD01038,28/05/2025 07:20,28/05/2025 07:30,DN03,DN01,,Xe đạp,1.6,Hài lòng
CD01039,28/05/2025 09:20,28/05/2025 09:54,HA02,HA02,KH0465,Xe máy điện,12.5,Bình thường
CD01040,28/05/2025 10:15,28/05/2025 10:38,HA01,HA02,KH0065,Xe đạp,3.8,Hài lòng
CD01041,28/05/2025 12:23,28/05/2025 12:54,HA01,HA01,KH0132,Xe đạp điện,8.2,Hài lòng
CD01042,28/05/2025 13:40,28/05/2025 13:43,DN03,DN02,,Xe đạp,0.7,Hài lòng
CD01043,28/05/2025 16:56,28/05/2025 17:58,HA01,HA02,KH0023,Xe đạp điện,18.9,
CD01044,28/05/2025 17:01,28/05/2025 17:12,HA01,HA01,,XE ĐẠP ĐIỆN,3.6,Rất hài lòng
CD01045,28/05/2025 17:11,28/05/2025 17:30,DN01,DN04,KH0404,Xe đạp,3.1,Bình thường
CD01046,28/05/2025 17:23,28/05/2025 17:44,DN03,DN01,KH0084,Xe đạp,4.3,Bình thường
CD01047,28/05/2025 18:30,28/05/2025 19:27,DN03,DN03,KH0325,Xe máy điện,19.5,Bình thường
CD01048,28/05/2025 18:36,28/05/2025 19:06,DN02,DN03,KH0260,Xe đạp điện,7.8,Bình thường
CD01049,28/05/2025 20:25,28/05/2025 20:37,DN01,DN01,KH0153,XE ĐẠP,2.0,Bình thường
CD01050,29/05/2025 06:47,29/05/2025 07:06,DN03,DN03,KH0181,Xe đạp,-0.8,Rất hài lòng
CD01051,29/05/2025 07:37,29/05/2025 07:53,DN01,DN02,KH0450,Xe đạp điện,3.9,Hài lòng
CD01052,29/05/2025 07:39,29/05/2025 07:54,DN04,DN03,KH0256,Xe đạp điện  ,3.5,Hài lòng
CD01053,29/05/2025 08:45,29/05/2025 08:59,DN04,DN02,KH0545,Xe đạp,3.0,Bình thường
CD01054,29/05/2025 11:43,29/05/2025 11:53,HA01,HA02,KH0390,XE ĐẠP,1.5,Bình thường
CD01055,29/05/2025 12:16,29/05/2025 12:39,DN01,DN02,KH0392,xe đạp,5.2,Bình thường
CD01056,29/05/2025 12:18,29/05/2025 12:52,HA01,HA02,KH0308,Xe đạp điện,8.7,Hài lòng
CD01057,29/05/2025 12:51,29/05/2025 13:17,DN01,DN03,KH0118,Xe đạp điện,9.1,Hài lòng
CD01058,29/05/2025 15:47,29/05/2025 16:15,DN03,DN01,KH0214,Xe đạp điện,9.0,Hài lòng
CD01059,29/05/2025 17:43,29/05/2025 18:14,HA01,HA02,KH0173,Xe máy điện,10.8,Hài lòng
CD01060,29/05/2025 17:50,29/05/2025 18:01,HA01,HA01,KH0359,Xe đạp điện  ,4.7,Hài lòng
CD01061,29/05/2025 17:50,29/05/2025 18:57,HA01,HA02,,Xe đạp điện,20.4,Hài lòng
CD01062,29/05/2025 18:45,29/05/2025 19:06,DN02,DN01,,Xe đạp điện,5.1,Bình thường
CD01063,30/05/2025 06:09,30/05/2025 06:21,DN01,DN03,,Xe đạp điện,2.9,
CD01064,30/05/2025 06:41,30/05/2025 07:00,DN02,DN04,KH0286,Xe đạp điện,3.6,Hài lòng
CD01065,30/05/2025 07:00,30/05/2025 07:09,DN02,DN02,KH0217,Xe đạp,2.0,Bình thường
CD01066,30/05/2025 07:07,30/05/2025 07:20,DN01,DN04,KH0310,XE ĐẠP,3.1,Bình thường
CD01067,30/05/2025 09:22,30/05/2025 09:46,HA01,HA01,,Xe đạp,4.2,Bình thường
CD01068,30/05/2025 09:45,30/05/2025 10:21,DN03,DN01,KH0459,Xe máy điện,14.8,Hài lòng
CD01069,30/05/2025 11:23,30/05/2025 11:31,DN02,DN02,,Xe đạp,1.7,Hài lòng
CD01070,30/05/2025 12:31,30/05/2025 12:55,DN03,DN02,KH0336,Xe đạp điện,6.2,Rất hài lòng
CD01071,30/05/2025 15:59,30/05/2025 16:00,DN03,DN03,KH0342,Xe đạp,0.0,Hài lòng
CD01072,30/05/2025 17:47,30/05/2025 18:13,DN02,DN03,KH0332,Xe đạp,4.7,Bình thường
CD01073,30/05/2025 18:40,30/05/2025 19:04,HA01,HA02,KH0155,Xe đạp điện,8.0,
CD01074,30/05/2025 20:10,30/05/2025 20:29,DN02,DN04,KH0472,Xe đạp điện,5.9,Hài lòng
CD01075,31/05/2025 05:42,31/05/2025 06:28,HA01,HA02,,Xe máy điện,,Rất hài lòng
CD01076,31/05/2025 06:03,31/05/2025 06:16,DN03,DN03,KH0313,Xe đạp điện,3.2,Rất hài lòng
CD01077,31/05/2025 07:20,31/05/2025 08:05,HA01,HA01,KH0089,Xe đạp điện,12.0,Hài lòng
CD01078,31/05/2025 07:34,31/05/2025 08:11,DN03,DN04,KH0162,Xe máy điện,13.4,Rất hài lòng
CD01079,31/05/2025 07:56,31/05/2025 08:18,DN01,DN04,,Xe đạp,4.0,Hài lòng
CD01080,31/05/2025 08:11,31/05/2025 08:12,DN01,DN01,KH0130,Xe đạp điện  ,0.0,Hài lòng
CD01081,31/05/2025 09:36,31/05/2025 10:02,HA01,HA01,KH0294,Xe đạp,5.9,
CD01082,31/05/2025 14:33,31/05/2025 15:01,DN01,DN03,KH0330,Xe đạp,5.3,Hài lòng
CD01083,31/05/2025 15:53,31/05/2025 16:13,HA01,HA01,KH0028,Xe đạp,2.2,Hài lòng
CD01084,31/05/2025 15:54,31/05/2025 16:08,DN01,DN03,,Xe đạp điện,4.0,Rất hài lòng
CD01085,31/05/2025 16:05,31/05/2025 16:34,DN01,DN03,,Xe đạp,4.4,
CD01086,31/05/2025 17:24,31/05/2025 17:41,DN01,DN02,KH0068,Xe đạp điện,4.9,Không hài lòng
CD01087,31/05/2025 17:40,31/05/2025 18:23,HA02,HA01,,Xe máy điện,17.3,Rất hài lòng
CD01088,31/05/2025 18:07,31/05/2025 18:50,HA01,HA02,KH0014,Xe máy điện,22.4,Rất hài lòng
CD01089,31/05/2025 18:46,31/05/2025 19:01,DN02,DN01,KH0412,XE ĐẠP,3.2,Bình thường
CD01090,31/05/2025 20:06,31/05/2025 20:42,HA01,HA01,,Xe máy điện,12.9,
CD01091,31/05/2025 20:17,31/05/2025 21:07,HA01,HA02,KH0138,Xe đạp điện,13.0,Hài lòng
CD01092,01/06/2025 07:37,01/06/2025 08:09,DN04,DN01,KH0060,Xe đạp điện,8.4,Hài lòng
CD01093,01/06/2025 07:49,01/06/2025 08:21,HA01,HA01,KH0220,Xe đạp điện,8.6,Hài lòng
CD01094,01/06/2025 10:58,01/06/2025 12:10,HA02,HA01,, Xe máy điện,24.5,Rất hài lòng
CD01095,01/06/2025 11:35,01/06/2025 11:45,DN01,DN01,KH0158,Xe đạp,1.8,Bình thường
CD01096,01/06/2025 12:31,01/06/2025 12:51,HA01,HA01,KH0235,Xe đạp điện,5.4,Hài lòng
CD01097,01/06/2025 13:26,01/06/2025 13:47,HA02,HA01,KH0416,Xe máy điện,6.5,Hài lòng
CD01098,01/06/2025 14:12,01/06/2025 14:31,HA01,HA02,KH0069,Xe dap,3.4,Hài lòng
CD01099,01/06/2025 14:30,01/06/2025 15:18,HA02,HA02,KH0061,Xe may dien,14.7,Rất hài lòng
CD01100,01/06/2025 16:50,01/06/2025 18:08,HA01,HA02,KH0223,Xe máy điện,27.7,Không hài lòng
CD01101,01/06/2025 16:55,01/06/2025 17:01,DN07,DN01,KH0270,Xe đạp điện,1.4,Không hài lòng
CD01102,01/06/2025 17:37,01/06/2025 17:59,HA02,HA01,KH0474,Xe đạp,,Hài lòng
CD01103,01/06/2025 17:38,01/06/2025 17:49,DN04,DN03,KH0215,Xe đạp điện,3.6,Hài lòng
CD01104,01/06/2025 17:54,01/06/2025 18:36,DN01,DN02,,Xe máy điện,13.3,Không hài lòng
CD01105,01/06/2025 17:58,01/06/2025 18:15,DN02,DN04,KH0497,Xe may dien,5.9,Hài lòng
CD01106,01/06/2025 19:42,01/06/2025 20:31,HA02,HA01,,xe đạp điện,9.7,Hài lòng
CD01107,01/06/2025 20:01,01/06/2025 20:29,HA01,HA01,,Xe đạp,6.3,Hài lòng
CD01108,01/06/2025 21:03,01/06/2025 21:28,HA02,HA01,,XE ĐẠP,5.4,Hài lòng
CD01109,01/06/2025 21:12,01/06/2025 21:23,DN03,DN03,KH0121,Xe máy điện,3.9,Bình thường
CD01110,01/06/2025 21:30,01/06/2025 21:48,HA02,HA01,KH0403,Xe đạp điện,5.2,
CD01111,01/06/2025 21:33,01/06/2025 22:00,DN02,DN01,KH0475,Xe đạp điện,8.7,Hài lòng
CD01112,01/06/2025 21:37,01/06/2025 21:47,DN01,DN02,KH0434,Xe đạp,2.3,Bình thường
CD01113,02/06/2025 07:56,02/06/2025 08:13,DN02,DN02,KH0365,Xe đạp điện,5.9,Rất hài lòng
CD01114,02/06/2025 09:30,02/06/2025 09:38,DN04,DN01,KH0090,Xe đạp,1.5,Rất hài lòng
CD01115,02/06/2025 10:56,02/06/2025 11:40,DN01,DN02,,Xe máy điện,14.0,Bình thường
CD01116,02/06/2025 12:50,02/06/2025 13:05,HA02,HA02,,Xe đạp,2.3,Rất hài lòng
CD01117,02/06/2025 13:27,02/06/2025 14:15,HA01,HA01,KH0500,Xe máy điện,14.4,Rất hài lòng
CD01118,02/06/2025 13:50,02/06/2025 14:13,DN04,DN03,KH0424,Xe máy điện,9.7,Rất hài lòng
CD01119,02/06/2025 14:41,02/06/2025 14:47,DN02,DN03,KH0092,Xe đạp điện,1.8,Hài lòng
CD01120,02/06/2025 15:11,02/06/2025 16:18,HA01,HA02,,XE ĐẠP ĐIỆN,13.9,Hài lòng
CD01121,02/06/2025 16:05,02/06/2025 16:14,DN01,DN04,KH0320,Xe đạp,1.2,
CD01122,02/06/2025 16:57,02/06/2025 17:15,DN01,DN01,KH0175,Xe đạp điện,3.9,Bình thường
CD01123,02/06/2025 17:06,02/06/2025 17:19,DN01,DN01,,Xe đạp,1.9,Không hài lòng
CD01124,02/06/2025 17:31,02/06/2025 17:51,HA02,HA01,KH0303,Xe đạp điện,4.5,Hài lòng
CD01125,02/06/2025 17:55,02/06/2025 18:06,DN01,DN02,,Xe máy điện,2.5,Bình thường
CD01126,02/06/2025 18:05,02/06/2025 18:24,DN02,DN01,KH0183,Xe đạp điện,5.4,Không hài lòng
CD01127,02/06/2025 19:27,02/06/2025 19:46,DN03,DN04,KH0152,xe đạp,2.9,
CD01128,02/06/2025 20:34,02/06/2025 21:01,DN01,DN03,KH0089,Xe may dien,10.9,Hài lòng
CD01129,02/06/2025 20:38,02/06/2025 21:10,DN04,DN02,,Xe đạp điện,5.6,Rất hài lòng
CD01130,03/06/2025 07:51,,DN01,DN02,KH0400,Xe đạp điện,9.3,
CD01131,03/06/2025 10:20,03/06/2025 10:37,DN01,DN02,,Xe đạp điện,3.8,
CD01132,03/06/2025 15:16,03/06/2025 15:34,DN01,DN01,KH0312,XE ĐẠP,4.7,Bình thường
CD01133,03/06/2025 17:17,03/06/2025 17:36,HA01,HA01,KH0045,Xe đạp điện,3.8,Rất hài lòng
CD01134,03/06/2025 19:16,,HA01,HA02,KH0418,Xe đạp điện,9.5,Hài lòng
CD01135,03/06/2025 19:24,03/06/2025 20:20,DN01,DN03,,Xe máy điện,23.7,Hài lòng
CD01136,03/06/2025 19:29,03/06/2025 20:48,DN04,DN01,,Xe đạp điện,22.4,Bình thường
CD01137,03/06/2025 20:06,03/06/2025 20:50,DN01,DN02,KH0006,Xe máy điện,18.0,Rất hài lòng
CD01138,03/06/2025 20:22,03/06/2025 20:36,HA02,HA01,,Xe đạp,2.8,Hài lòng
CD01139,04/06/2025 07:14,04/06/2025 08:00,DN01,DN01,,Xe máy điện,17.9,
CD01140,04/06/2025 07:32,04/06/2025 07:53,DN03,DN01,KH0109,Xe đạp,3.0,Bình thường
CD01141,04/06/2025 07:43,04/06/2025 07:48,DN03,DN01,KH0368, Xe đạp,0.6,Bình thường
CD01142,04/06/2025 07:48,04/06/2025 08:01,DN01,DN02,,Xe đạp điện,3.5,Rất hài lòng
CD01143,04/06/2025 08:14,04/06/2025 08:30,DN01,DN02,KH0131,Xe máy điện,5.2,Rất hài lòng
CD01144,04/06/2025 09:28,04/06/2025 09:42,DN01,DN04,KH0361,Xe đạp điện,4.5,Rất hài lòng
CD01145,04/06/2025 12:40,04/06/2025 12:47,DN03,DN03,,Xe đạp,1.4,Hài lòng
CD01146,04/06/2025 14:33,04/06/2025 15:08,DN04,DN03,KH0408,Xe đạp điện,9.9,
CD01147,04/06/2025 14:42,04/06/2025 15:45,HA02,HA01,KH0348,Xe máy điện,28.5,
CD01148,04/06/2025 17:42,04/06/2025 18:37,DN02,DN03,KH0216,Xe máy điện,24.0,
CD01149,04/06/2025 18:27,04/06/2025 18:45,DN04,DN04,KH0335,Xe đạp điện,4.2,Bình thường
CD01150,04/06/2025 20:34,04/06/2025 20:44,DN02,DN03,KH0226,Xe đạp điện,2.7,Bình thường
CD01151,05/06/2025 06:16,05/06/2025 06:31,HA02,HA01,KH0174,Xe đạp,2.2,Hài lòng
CD01152,05/06/2025 08:48,05/06/2025 09:10,DN02,DN02,KH0102,Xe đạp,5.0,Rất hài lòng
CD01153,05/06/2025 11:07,05/06/2025 11:29,DN02,DN03,KH0236,Xe đạp,3.8,
CD01154,05/06/2025 12:04,05/06/2025 12:21,HA01,HA02,KH0332,Xe đạp điện,4.1,
CD01155,05/06/2025 15:18,05/06/2025 15:37,DN01,DN01,KH0089,Xe máy điện,8.5,Hài lòng
CD01156,05/06/2025 15:57,05/06/2025 16:08,DN03,DN01,KH0017,Xe máy điện,4.5,Rất hài lòng
CD01157,05/06/2025 17:35,05/06/2025 17:48,DN03,DN03,,Xe đạp điện  ,3.9,
CD01158,05/06/2025 18:12,05/06/2025 18:44,DN02,DN04,KH0475,Xe đạp,4.2,Bình thường
CD01159,05/06/2025 19:15,05/06/2025 19:38,DN01,DN03,,Xe máy điện,5.8,Hài lòng
CD01160,05/06/2025 20:15,05/06/2025 20:43,DN02,DN02,,Xe đạp,4.7,
CD01161,05/06/2025 21:33,05/06/2025 21:46,HA01,HA01,KH0113,Xe đạp điện,3.5,Rất hài lòng
CD01162,06/06/2025 06:00,06/06/2025 06:25,HA01,HA02,,Xe đạp,4.3,Rất hài lòng
CD01163,06/06/2025 06:48,06/06/2025 07:04,DN02,DN02,KH0057,Xe đạp,3.1,Hài lòng
CD01164,06/06/2025 07:15,06/06/2025 07:29,DN02,DN01,KH0249,Xe đạp,2.4,
CD01165,06/06/2025 07:17,06/06/2025 07:22,DN01,DN04,,Xe đạp,1.1,Hài lòng
CD01166,06/06/2025 07:21,06/06/2025 08:20,DN04,DN02,KH0387,Xe máy điện,17.3,Rất hài lòng
CD01167,06/06/2025 08:09,06/06/2025 09:03,DN03,DN02,KH0231,Xe máy điện,19.8,Rất hài lòng
CD01168,06/06/2025 08:13,06/06/2025 08:31,HA02,HA01,KH0378,Xe đạp điện,5.8,Bình thường
CD01169,06/06/2025 08:14,06/06/2025 08:44,DN02,DN03,KH0022,XE MÁY ĐIỆN,10.5,Rất hài lòng
CD01170,06/06/2025 08:18,06/06/2025 08:41,HA02,HA01,KH0268,Xe đạp,4.4,Hài lòng
CD01171,06/06/2025 16:09,06/06/2025 16:34,DN01,DN01,KH0106,Xe đạp điện,6.4,Rất hài lòng
CD01172,06/06/2025 17:59,06/06/2025 18:41,DN01,DN01,KH0033,Xe đạp điện,10.9,
CD01173,06/06/2025 19:11,06/06/2025 19:58,HA01,HA02,,Xe đạp điện  ,10.6,
CD01174,06/06/2025 19:46,06/06/2025 21:16,DN02,DN04,,Xe máy điện,46.5,Rất hài lòng
CD01175,06/06/2025 20:13,06/06/2025 21:14,HA02,HA02,,Xe máy điện,24.0,Bình thường
CD01176,06/06/2025 20:57,06/06/2025 21:30,HA01,HA01,KH0163,Xe máy điện,14.3,
CD01177,07/06/2025 05:10,07/06/2025 05:26,HA02,HA01,KH0211, Xe máy điện,6.5,
CD01178,07/06/2025 05:38,07/06/2025 05:54,DN04,DN01,KH0235,Xe đạp điện,4.0,Bình thường
CD01179,07/06/2025 06:04,07/06/2025 06:31,DN02,DN01,,Xe đạp,3.8,Hài lòng
CD01180,07/06/2025 07:15,07/06/2025 07:16,HA01,HA01,KH0479,Xe máy điện,0.1,Rất hài lòng
CD01181,07/06/2025 07:28,07/06/2025 08:04,DN03,DN02,KH0242,Xe máy điện,15.6,
CD01182,07/06/2025 08:12,07/06/2025 08:28,DN01,DN01,KH0098,Xe đạp,2.9,Hài lòng
CD01183,07/06/2025 08:13,07/06/2025 08:27,DN02,DN02,KH0466,Xe máy điện,3.9,Hài lòng
CD01184,07/06/2025 08:17,07/06/2025 08:32,HA02,HA01,KH0012,Xe đạp điện,4.1,Hài lòng
CD01185,07/06/2025 10:24,07/06/2025 10:39,DN02,DN04,KH0392,Xe đạp điện,3.5,Hài lòng
CD01186,07/06/2025 11:00,07/06/2025 11:13,HA01,HA01,KH0305,Xe đạp điện,4.4,Bình thường
CD01187,07/06/2025 11:09,07/06/2025 12:22,HA02,HA02,KH0479,Xe máy điện,24.0,Hài lòng
CD01188,07/06/2025 11:59,07/06/2025 12:16,DN02,DN01,,Xe đạp,3.0,
CD01189,07/06/2025 13:46,07/06/2025 14:07,DN04,DN03,KH0182,Xe máy điện,7.9,Rất hài lòng
CD01190,07/06/2025 13:53,07/06/2025 14:15,DN03,DN03,KH0490,Xe máy điện,5.3,
CD01191,07/06/2025 14:23,07/06/2025 15:20,DN01,DN02,KH0037,Xe máy điện,23.8,
CD01192,07/06/2025 16:32,07/06/2025 17:15,DN03,DN03,KH0446,Xe máy điện,15.3,Hài lòng
CD01193,07/06/2025 16:48,07/06/2025 17:15,DN04,DN02,,Xe đạp điện,7.8,Bình thường
CD01194,07/06/2025 16:59,07/06/2025 17:15,DN04,DN01,,Xe đạp,3.4,Không hài lòng
CD01195,07/06/2025 17:14,07/06/2025 18:02,HA02,HA01,KH0314,XE ĐẠP ĐIỆN,17.1,Hài lòng
CD01196,07/06/2025 17:20,07/06/2025 17:51,HA01,HA01,,Xe đạp điện,8.7,
CD01197,07/06/2025 17:41,07/06/2025 18:03,DN02,DN02,KH0342,Xe đạp,4.5,Hài lòng
CD01198,07/06/2025 18:04,07/06/2025 19:08,HA01,HA01,KH0328,Xe đạp điện,15.4,Bình thường
CD01199,07/06/2025 18:06,07/06/2025 18:22,HA02,HA01,KH0386,Xe đạp,2.8,Hài lòng
CD01200,07/06/2025 18:23,07/06/2025 18:51,DN01,DN02,KH0311,Xe máy điện,10.3,Hài lòng
CD01201,07/06/2025 18:50,07/06/2025 19:15,HA01,HA02,KH0438,xe đạp điện,5.0,
CD01202,07/06/2025 19:27,07/06/2025 21:26,HA02,HA01,,Xe máy điện,,Bình thường
CD01203,08/06/2025 10:05,08/06/2025 10:29,HA01,HA02,KH0097,Xe đạp điện,5.9,Rất hài lòng
CD01204,08/06/2025 11:18,08/06/2025 11:44,HA01,HA01,KH0414,Xe đạp,4.5,
CD01205,08/06/2025 12:27,08/06/2025 12:44,DN02,DN02,KH0335,Xe đạp,4.1,Hài lòng
CD01206,08/06/2025 12:28,08/06/2025 12:35,HA01,HA02,KH0413,XE ĐẠP,1.4,Bình thường
CD01207,08/06/2025 15:00,08/06/2025 15:22,DN03,DN01,KH0087,Xe đạp điện,4.4,Rất hài lòng
CD01208,08/06/2025 15:17,08/06/2025 16:03,DN01,DN03,,Xe đạp điện,9.7,
CD01209,08/06/2025 15:56,08/06/2025 16:18,DN03,DN02,,Xe đạp điện,4.1,
CD01210,08/06/2025 17:28,08/06/2025 17:47,DN01,DN02,KH0232,Xe đạp điện,5.7,Bình thường
CD01211,08/06/2025 17:41,08/06/2025 18:00,DN02,DN02,KH0043,Xe đạp điện,6.5,Rất hài lòng
CD01212,08/06/2025 17:42,08/06/2025 18:01,DN03,DN01,KH0183,Xe đạp điện,4.8,Bình thường
CD01213,08/06/2025 17:47,08/06/2025 17:53,DN04,DN03,,Xe đạp,1.1,Bình thường
CD01214,08/06/2025 18:02,08/06/2025 18:17,HA01,HA01,KH0388,Xe đạp,2.5,Bình thường
CD01215,08/06/2025 19:23,08/06/2025 19:46,DN01,DN02,KH0348,Xe đạp điện,3.1,Hài lòng
CD01216,08/06/2025 20:13,08/06/2025 20:48,DN04,DN02,,Xe đạp điện,10.1,Không hài lòng
CD01217,08/06/2025 20:16,08/06/2025 20:40,DN03,DN04,KH0405,Xe đạp điện,7.2,Bình thường
CD01218,08/06/2025 21:08,08/06/2025 21:14,DN01,DN01,,Xe đạp điện,,Rất hài lòng
CD01219,08/06/2025 22:40,08/06/2025 22:58,HA01,HA01,KH0172,Xe đạp,3.6,
CD01220,09/06/2025 05:24,09/06/2025 05:50,DN04,DN02,KH0389,Xe đạp điện,5.6,
CD01221,09/06/2025 09:16,09/06/2025 09:41,HA01,HA02,KH0416,xe đạp điện,5.2,Rất hài lòng
CD01222,09/06/2025 10:26,09/06/2025 11:03,DN04,DN01,,Xe đạp,8.0,
CD01223,09/06/2025 16:50,09/06/2025 17:22,DN03,DN02,KH0081,Xe đạp điện,8.0,
CD01224,09/06/2025 16:57,09/06/2025 17:12,DN03,DN01,,Xe đạp điện,3.7,Bình thường
CD01225,09/06/2025 17:00,09/06/2025 17:11,DN02,DN02,KH0476,Xe đạp điện,4.1,
CD01226,09/06/2025 17:31,09/06/2025 17:59,HA02,HA01,KH0149,xe máy điện,10.5,Rất hài lòng
CD01227,09/06/2025 17:47,09/06/2025 18:44,HA02,HA01,KH0226,Xe đạp điện,16.4,Rất hài lòng
CD01228,09/06/2025 19:07,09/06/2025 19:26,HA02,HA02,,Xe đạp điện,5.3,Hài lòng
CD01229,09/06/2025 19:26,09/06/2025 20:18,HA02,HA02,KH0438,Xe đạp điện,15.0,Bình thường
CD01230,09/06/2025 19:35,09/06/2025 20:53,HA01,HA02,KH0014,Xe máy điện,27.9,Bình thường
CD01231,09/06/2025 20:37,09/06/2025 20:56,DN03,DN02,KH0492,Xe đạp,3.9,
CD01232,09/06/2025 20:38,09/06/2025 21:14,HA01,HA01,KH0242,Xe đạp điện,8.0,Hài lòng
CD01233,09/06/2025 20:51,09/06/2025 21:22,DN01,DN02,KH0168,XE ĐẠP ĐIỆN,8.8,Hài lòng
CD01234,09/06/2025 20:55,09/06/2025 21:13,DN01,DN01,KH0443,xe đạp,2.5,Bình thường
CD01235,10/06/2025 06:24,10/06/2025 06:40,DN02,DN01,KH0028,Xe đạp điện,4.0,
CD01236,10/06/2025 06:26,10/06/2025 07:01,DN02,DN01,KH0166,Xe máy điện,12.5,Hài lòng
CD01237,10/06/2025 06:33,10/06/2025 07:38,DN02,DN03,KH0393,Xe máy điện,23.8,Hài lòng
CD01238,10/06/2025 07:22,10/06/2025 07:41,DN03,DN04,,Xe đạp,3.7,Hài lòng
CD01239,10/06/2025 13:51,10/06/2025 14:11,DN01,DN01,,Xe may dien,8.9,Hài lòng
CD01239,10/06/2025 13:51,10/06/2025 14:11,DN01,DN01,,Xe may dien,8.9,Hài lòng
CD01240,10/06/2025 14:11,10/06/2025 14:58,DN03,DN02,KH0115,Xe đạp,6.1,Hài lòng
CD01241,10/06/2025 14:51,10/06/2025 15:09,DN04,DN04,,Xe máy điện,7.4,Rất hài lòng
CD01242,10/06/2025 16:09,10/06/2025 16:21,HA01,HA01,KH0233,Xe đạp,1.8,
CD01243,10/06/2025 16:48,,DN01,DN01,KH0273,XE MÁY ĐIỆN,16.8,Hài lòng
CD01244,10/06/2025 17:12,10/06/2025 17:32,DN01,DN01,KH0239,Xe đạp,3.2,Bình thường
CD01245,10/06/2025 18:38,10/06/2025 18:55,HA02,HA01,KH0387,xe đạp,2.0,Rất hài lòng
CD01246,10/06/2025 18:40,10/06/2025 18:52,HA01,HA01,,Xe đạp,1.7,Rất hài lòng
CD01247,10/06/2025 19:25,10/06/2025 19:53,HA02,HA01,, Xe đạp,5.7,Hài lòng
CD01248,10/06/2025 19:32,10/06/2025 21:11,HA01,HA01,KH0533,Xe máy điện,40.1,Bình thường
CD01249,10/06/2025 19:54,10/06/2025 21:30,DN02,DN01,KH0362,Xe máy điện,30.1,Hài lòng
CD01250,10/06/2025 20:21,10/06/2025 20:58,DN02,DN04,KH0336,Xe máy điện,11.9,Rất hài lòng
CD01251,10/06/2025 20:55,10/06/2025 21:06,DN03,DN04,KH0209,Xe đạp,1.5,Rất hài lòng
CD01252,11/06/2025 06:34,11/06/2025 06:41,DN03,DN02,KH0293,Xe đạp,1.1,
CD01253,11/06/2025 06:37,11/06/2025 07:08,HA01,HA02,KH0258,Xe đạp điện,8.4,Hài lòng
CD01254,11/06/2025 07:18,11/06/2025 07:31,DN01,DN03,,Xe đạp,2.5,Hài lòng
CD01255,11/06/2025 07:31,11/06/2025 08:22,HA01,HA02,KH0080,Xe dap dien,14.8,
CD01256,11/06/2025 07:49,11/06/2025 08:21,DN04,DN01,,Xe máy điện,14.0,Hài lòng
CD01257,11/06/2025 09:21,11/06/2025 09:44,DN03,DN04,KH0383,Xe đạp điện,5.9,Rất hài lòng
CD01258,11/06/2025 12:30,11/06/2025 12:43,HA02,HA01,KH0087,Xe đạp,2.7,Bình thường
CD01259,11/06/2025 14:36,11/06/2025 15:29,HA02,HA02,KH0453,Xe máy điện,18.1,
CD01260,11/06/2025 16:49,11/06/2025 17:08,DN04,DN03,,Xe đạp điện,4.4,Bình thường
CD01261,11/06/2025 18:19,11/06/2025 19:36,DN01,DN04,,Xe máy điện,28.1,
CD01262,11/06/2025 18:53,11/06/2025 19:09,DN02,DN01,KH0465,Xe đạp điện,4.2,Bình thường
CD01263,11/06/2025 20:27,11/06/2025 20:48,DN01,DN04,KH0354,Xe đạp điện,5.1,Bình thường
CD01264,12/06/2025 08:26,12/06/2025 09:19,DN04,DN03,KH0446,Xe đạp,9.1,Hài lòng
CD01265,12/06/2025 09:53,12/06/2025 10:15,HA01,HA02,KH0486,Xe đạp,3.5,
CD01266,12/06/2025 10:51,12/06/2025 12:28,HA01,HA02,KH0370,Xe đạp điện,27.8,Bình thường
CD01267,12/06/2025 11:20,12/06/2025 11:53,HA02,HA01,,XE ĐẠP ĐIỆN,6.7,Bình thường
CD01268,12/06/2025 13:24,12/06/2025 13:30,DN01,DN01,KH0156,Xe đạp,1.2,Bình thường
CD01269,12/06/2025 14:56,12/06/2025 15:05,DN04,DN03,KH0126, Xe đạp,0.8,
CD01270,12/06/2025 15:33,12/06/2025 15:56,DN04,DN02,KH0245,Xe đạp điện  ,4.4,
CD01271,12/06/2025 16:25,12/06/2025 16:39,DN02,DN04,KH0484,Xe đạp,1.7,
CD01272,12/06/2025 17:44,12/06/2025 17:58,HA01,HA02,KH0336,Xe đạp điện,4.3,
CD01273,12/06/2025 18:27,12/06/2025 19:00,DN02,DN01,KH0265,Xe máy điện,11.4,
CD01274,12/06/2025 18:32,12/06/2025 18:52,DN01,DN04,KH0293,Xe đạp điện,6.3,Bình thường
CD01275,12/06/2025 18:51,12/06/2025 19:29,HA01,HA01,,Xe máy điện,18.8,Rất hài lòng
CD01276,12/06/2025 19:14,12/06/2025 19:29,HA02,HA01,KH0465,Xe máy điện,6.6,
CD01277,12/06/2025 20:37,12/06/2025 21:07,HA02,HA01,KH0223,Xe dap dien,7.7,
CD01278,12/06/2025 20:42,12/06/2025 21:55,HA01,HA01,KH0245,Xe máy điện,27.9,
CD01279,13/06/2025 06:33,13/06/2025 08:46,DN03,DN03,,XE MÁY ĐIỆN,41.8,Hài lòng
CD01279,13/06/2025 06:33,13/06/2025 08:46,DN03,DN03,,XE MÁY ĐIỆN,41.8,Hài lòng
CD01280,13/06/2025 06:58,13/06/2025 07:28,DN01,DN04,,Xe đạp,6.0,
CD01281,13/06/2025 07:05,13/06/2025 07:33,DN03,DN01,KH0024,xe máy điện,11.2,Rất hài lòng
CD01282,13/06/2025 08:47,13/06/2025 09:22,DN01,DN03,KH0114,Xe đạp điện,9.2,Hài lòng
CD01283,13/06/2025 08:58,13/06/2025 09:12,DN01,DN03,KH0105,Xe máy điện,7.0,Hài lòng
CD01284,13/06/2025 09:28,13/06/2025 09:41,DN02,DN01,,XE MÁY ĐIỆN,5.3,Rất hài lòng
CD01285,13/06/2025 10:09,13/06/2025 11:50,DN01,DN03,KH0487,Xe máy điện,,Hài lòng
CD01286,13/06/2025 12:19,13/06/2025 12:47,HA01,HA01,,Xe máy điện,9.6,
CD01287,13/06/2025 13:34,13/06/2025 14:11,HA01,HA02,,Xe đạp điện,6.7,Hài lòng
CD01288,13/06/2025 15:50,13/06/2025 16:15,HA02,HA01,KH0410,Xe đạp điện,6.9,Hài lòng
CD01289,13/06/2025 16:03,13/06/2025 16:46,HA01,HA01,,Xe đạp điện,10.8,Hài lòng
CD01290,13/06/2025 18:00,13/06/2025 18:35,DN02,DN04,,Xe đạp điện,9.2,Hài lòng
CD01291,13/06/2025 18:06,13/06/2025 18:16,DN02,DN02,KH0097,Xe đạp,,Rất hài lòng
CD01292,13/06/2025 18:39,13/06/2025 19:28,DN01,DN01,KH0453,Xe đạp điện,12.1,Không hài lòng
CD01293,13/06/2025 18:45,13/06/2025 20:23,HA01,HA01,KH0119,Xe máy điện,24.0,
CD01294,13/06/2025 19:18,13/06/2025 20:08,DN01,DN01,,Xe đạp điện,13.1,Không hài lòng
CD01295,13/06/2025 19:40,13/06/2025 20:07,DN03,DN01,,Xe đạp điện,9.1,Bình thường
CD01296,13/06/2025 19:52,13/06/2025 20:40,HA01,HA01,,xe đạp,10.1,Hài lòng
CD01297,14/06/2025 05:17,14/06/2025 05:23,DN03,DN01,KH0349,Xe đạp,1.1,Bình thường
CD01298,14/06/2025 06:31,14/06/2025 06:57,DN03,DN03,,Xe đạp,5.6,Hài lòng
CD01299,14/06/2025 09:35,14/06/2025 10:10,DN03,DN02,,Xe đạp điện  ,10.8,Bình thường
CD01300,14/06/2025 09:36,14/06/2025 09:54,HA01,HA01,KH0002,Xe đạp điện,3.5,
CD01301,14/06/2025 09:50,14/06/2025 10:03,DN01,DN02,KH0354,xe đạp,2.9,Bình thường
CD01302,14/06/2025 10:50,14/06/2025 12:03,HA01,HA01,KH0265,Xe máy điện,33.2,Rất hài lòng
CD01303,14/06/2025 12:08,14/06/2025 13:23,DN03,DN01,KH0193,Xe máy điện,26.6,Bình thường
CD01304,14/06/2025 12:23,14/06/2025 12:32,DN01,DN04,KH0271,Xe đạp,1.4,Bình thường
CD01305,14/06/2025 13:19,14/06/2025 13:38,DN03,DN03,KH0176,Xe đạp điện,4.5,Hài lòng
CD01306,14/06/2025 15:22,14/06/2025 15:50,DN03,DN01,KH0045,Xe đạp điện,6.8,
CD01307,14/06/2025 16:36,14/06/2025 16:45,DN03,DN03,KH0332,Xe đạp,1.5,
CD01308,14/06/2025 16:39,14/06/2025 17:07,DN04,DN03,KH0015,Xe máy điện,12.3,Bình thường
CD01309,14/06/2025 16:47,14/06/2025 17:31,HA02,HA01,KH0288,Xe máy điện,21.9,
CD01310,14/06/2025 18:28,14/06/2025 19:07,DN02,DN02,KH0239,Xe máy điện,11.5,Hài lòng
CD01311,14/06/2025 18:30,14/06/2025 19:07,HA01,HA02,KH0426,XE ĐẠP,7.2,Rất hài lòng
CD01312,14/06/2025 18:57,14/06/2025 19:45,DN07,HA01,KH0250,XE MÁY ĐIỆN,21.9,Hài lòng
CD01313,15/06/2025 06:01,15/06/2025 06:14,DN01,DN02,KH0270,Xe đạp,1.7,Hài lòng
CD01314,15/06/2025 06:24,15/06/2025 06:39,HA01,HA02,,Xe máy điện,5.9,Hài lòng
CD01315,15/06/2025 07:06,15/06/2025 07:44,DN04,DN02,KH0196,xe đạp điện,9.9,
CD01316,15/06/2025 07:15,15/06/2025 07:45,DN01,DN02,KH0220,Xe máy điện,11.5,Rất hài lòng
CD01317,15/06/2025 07:17,15/06/2025 07:42,DN03,DN04,KH0315,Xe đạp điện,9.5,
CD01318,15/06/2025 07:35,15/06/2025 08:21,DN01,DN01,,Xe máy điện,22.7,Hài lòng
CD01319,15/06/2025 08:19,15/06/2025 09:25,DN02,DN03,KH0104,Xe đạp điện,15.6,Bình thường
CD01320,15/06/2025 08:34,15/06/2025 08:46,DN02,DN02,KH0124,Xe đạp điện,3.4,Rất hài lòng
CD01321,15/06/2025 10:06,15/06/2025 11:13,DN04,DN01,KH0106,Xe máy điện,24.4,Rất hài lòng
CD01322,15/06/2025 10:54,15/06/2025 11:23,DN03,DN03,KH0035,Xe đạp điện,8.2,Hài lòng
CD01323,15/06/2025 13:20,15/06/2025 13:36,DN03,DN03,KH0124,Xe máy điện,6.6,Hài lòng
CD01324,15/06/2025 14:07,15/06/2025 14:17,HA02,HA01,KH0185,Xe đạp,2.3,
CD01325,15/06/2025 14:23,15/06/2025 14:36,DN02,DN03,KH0269,Xe đạp,2.2,
CD01326,15/06/2025 14:23,15/06/2025 14:38,DN01,DN02,KH0172,Xe máy điện,5.5,Rất hài lòng
CD01327,15/06/2025 14:35,15/06/2025 15:06,DN03,DN03,KH0215,Xe đạp điện,7.2,Rất hài lòng
CD01328,15/06/2025 15:32,15/06/2025 15:55,DN01,DN02,,Xe đạp,3.2,Bình thường
CD01329,15/06/2025 16:32,15/06/2025 17:16,DN01,DN04,,XE MÁY ĐIỆN,20.7,
CD01330,15/06/2025 16:54,15/06/2025 17:16,DN03,DN03,KH0498,Xe đạp,3.8,Hài lòng
CD01331,15/06/2025 21:04,15/06/2025 21:31,HA02,HA01,KH0472,Xe đạp điện,,Bình thường
CD01332,15/06/2025 21:09,15/06/2025 21:37,DN03,DN04,KH0352,Xe đạp,5.3,Không hài lòng
CD01333,15/06/2025 21:18,15/06/2025 21:45,DN02,DN03,KH0193,Xe dap dien,5.3,Rất hài lòng
CD01334,16/06/2025 06:13,16/06/2025 06:45,DN04,DN04,KH0278,Xe đạp điện,11.5,Rất hài lòng
CD01335,16/06/2025 06:35,16/06/2025 06:58,DN07,DN03,KH0095,Xe đạp điện  ,6.3,Hài lòng
CD01336,16/06/2025 08:27,16/06/2025 09:00,DN04,DN01,KH0461,Xe máy điện,11.2,Rất hài lòng
CD01337,16/06/2025 08:28,16/06/2025 09:33,DN03,DN01,, Xe máy điện,23.4,Bình thường
CD01338,16/06/2025 12:08,16/06/2025 12:48,DN01,DN01,KH0385,Xe đạp điện,11.2,Hài lòng
CD01339,16/06/2025 15:34,16/06/2025 15:57,HA02,HA02,KH0387,Xe đạp,1.9,Hài lòng
CD01340,16/06/2025 16:59,16/06/2025 17:42,DN04,DN02,KH0083,Xe máy điện,16.2,Hài lòng
CD01341,16/06/2025 17:09,16/06/2025 18:24,HA01,HA02,KH0141,Xe máy điện,30.5,Rất hài lòng
CD01342,16/06/2025 17:15,16/06/2025 17:34,DN02,DN01,KH0183,Xe đạp điện,4.9,Hài lòng
CD01343,16/06/2025 17:57,16/06/2025 18:55,HA02,HA01,KH0555,Xe đạp điện,17.8,Hài lòng
CD01344,17/06/2025 07:00,17/06/2025 07:10,HA01,HA01,KH0166,Xe đạp điện,2.1,Bình thường
CD01345,17/06/2025 07:03,17/06/2025 07:21,DN03,DN03,KH0273,Xe đạp điện,4.4,Bình thường
CD01346,17/06/2025 07:47,,DN01,DN01,,Xe máy điện,15.7,
CD01347,17/06/2025 08:31,17/06/2025 08:56,DN04,DN01,,Xe đạp điện,10.5,Rất hài lòng
CD01348,17/06/2025 10:56,17/06/2025 11:08,DN01,DN02,,Xe đạp điện,3.2,Hài lòng
CD01349,17/06/2025 11:27,17/06/2025 11:56,DN02,DN01,KH0268,Xe đạp điện,7.3,
CD01350,17/06/2025 13:06,17/06/2025 14:02,DN01,DN01,,Xe máy điện,17.2,
CD01351,17/06/2025 15:31,17/06/2025 15:48,DN01,DN04,KH0172,Xe đạp điện  ,5.0,Hài lòng
CD01352,17/06/2025 16:30,17/06/2025 16:54,DN01,DN02,KH0252,Xe máy điện,12.4,Hài lòng
CD01353,17/06/2025 17:34,17/06/2025 17:51,DN04,DN01,KH0100, Xe đạp,2.9,Bình thường
CD01354,17/06/2025 17:44,17/06/2025 17:58,DN01,DN02,KH0369,Xe dap,3.0,Bình thường
CD01355,17/06/2025 19:01,17/06/2025 19:47,DN02,DN01,KH0186,Xe may dien,24.0,Bình thường
CD01356,18/06/2025 05:06,18/06/2025 05:17,DN03,DN01,KH0502,XE ĐẠP,1.9,Hài lòng
CD01357,18/06/2025 07:05,18/06/2025 07:21,DN04,DN03,KH0113,Xe đạp,3.7,Rất hài lòng
CD01358,18/06/2025 07:18,18/06/2025 07:46,DN04,DN01,KH0500,xe máy điện,13.0,
CD01359,18/06/2025 07:53,18/06/2025 07:05,HA01,HA01,KH0397,Xe máy điện,19.7,
CD01360,18/06/2025 08:11,,DN02,DN01,,Xe đạp,2.6,
CD01361,18/06/2025 11:33,18/06/2025 12:07,DN03,DN03,,Xe đạp,6.8,Không hài lòng
CD01362,18/06/2025 12:05,18/06/2025 13:35,DN01,DN02,,Xe máy điện,34.9,Hài lòng
CD01363,18/06/2025 15:23,18/06/2025 15:29,HA02,HA01,KH0401,Xe đạp,0.8,Hài lòng
CD01364,18/06/2025 16:26,18/06/2025 16:27,HA01,HA01,,xe đạp,0.1,Hài lòng
CD01365,18/06/2025 17:52,18/06/2025 18:10,DN01,DN04,KH0042,Xe đạp điện,4.4,Rất hài lòng
CD01366,18/06/2025 18:47,18/06/2025 19:07,DN02,DN01,,Xe máy điện,6.0,Rất hài lòng
CD01367,18/06/2025 19:32,18/06/2025 19:55,DN03,DN02,KH0124,xe máy điện,11.7,Bình thường
CD01368,18/06/2025 19:42,18/06/2025 20:15,DN03,DN01,,Xe đạp,6.8,Hài lòng
CD01369,19/06/2025 06:09,19/06/2025 07:06,HA02,HA01,,Xe dap,9.0,Hài lòng
CD01370,19/06/2025 07:36,19/06/2025 09:52,DN04,DN03,KH0060,Xe máy điện,43.3,Bình thường
CD01371,19/06/2025 07:41,19/06/2025 08:31,DN01,DN01,,Xe máy điện,21.0,Rất hài lòng
CD01372,19/06/2025 10:18,19/06/2025 11:04,DN01,DN03,KH0037,Xe đạp điện,13.0,Hài lòng
CD01373,19/06/2025 11:01,19/06/2025 11:18,HA01,HA01,KH0132,Xe đạp,3.7,
CD01374,19/06/2025 13:20,19/06/2025 13:47,DN01,DN04,,Xe máy điện,10.7,Rất hài lòng
CD01375,19/06/2025 14:18,19/06/2025 14:27,DN01,DN03,KH0256,xe đạp,1.4,Rất hài lòng
CD01376,19/06/2025 14:58,19/06/2025 15:54,HA01,HA01,,Xe đạp điện,18.2,Rất hài lòng
CD01377,19/06/2025 15:28,19/06/2025 15:38,DN02,DN01,KH0430,Xe đạp điện,3.9,Hài lòng
CD01378,19/06/2025 15:56,19/06/2025 16:16,HA02,HA01,,Xe dap dien,4.8,
CD01379,19/06/2025 16:21,19/06/2025 16:51,HA02,HA02,,Xe đạp điện,9.0,Rất hài lòng
CD01380,19/06/2025 16:52,19/06/2025 17:06,HA02,HA02,KH0155,Xe đạp điện  ,2.7,Hài lòng
CD01381,19/06/2025 17:05,19/06/2025 17:24,HA01,HA01,,XE ĐẠP ĐIỆN,4.7,Rất hài lòng
CD01382,19/06/2025 17:11,19/06/2025 18:36,DN01,DN01,,xe máy điện,35.5,Bình thường
CD01383,19/06/2025 18:02,19/06/2025 18:19,HA02,HA01,KH0123,Xe đạp điện,3.8,Bình thường
CD01384,19/06/2025 18:04,19/06/2025 18:13,DN04,DN04,KH0394,Xe đạp điện,1.8,
CD01385,20/06/2025 05:19,20/06/2025 06:04,HA01,HA02,KH0073,Xe máy điện,15.3,Hài lòng
CD01386,20/06/2025 05:36,20/06/2025 06:08,DN04,DN02,KH0368,Xe máy điện,11.4,
CD01387,20/06/2025 05:38,20/06/2025 06:09,DN07,DN02,KH0230,xe đạp điện,7.4,
CD01388,20/06/2025 06:57,20/06/2025 07:27,DN03,DN03,KH0417,Xe đạp,5.8,Hài lòng
CD01389,20/06/2025 07:08,20/06/2025 07:26,HA02,HA02,KH0284,Xe đạp điện,4.3,
CD01390,20/06/2025 07:42,20/06/2025 08:08,DN02,DN02,,xe máy điện,6.6,Hài lòng
CD01391,20/06/2025 07:59,20/06/2025 08:32,HA01,HA02,KH0300,Xe đạp điện,7.3,Hài lòng
CD01392,20/06/2025 08:27,20/06/2025 09:01,DN03,DN02,,Xe máy điện,14.2,
CD01393,20/06/2025 08:30,20/06/2025 09:07,DN03,DN02,,XE ĐẠP ĐIỆN,8.2,Rất hài lòng
CD01394,20/06/2025 14:02,20/06/2025 15:25,DN04,DN01,,Xe đạp điện,21.3,Hài lòng
CD01395,20/06/2025 15:28,20/06/2025 15:29,HA02,HA02,KH0213,Xe máy điện,0.1,Hài lòng
CD01396,20/06/2025 16:52,20/06/2025 17:09,DN02,DN03,KH0154,Xe đạp,4.3,
CD01397,20/06/2025 17:37,20/06/2025 18:06,HA01,HA01,,xe đạp,6.2,Hài lòng
CD01398,20/06/2025 17:56,20/06/2025 18:20,DN01,DN01,KH0310,XE ĐẠP,4.0,Bình thường
CD01399,20/06/2025 18:22,20/06/2025 18:39,DN01,DN01,KH0133,xe đạp,4.0,Rất hài lòng
CD01400,20/06/2025 18:57,20/06/2025 19:13,DN01,DN01,KH0180,Xe đạp,2.5,Không hài lòng
CD01401,20/06/2025 19:24,20/06/2025 20:03,HA02,HA02,KH0487,Xe máy điện,13.4,Rất hài lòng
CD01402,20/06/2025 21:37,20/06/2025 22:26,DN04,DN02,,Xe máy điện,12.7,Hài lòng
CD01403,21/06/2025 06:31,21/06/2025 07:02,DN01,DN03,,xe máy điện,13.0,Hài lòng
CD01404,21/06/2025 07:06,21/06/2025 08:16,HA02,HA01,KH0376,Xe máy điện,32.3,Hài lòng
CD01405,21/06/2025 07:11,21/06/2025 07:28,HA02,HA02,KH0416,Xe đạp điện,4.8,Hài lòng
CD01406,21/06/2025 07:20,21/06/2025 07:21,DN01,DN01,KH0019,Xe đạp,0.0,Hài lòng
CD01407,21/06/2025 07:26,21/06/2025 07:59,HA02,HA01,,Xe đạp điện,9.1,Rất hài lòng
CD01408,21/06/2025 07:28,21/06/2025 07:45,DN02,DN01,KH0241,Xe đạp,3.4,Bình thường
CD01409,21/06/2025 07:39,21/06/2025 08:39,HA02,HA01,KH0363,xe máy điện,,
CD01410,21/06/2025 07:41,21/06/2025 08:04,DN02,DN01,,Xe máy điện,9.6,
CD01411,21/06/2025 07:58,21/06/2025 08:14,DN01,DN03,KH0553,Xe đạp,3.6,
CD01412,21/06/2025 08:00,21/06/2025 08:07,DN01,DN01,,Xe đạp,1.5,Hài lòng
CD01413,21/06/2025 08:21,21/06/2025 08:38,DN04,DN03,KH0405,Xe đạp,3.6,
CD01414,21/06/2025 08:28,21/06/2025 11:03,DN01,DN02,,Xe máy điện,58.2,
CD01415,21/06/2025 08:40,21/06/2025 09:01,HA01,HA01,,Xe đạp,2.9,Rất hài lòng
CD01416,21/06/2025 08:41,21/06/2025 09:28,DN01,DN01,KH0178,Xe đạp điện,11.7,Rất hài lòng
CD01417,21/06/2025 09:52,21/06/2025 10:21,DN02,DN03,,Xe máy điện,11.7,Bình thường
CD01418,21/06/2025 15:53,21/06/2025 16:05,DN02,DN01,,Xe đạp điện,2.9,Hài lòng
CD01419,21/06/2025 15:53,21/06/2025 16:01,DN01,DN03,KH0239,Xe đạp điện,2.3,Rất hài lòng
CD01420,21/06/2025 16:30,21/06/2025 17:50,HA02,HA01,KH0495,Xe máy điện,26.8,Bình thường
CD01421,21/06/2025 17:28,21/06/2025 18:16,HA02,HA01,,Xe máy điện,23.1,Rất hài lòng
CD01422,21/06/2025 18:44,21/06/2025 19:05,DN03,DN04,KH0015,Xe đạp,5.2,Hài lòng
CD01423,21/06/2025 19:07,21/06/2025 19:32,HA02,HA01,KH0161,Xe đạp điện,8.4,
CD01424,21/06/2025 22:29,21/06/2025 22:50,DN01,DN02,,Xe đạp điện,6.5,Rất hài lòng
CD01425,22/06/2025 06:06,22/06/2025 06:21,HA01,HA02,,Xe đạp,2.9,
CD01426,22/06/2025 06:28,22/06/2025 07:11,HA02,HA01,KH0203,Xe máy điện,17.5,Hài lòng
CD01427,22/06/2025 08:54,22/06/2025 09:20,HA02,HA01,,Xe đạp điện,6.1,Rất hài lòng
CD01428,22/06/2025 10:08,22/06/2025 10:40,DN01,DN03,,Xe đạp,5.0,
CD01429,22/06/2025 14:05,22/06/2025 14:41,DN03,DN03,,xe máy điện,12.3,Hài lòng
CD01430,22/06/2025 15:24,22/06/2025 15:54,HA01,HA02,,xe máy điện,10.1,Hài lòng
CD01431,22/06/2025 16:03,22/06/2025 17:37,DN01,DN03,KH0464,Xe máy điện,23.1,Bình thường
CD01432,22/06/2025 17:13,22/06/2025 17:40,DN03,DN03,,Xe máy điện,12.5,Hài lòng
CD01433,22/06/2025 17:37,22/06/2025 17:54,DN03,DN03,KH0102,Xe máy điện,7.4,
CD01434,22/06/2025 17:41,,HA01,HA02,KH0115,Xe đạp điện,10.9,Rất hài lòng
CD01435,22/06/2025 17:58,22/06/2025 18:30,HA01,HA01,KH0214,Xe đạp điện,8.3,
CD01436,22/06/2025 18:07,22/06/2025 18:22,DN01,DN04,,Xe đạp điện  ,5.2,Bình thường
CD01437,22/06/2025 18:09,22/06/2025 18:22,HA02,HA01,KH0042,Xe đạp điện,3.2,Hài lòng
CD01438,22/06/2025 19:39,22/06/2025 19:56,HA02,HA02,KH0274,Xe đạp,3.1,
CD01439,23/06/2025 05:10,23/06/2025 05:35,DN02,DN01,KH0372,Xe đạp điện,5.9,
CD01440,23/06/2025 05:49,23/06/2025 06:09,DN01,DN04,,Xe đạp điện,4.6,Hài lòng
CD01441,23/06/2025 07:57,23/06/2025 08:48,HA02,HA02,,Xe may dien,17.0,Hài lòng
CD01442,23/06/2025 09:20,23/06/2025 09:55,DN02,DN03,KH0050,xe đạp,6.2,Bình thường
CD01443,23/06/2025 12:33,23/06/2025 13:17,DN02,DN01,KH0008,Xe đạp điện,9.8,Hài lòng
CD01444,23/06/2025 13:55,23/06/2025 14:44,DN02,DN02,KH0198,Xe máy điện,15.6,
CD01445,23/06/2025 19:05,23/06/2025 20:17,HA02,HA02,KH0089,Xe máy điện,30.4,Hài lòng
CD01446,23/06/2025 19:23,23/06/2025 19:45,HA02,HA02,KH0143,Xe đạp,3.5,Hài lòng
CD01447,23/06/2025 20:24,23/06/2025 20:31,DN01,DN03,KH0486, Xe đạp,1.4,Hài lòng
CD01448,23/06/2025 21:57,23/06/2025 22:13,DN04,DN03,,Xe may dien,4.5,Bình thường
CD01449,24/06/2025 05:32,24/06/2025 06:02,DN01,DN01,KH0272,Xe đạp,4.5,Bình thường
CD01450,24/06/2025 06:06,24/06/2025 06:28,DN02,DN02,,Xe máy điện,7.2,Hài lòng
CD01451,24/06/2025 06:07,24/06/2025 07:47,HA01,HA01,KH0420,Xe máy điện,38.0,
CD01452,24/06/2025 06:26,24/06/2025 06:37,DN01,DN02,,Xe đạp,,Hài lòng
CD01453,24/06/2025 07:40,24/06/2025 08:06,HA01,HA01,,Xe máy điện,8.6,Rất hài lòng
CD01454,24/06/2025 08:02,24/06/2025 08:11,DN03,DN01,KH0119,Xe đạp điện,2.5,Bình thường
CD01455,24/06/2025 08:02,24/06/2025 08:22,DN01,DN02,KH0222,Xe đạp điện,5.8,Hài lòng
CD01456,24/06/2025 08:45,24/06/2025 09:17,DN03,DN01,KH0346,xe máy điện,9.4,Hài lòng
CD01457,24/06/2025 09:48,24/06/2025 10:44,HA02,HA01,KH0023,Xe đạp điện,17.3,
CD01458,24/06/2025 12:20,24/06/2025 12:34,DN01,DN01,KH0347, Xe máy điện,5.6,
CD01458,24/06/2025 12:20,24/06/2025 12:34,DN01,DN01,KH0347, Xe máy điện,5.6,
CD01459,24/06/2025 13:12,24/06/2025 13:22,DN03,DN02,KH0220,Xe đạp,2.3,
CD01460,24/06/2025 15:44,24/06/2025 16:31,DN01,DN02,KH0464,Xe máy điện,16.1,Rất hài lòng
CD01461,24/06/2025 15:45,24/06/2025 16:00,HA01,HA01,KH0420,Xe đạp,2.8,Bình thường
CD01461,24/06/2025 15:45,24/06/2025 16:00,HA01,HA01,KH0420,Xe đạp,2.8,Bình thường
CD01462,24/06/2025 17:26,24/06/2025 17:56,DN02,DN02,,Xe đạp,5.6,Bình thường
CD01463,24/06/2025 18:08,24/06/2025 18:57,DN04,DN03,KH0186,Xe máy điện,20.9,Bình thường
CD01464,24/06/2025 20:43,24/06/2025 21:10,HA01,HA01,KH0011,Xe máy điện,7.6,Bình thường
CD01465,24/06/2025 21:45,24/06/2025 22:48,HA02,HA01,,Xe máy điện,19.1,Bình thường
CD01466,24/06/2025 21:58,24/06/2025 22:20,HA02,HA02,,Xe đạp,4.1,
CD01467,25/06/2025 06:13,25/06/2025 06:47,DN02,DN04,,Xe máy điện,12.1,Rất hài lòng
CD01468,25/06/2025 06:26,25/06/2025 06:53,DN01,DN02,KH0482,Xe đạp điện,7.6,Bình thường
CD01469,25/06/2025 06:59,25/06/2025 07:16,DN04,DN03,KH0431,Xe đạp điện,4.4,Hài lòng
CD01470,25/06/2025 08:16,25/06/2025 08:31,HA02,HA02,KH0307,Xe đạp điện,4.2,
CD01471,25/06/2025 10:50,25/06/2025 11:17,DN03,DN02,,Xe đạp điện,9.1,Hài lòng
CD01472,25/06/2025 13:41,25/06/2025 14:02,HA02,HA01,KH0044,xe đạp điện,6.1,Hài lòng
CD01473,25/06/2025 14:41,25/06/2025 15:09,HA01,HA01,,Xe đạp,5.3,Bình thường
CD01474,25/06/2025 15:17,25/06/2025 15:42,DN03,DN01,KH0288,Xe máy điện,13.1,Bình thường
CD01475,25/06/2025 15:36,25/06/2025 16:26,DN01,DN01,,XE MÁY ĐIỆN,,Rất hài lòng
CD01476,25/06/2025 15:54,25/06/2025 16:13,DN02,DN03,,Xe máy điện,5.9,Rất hài lòng
CD01477,25/06/2025 17:11,25/06/2025 17:37,DN01,DN01,,Xe đạp điện,8.8,Bình thường
CD01478,25/06/2025 18:58,25/06/2025 19:08,DN01,DN01,KH0133,Xe đạp,2.1,Hài lòng
CD01479,25/06/2025 21:20,25/06/2025 21:45,DN02,DN03,KH0008,Xe đạp,4.1,Rất hài lòng
CD01480,25/06/2025 22:25,25/06/2025 23:06,HA01,HA01,KH0430,Xe máy điện,17.2,
CD01481,26/06/2025 06:30,26/06/2025 06:49,DN02,DN01,KH0474,Xe đạp điện,5.1,
CD01482,26/06/2025 07:40,26/06/2025 07:55,HA01,HA01,,Xe dap dien,4.8,Hài lòng
CD01482,26/06/2025 07:40,26/06/2025 07:55,HA01,HA01,,Xe dap dien,4.8,Hài lòng
CD01483,26/06/2025 08:28,26/06/2025 09:18,HA01,HA01,,xe máy điện,23.5,
CD01484,26/06/2025 08:33,26/06/2025 08:57,HA01,HA02,,Xe đạp điện,6.2,Rất hài lòng
CD01485,26/06/2025 10:53,26/06/2025 11:28,HA01,HA01,KH0125,Xe đạp điện,8.3,Rất hài lòng
CD01486,26/06/2025 11:58,26/06/2025 13:04,HA01,HA01,,xe máy điện,24.4,Rất hài lòng
CD01487,26/06/2025 12:22,26/06/2025 12:35,HA01,HA01,KH0428,Xe đạp điện,4.2,Rất hài lòng
CD01488,26/06/2025 15:42,26/06/2025 15:58,DN03,DN03,,Xe đạp,2.6,
CD01489,26/06/2025 15:55,26/06/2025 16:11,HA02,HA01,,Xe đạp điện,4.5,Hài lòng
CD01489,26/06/2025 15:55,26/06/2025 16:11,HA02,HA01,,Xe đạp điện,4.5,Hài lòng
CD01490,26/06/2025 16:22,26/06/2025 16:38,DN01,DN03,,Xe đạp điện,2.8,Bình thường
CD01491,26/06/2025 17:41,26/06/2025 17:59,DN03,DN02,KH0294,Xe đạp điện,4.3,Hài lòng
CD01492,26/06/2025 17:51,26/06/2025 18:38,DN02,DN02,,Xe may dien,17.9,
CD01493,26/06/2025 18:00,26/06/2025 18:36,DN03,DN03,KH0289,Xe đạp điện,12.6,Bình thường
CD01494,26/06/2025 18:42,26/06/2025 18:55,HA02,HA01,KH0004,Xe đạp,2.6,Không hài lòng
CD01495,26/06/2025 19:14,26/06/2025 19:45,DN01,DN02,,Xe đạp điện,7.4,Bình thường
CD01496,26/06/2025 20:11,26/06/2025 20:18,DN01,DN04,KH0171,XE ĐẠP,1.3,Hài lòng
CD01497,27/06/2025 05:21,27/06/2025 05:36,DN01,DN04,,XE ĐẠP,3.1,Hài lòng
CD01498,27/06/2025 06:40,27/06/2025 07:12,HA02,HA02,,Xe đạp,6.2,
CD01499,27/06/2025 08:03,27/06/2025 08:19,DN03,DN01,,Xe máy điện,7.3,Hài lòng
CD01500,27/06/2025 08:22,27/06/2025 08:32,DN01,DN03,KH0247,Xe đạp,2.1,Rất hài lòng
CD01501,27/06/2025 09:59,27/06/2025 11:00,HA01,HA02,,Xe đạp điện,17.1,
CD01502,27/06/2025 10:43,27/06/2025 11:05,HA02,HA01,KH0490,Xe đạp,3.8,Bình thường
CD01503,27/06/2025 12:14,27/06/2025 13:35,HA02,HA01,KH0515,Xe máy điện,25.2,Bình thường
CD01504,27/06/2025 15:04,27/06/2025 15:13,HA02,HA01,KH0389, Xe đạp,1.1,Hài lòng
CD01505,27/06/2025 16:10,27/06/2025 16:36,DN01,DN01,KH0361,XE ĐẠP ĐIỆN,5.5,
CD01506,27/06/2025 16:45,27/06/2025 17:14,DN03,DN02,KH0039,Xe máy điện,12.4,Bình thường
CD01507,27/06/2025 17:55,27/06/2025 17:17,HA02,HA01,KH0134,Xe đạp,9.5,Hài lòng
CD01508,27/06/2025 18:17,27/06/2025 18:37,DN04,DN03,KH0328,Xe đạp,4.7,Bình thường
CD01509,27/06/2025 18:23,27/06/2025 19:18,HA02,HA02,,Xe máy điện,18.3,Hài lòng
CD01510,27/06/2025 18:44,27/06/2025 18:57,HA01,HA02,,Xe đạp,1.5,Bình thường
CD01511,27/06/2025 19:13,27/06/2025 19:20,DN01,DN01,KH0390,Xe đạp,1.1,Bình thường
CD01512,28/06/2025 06:09,28/06/2025 07:25,DN01,DN04,KH0134,Xe đạp điện,24.5,Hài lòng
CD01513,28/06/2025 06:46,28/06/2025 07:04,DN02,DN04,KH0471,Xe đạp điện,4.6,Hài lòng
CD01514,28/06/2025 06:51,28/06/2025 07:35,DN03,DN04,,Xe máy điện,17.1,
CD01515,28/06/2025 07:48,28/06/2025 08:11,DN02,DN02,,xe đạp điện,5.3,Hài lòng
CD01516,28/06/2025 08:38,28/06/2025 09:02,DN01,DN02,,Xe máy điện,6.4,Hài lòng
CD01517,28/06/2025 09:27,28/06/2025 09:36,HA02,HA01,KH0227,xe đạp,2.1,Hài lòng
CD01518,28/06/2025 09:41,28/06/2025 10:04,DN03,DN01,,xe đạp điện,6.6,Bình thường
CD01519,28/06/2025 11:51,28/06/2025 12:02,DN01,DN02,KH0129,XE ĐẠP ĐIỆN,3.1,
CD01520,28/06/2025 14:09,28/06/2025 14:20,HA01,HA01,KH0049,Xe đạp,1.9,Bình thường
CD01521,28/06/2025 14:50,28/06/2025 15:18,DN01,DN03,,Xe đạp điện,4.8,
CD01522,28/06/2025 16:51,28/06/2025 17:30,HA01,HA01,KH0350,Xe đạp điện,15.3,Hài lòng
CD01522,28/06/2025 16:51,28/06/2025 17:30,HA01,HA01,KH0350,Xe đạp điện,15.3,Hài lòng
CD01523,28/06/2025 17:09,28/06/2025 17:47,DN03,DN01,KH0225,Xe máy điện,13.1,
CD01524,28/06/2025 22:53,28/06/2025 23:13,DN03,DN01,,Xe đạp,4.0,
CD01525,29/06/2025 07:01,29/06/2025 07:19,DN01,DN03,KH0201, Xe đạp,3.2,Hài lòng
CD01526,29/06/2025 07:11,29/06/2025 07:25,HA01,HA01,KH0430,Xe máy điện,5.5,Rất hài lòng
CD01527,29/06/2025 07:32,29/06/2025 07:48,DN01,DN03,KH0310,Xe đạp,2.8,Hài lòng
CD01528,29/06/2025 08:04,29/06/2025 08:40,DN04,DN03,,Xe máy điện,17.3,Rất hài lòng
CD01529,29/06/2025 08:13,29/06/2025 09:09,HA02,HA01,,Xe đạp điện,14.1,Hài lòng
CD01530,29/06/2025 08:29,29/06/2025 08:43,DN02,DN01,KH0499,Xe đạp điện,4.0,Bình thường
CD01531,29/06/2025 08:43,29/06/2025 09:35,HA02,HA02,KH0357,Xe máy điện,14.7,
CD01532,29/06/2025 08:54,29/06/2025 09:50,HA02,HA01,,Xe đạp điện,10.8,Rất hài lòng
CD01533,29/06/2025 10:28,29/06/2025 10:37,DN02,DN02,KH0069,Xe đạp điện,2.5,Không hài lòng
CD01534,29/06/2025 12:11,29/06/2025 12:49,DN01,DN01,,Xe máy điện,12.2,Hài lòng
CD01535,29/06/2025 12:16,29/06/2025 12:33,DN01,DN01,, Xe đạp,2.8,
CD01536,29/06/2025 14:30,29/06/2025 14:58,DN01,DN01,KH0475,Xe đạp,6.1,Hài lòng
CD01537,29/06/2025 15:32,29/06/2025 15:44,DN02,DN03,KH0334,Xe đạp,2.1,Bình thường
CD01538,29/06/2025 15:36,29/06/2025 16:35,HA01,HA01,KH0261,Xe máy điện,24.9,
CD01539,29/06/2025 16:31,29/06/2025 17:23,HA01,HA01,,Xe đạp điện,14.8,
CD01540,29/06/2025 16:33,29/06/2025 16:44,HA01,HA01,KH0198,Xe đạp điện,2.3,
CD01541,29/06/2025 19:03,29/06/2025 19:22,DN04,DN01,KH0026,Xe đạp điện,5.1,Bình thường
CD01542,29/06/2025 19:14,29/06/2025 20:19,HA01,HA02,,Xe máy điện,35.5,Hài lòng
CD01543,29/06/2025 19:56,29/06/2025 20:11,HA01,HA02,,Xe đạp,2.4,Bình thường
CD01544,29/06/2025 20:52,29/06/2025 21:16,HA01,HA01,KH0424,Xe đạp điện  ,4.9,
CD01545,30/06/2025 07:26,30/06/2025 07:27,HA02,HA02,,Xe đạp,0.1,Rất hài lòng
CD01546,30/06/2025 08:17,30/06/2025 08:34,DN01,DN02,,Xe máy điện,8.7,Rất hài lòng
CD01547,30/06/2025 11:15,30/06/2025 11:30,DN04,DN02,,Xe đạp,3.1,Bình thường
CD01548,30/06/2025 14:53,30/06/2025 15:19,DN02,DN04,,Xe đạp điện,5.8,Hài lòng
CD01549,30/06/2025 16:14,30/06/2025 16:29,DN02,DN02,KH0272,Xe đạp,2.1,Rất hài lòng
CD01550,30/06/2025 17:43,30/06/2025 18:11,HA02,HA01,,Xe đạp,6.7,Hài lòng
CD01551,30/06/2025 18:03,30/06/2025 18:24,HA01,HA01,KH0254,Xe đạp,5.1,Hài lòng
CD01552,30/06/2025 18:53,30/06/2025 19:50,HA01,HA02,KH0444,Xe đạp điện,17.7,
CD01553,30/06/2025 21:15,30/06/2025 21:33,DN02,DN02,KH0111,Xe đạp,4.3,
CD01554,01/07/2025 05:54,01/07/2025 06:09,DN03,DN03,KH0018,Xe đạp,3.6,Bình thường
CD01555,01/07/2025 06:06,01/07/2025 06:25,HA01,HA02,KH0223,Xe đạp điện,6.4,Hài lòng
CD01556,01/07/2025 06:13,01/07/2025 06:27,DN02,DN02,KH0463,Xe dap dien,4.6,
CD01557,01/07/2025 07:28,01/07/2025 08:23,DN03,DN03,KH0039,Xe máy điện,19.3,
CD01558,01/07/2025 08:00,01/07/2025 08:22,DN01,DN03,KH0115,Xe máy điện,5.7,Rất hài lòng
CD01559,01/07/2025 08:11,01/07/2025 08:31,HA01,HA01,KH0245,Xe đạp điện,5.5,Hài lòng
CD01560,01/07/2025 09:38,01/07/2025 09:58,DN02,DN01,KH0020,Xe máy điện,11.4,Rất hài lòng
CD01561,01/07/2025 09:51,01/07/2025 10:10,DN01,DN01,,Xe đạp điện,5.4,Hài lòng
CD01562,01/07/2025 10:06,01/07/2025 10:31,DN03,DN02,,Xe đạp điện,6.6,Hài lòng
CD01563,01/07/2025 10:20,01/07/2025 10:41,DN02,DN01,,Xe máy điện,7.8,Rất hài lòng
CD01564,01/07/2025 13:14,01/07/2025 13:30,HA01,HA02,KH0042,Xe đạp điện,3.3,
CD01565,01/07/2025 14:52,01/07/2025 15:03,DN03,DN01,,Xe đạp,2.0,Hài lòng
CD01566,01/07/2025 16:17,01/07/2025 16:28,DN03,DN04,,Xe đạp điện,,
CD01567,01/07/2025 16:27,01/07/2025 16:43,DN01,DN01,,Xe đạp điện,5.0,Hài lòng
CD01568,01/07/2025 16:46,01/07/2025 16:56,HA01,HA01,KH0507,xe đạp,1.6,Rất hài lòng
CD01569,01/07/2025 18:46,01/07/2025 19:24,HA02,HA01,,Xe máy điện,15.1,
CD01570,01/07/2025 19:49,01/07/2025 21:05,HA02,HA01,KH0295,Xe máy điện,33.5,Hài lòng
CD01571,01/07/2025 20:28,01/07/2025 21:13,DN01,DN01,KH0401,XE ĐẠP ĐIỆN,10.2,
CD01572,02/07/2025 05:48,02/07/2025 06:03,HA01,HA02,,Xe đạp,3.1,Rất hài lòng
CD01573,02/07/2025 06:19,02/07/2025 07:18,HA02,HA02,,Xe đạp điện,14.6,Rất hài lòng
CD01574,02/07/2025 06:34,02/07/2025 07:37,HA02,HA02,,xe máy điện,23.7,Rất hài lòng
CD01575,02/07/2025 06:40,02/07/2025 06:55,DN03,DN03,,Xe đạp điện,4.1,Rất hài lòng
CD01576,02/07/2025 07:16,02/07/2025 07:29,HA02,HA01,KH0189,Xe máy điện,4.7,Rất hài lòng
CD01577,02/07/2025 07:57,,DN01,DN03,KH0044,Xe đạp,2.0,Bình thường
CD01578,02/07/2025 08:43,02/07/2025 09:35,HA01,HA01,, Xe máy điện,16.5,Rất hài lòng
CD01579,02/07/2025 12:50,02/07/2025 13:56,HA01,HA02,KH0125,Xe máy điện,25.0,
CD01580,02/07/2025 13:04,02/07/2025 13:25,HA02,HA01,KH0336,Xe đạp điện,5.6,Bình thường
CD01581,02/07/2025 13:14,02/07/2025 14:27,DN01,DN04,,Xe máy điện,16.1,Hài lòng
CD01582,02/07/2025 15:26,02/07/2025 15:51,HA02,HA02,KH0400,Xe đạp,,
CD01583,02/07/2025 15:31,02/07/2025 15:41,DN01,DN04,,XE ĐẠP ĐIỆN,2.5,Hài lòng
CD01584,02/07/2025 15:57,02/07/2025 16:46,DN01,DN03,,XE ĐẠP ĐIỆN,12.5,
CD01584,02/07/2025 15:57,02/07/2025 16:46,DN01,DN03,,XE ĐẠP ĐIỆN,12.5,
CD01585,02/07/2025 16:05,02/07/2025 16:18,DN02,DN01,KH0006,Xe máy điện,3.7,
CD01586,02/07/2025 17:20,02/07/2025 17:47,DN03,DN03,KH0075,Xe đạp điện,7.8,Rất hài lòng
CD01587,02/07/2025 17:27,02/07/2025 17:41,HA02,HA01,,Xe đạp điện,4.9,
CD01588,02/07/2025 18:13,02/07/2025 18:59,DN02,DN02,,Xe may dien,17.7,Hài lòng
CD01589,02/07/2025 18:26,02/07/2025 18:33,DN01,DN04,KH0199,Xe đạp điện,2.7,
CD01590,03/07/2025 05:54,03/07/2025 06:18,HA01,HA02,,Xe máy điện,7.3,Rất hài lòng
CD01591,03/07/2025 06:03,03/07/2025 06:14,DN01,DN02,,Xe đạp điện,3.1,Rất hài lòng
CD01592,03/07/2025 06:18,03/07/2025 07:34,DN01,DN03,KH0136,Xe máy điện,41.0,
CD01593,03/07/2025 07:25,03/07/2025 08:56,DN03,DN01,KH0340,Xe đạp điện,21.6,Bình thường
CD01593,03/07/2025 07:25,03/07/2025 08:56,DN03,DN01,KH0340,Xe đạp điện,21.6,Bình thường
CD01594,03/07/2025 08:26,,DN04,DN01,KH0062,Xe đạp điện,10.1,Hài lòng
CD01595,03/07/2025 08:35,03/07/2025 08:51,DN04,DN04,KH0408,Xe đạp điện,4.1,Hài lòng
CD01596,03/07/2025 11:39,03/07/2025 12:10,HA01,HA02,KH0509,Xe đạp điện,9.0,Bình thường
CD01597,03/07/2025 11:59,03/07/2025 12:17,DN04,DN01,KH0026,Xe dap dien,3.6,
CD01598,03/07/2025 12:24,03/07/2025 12:29,DN03,DN02,,Xe đạp,0.8,Hài lòng
CD01599,03/07/2025 15:15,03/07/2025 15:41,HA01,HA02,KH0295,Xe đạp điện,5.9,Rất hài lòng
CD01600,03/07/2025 15:51,03/07/2025 16:13,DN01,DN02,,Xe máy điện,7.4,Rất hài lòng
CD01601,03/07/2025 17:31,03/07/2025 16:33,DN01,DN01,KH0225,Xe máy điện,11.7,Hài lòng
CD01602,03/07/2025 17:35,03/07/2025 18:19,DN03,DN04,KH0212,Xe máy điện,15.1,
CD01603,03/07/2025 17:37,03/07/2025 18:05,HA02,HA02,KH0298,Xe đạp,4.5,Hài lòng
CD01604,03/07/2025 17:47,03/07/2025 18:09,DN02,DN01,KH0213,XE ĐẠP ĐIỆN,5.6,
CD01605,03/07/2025 18:28,03/07/2025 19:38,HA02,HA01,,Xe máy điện,13.7,
CD01606,03/07/2025 21:35,03/07/2025 22:01,DN01,DN01,,Xe máy điện,6.9,
CD01607,04/07/2025 07:26,04/07/2025 08:10,HA01,HA01,,Xe máy điện,21.4,
CD01608,04/07/2025 07:40,04/07/2025 07:41,DN01,DN01,KH0247,Xe đạp,0.0,Hài lòng
CD01609,04/07/2025 07:55,04/07/2025 08:30,HA01,HA01,KH0147,Xe đạp,8.1,Bình thường
CD01610,04/07/2025 09:03,04/07/2025 09:22,HA02,HA01,KH0417,XE ĐẠP,4.1,
CD01611,04/07/2025 10:11,04/07/2025 10:20,DN01,DN03,KH0500,Xe đạp,1.3,Bình thường
CD01612,04/07/2025 12:47,04/07/2025 14:44,DN03,DN04,,Xe máy điện,51.9,Bình thường
CD01613,04/07/2025 14:37,04/07/2025 14:59,HA02,HA01,,Xe đạp,4.7,Bình thường
CD01614,04/07/2025 15:11,04/07/2025 15:21,DN03,DN04,KH0289,XE ĐẠP,1.5,
CD01615,04/07/2025 15:54,04/07/2025 16:16,DN01,DN01,,Xe máy điện,5.8,Rất hài lòng
CD01616,04/07/2025 17:25,04/07/2025 18:13,DN01,DN03,KH0253,xe máy điện,16.4,Hài lòng
CD01617,04/07/2025 18:05,04/07/2025 18:27,DN02,DN02,KH0095,Xe đạp điện,7.1,Hài lòng
CD01618,05/07/2025 06:21,05/07/2025 06:38,DN03,DN04,,Xe đạp điện  ,3.7,Rất hài lòng
CD01619,05/07/2025 08:45,05/07/2025 09:23,DN01,DN01,KH0068,xe đạp,7.1,Hài lòng
CD01620,05/07/2025 13:15,05/07/2025 13:36,DN04,DN03,KH0122,Xe máy điện,8.7,Rất hài lòng
CD01621,05/07/2025 13:17,05/07/2025 14:16,HA01,HA02,KH0489,Xe đạp điện,15.6,Bình thường
CD01622,05/07/2025 13:26,05/07/2025 13:36,DN03,DN03,,Xe đạp,2.3,Rất hài lòng
CD01622,05/07/2025 13:26,05/07/2025 13:36,DN03,DN03,,Xe đạp,2.3,Rất hài lòng
CD01623,05/07/2025 16:27,05/07/2025 16:43,HA02,HA01,KH0265,Xe đạp điện,4.3,Hài lòng
CD01624,05/07/2025 17:02,05/07/2025 17:18,DN02,DN03,,Xe máy điện,7.5,Rất hài lòng
CD01625,05/07/2025 17:50,05/07/2025 18:12,DN01,DN02,KH0254,Xe đạp điện,6.5,Bình thường
CD01626,05/07/2025 19:27,05/07/2025 19:52,DN03,DN01,KH0039,Xe may dien,7.6,Hài lòng
CD01627,05/07/2025 19:34,05/07/2025 20:07,DN04,DN01,KH0225,Xe đạp,5.3,Bình thường
CD01628,05/07/2025 19:45,05/07/2025 20:06,DN02,DN03,KH0133,Xe đạp điện,6.4,Bình thường
CD01629,05/07/2025 19:57,05/07/2025 20:16,DN03,DN03,KH0393,Xe đạp,4.8,Bình thường
CD01630,05/07/2025 20:24,05/07/2025 20:54,DN04,DN01,,Xe đạp điện,10.8,Không hài lòng
CD01631,06/07/2025 05:40,06/07/2025 06:00,DN04,DN03,KH0192,XE MÁY ĐIỆN,6.2,Rất hài lòng
CD01632,06/07/2025 06:38,06/07/2025 07:10,HA02,HA01,,Xe đạp điện,8.6,Bình thường
CD01633,06/07/2025 07:20,06/07/2025 07:37,DN03,DN03,KH0044,Xe đạp điện,4.4,Hài lòng
CD01634,06/07/2025 08:20,06/07/2025 09:30,DN04,DN04,KH0231,Xe máy điện,22.1,Bình thường
CD01635,06/07/2025 09:08,06/07/2025 10:05,HA01,HA01,,Xe máy điện,24.9,
CD01636,06/07/2025 11:23,06/07/2025 11:45,DN04,DN03,KH0467,Xe máy điện,6.8,
CD01637,06/07/2025 11:37,06/07/2025 11:54,DN03,DN01,KH0298, Xe đạp,3.5,Bình thường
CD01638,06/07/2025 13:35,06/07/2025 13:47,DN02,DN02,KH0332,Xe dap,,Rất hài lòng
CD01639,06/07/2025 16:19,06/07/2025 16:49,DN01,DN01,KH0001,XE MÁY ĐIỆN,12.9,
CD01640,06/07/2025 16:27,06/07/2025 16:38,DN03,DN03,KH0440,XE ĐẠP,2.0,Rất hài lòng
CD01641,06/07/2025 16:34,06/07/2025 16:55,DN01,DN01,KH0475,Xe máy điện,7.9,Hài lòng
CD01642,06/07/2025 16:52,06/07/2025 17:09,HA01,HA01,KH0263,Xe đạp điện,3.8,Hài lòng
CD01643,06/07/2025 17:15,06/07/2025 17:40,HA01,HA01,KH0166,XE ĐẠP ĐIỆN,5.7,Bình thường
CD01644,06/07/2025 17:27,06/07/2025 17:35,DN01,DN01,KH0136,Xe đạp,1.2,Hài lòng
CD01645,06/07/2025 17:53,06/07/2025 18:12,HA01,HA02,KH0172,Xe đạp,3.0,Hài lòng
CD01646,06/07/2025 18:25,06/07/2025 18:41,DN03,DN03,KH0029, Xe máy điện,7.4,Hài lòng
CD01647,06/07/2025 19:00,06/07/2025 19:14,HA01,HA02,,Xe đạp điện,3.7,
CD01648,06/07/2025 19:06,06/07/2025 19:47,HA01,HA02,KH0046,Xe đạp điện,10.8,Không hài lòng
CD01649,06/07/2025 20:53,06/07/2025 21:15,DN03,DN02,KH0144,Xe đạp điện,5.2,
CD01650,07/07/2025 05:01,07/07/2025 05:30,DN03,DN04,KH0497,Xe máy điện,9.6,Rất hài lòng
CD01651,07/07/2025 06:42,07/07/2025 07:02,DN02,DN01,KH0406,Xe dap dien,2.4,
CD01652,07/07/2025 09:47,07/07/2025 10:11,HA01,HA01,KH0331,Xe đạp,4.8,Bình thường
CD01653,07/07/2025 10:40,07/07/2025 10:54,DN03,DN03,,Xe máy điện,5.7,Hài lòng
CD01654,07/07/2025 11:51,07/07/2025 12:58,HA01,HA02,KH0378,Xe máy điện,24.6,Rất hài lòng
CD01655,07/07/2025 12:14,07/07/2025 12:39,DN01,DN03,KH0206,Xe đạp,4.5,
CD01656,07/07/2025 15:49,07/07/2025 16:27,DN01,DN02,,xe máy điện,16.0,Rất hài lòng
CD01657,07/07/2025 18:46,07/07/2025 19:38,HA01,HA02,KH0020, Xe máy điện,20.6,Hài lòng
CD01658,07/07/2025 18:52,07/07/2025 18:53,DN01,DN01,KH0027,Xe đạp điện,0.1,Không hài lòng
CD01659,07/07/2025 18:58,07/07/2025 19:46,DN04,DN03,KH0202,Xe đạp điện,11.7,Bình thường
CD01660,07/07/2025 19:29,07/07/2025 19:48,DN01,DN03,KH0131,Xe đạp,3.3,Bình thường
CD01661,07/07/2025 19:29,07/07/2025 19:58,HA01,HA01,KH0361,Xe đạp,4.0,Hài lòng
CD01662,07/07/2025 20:53,07/07/2025 21:24,HA01,HA01,,Xe đạp điện,10.4,Bình thường
CD01663,08/07/2025 06:26,08/07/2025 07:12,DN03,DN03,KH0141,Xe máy điện,21.0,Hài lòng
CD01664,08/07/2025 06:27,08/07/2025 07:40,DN02,DN01,,Xe đạp điện,17.8,Bình thường
CD01665,08/07/2025 06:42,08/07/2025 07:18,DN04,DN01,,Xe đạp,7.5,Bình thường
CD01666,08/07/2025 07:58,08/07/2025 08:18,DN02,DN02,,Xe đạp,5.2,Không hài lòng
CD01667,08/07/2025 08:48,08/07/2025 09:09,DN01,DN01,KH0120,Xe đạp điện,5.8,
CD01668,08/07/2025 08:51,08/07/2025 09:06,DN03,DN02,KH0080,Xe đạp,3.4,
CD01669,08/07/2025 09:03,08/07/2025 09:36,DN01,DN02,KH0300,Xe máy điện,10.7,Hài lòng
CD01670,08/07/2025 11:38,08/07/2025 12:08,HA02,HA01,KH0199,Xe đạp,5.7,Rất hài lòng
CD01671,08/07/2025 14:38,08/07/2025 15:04,DN02,DN03,,Xe máy điện,13.7,
CD01672,08/07/2025 15:54,08/07/2025 16:28,DN01,DN01,KH0106,XE ĐẠP ĐIỆN,8.7,Hài lòng
CD01673,08/07/2025 16:22,08/07/2025 16:44,DN01,DN02,KH0001, Xe đạp,4.3,Bình thường
CD01674,08/07/2025 16:26,08/07/2025 17:13,DN03,DN02,KH0551,Xe đạp,5.4,
CD01675,08/07/2025 17:33,08/07/2025 17:47,DN04,DN02,,Xe đạp,3.0,Không hài lòng
CD01676,08/07/2025 17:37,08/07/2025 18:03,HA01,HA01,KH0177,Xe máy điện,7.7,Rất hài lòng
CD01677,09/07/2025 05:13,09/07/2025 05:47,DN04,DN02,KH0015,Xe máy điện,15.5,
CD01678,09/07/2025 06:08,09/07/2025 06:20,DN03,DN03,KH0054,Xe đạp điện  ,3.0,Hài lòng
CD01679,09/07/2025 06:22,09/07/2025 07:04,DN04,DN02,,XE ĐẠP,7.9,Bình thường
CD01680,09/07/2025 06:36,,HA01,HA02,KH0274,Xe đạp điện,5.8,Rất hài lòng
CD01681,09/07/2025 06:41,09/07/2025 07:42,DN02,DN02,,Xe máy điện,19.2,
CD01682,09/07/2025 08:03,09/07/2025 08:23,HA02,HA01,,Xe đạp,3.9,Không hài lòng
CD01683,09/07/2025 08:18,09/07/2025 09:00,HA02,HA02,KH0312,Xe đạp,4.7,
CD01684,09/07/2025 08:24,09/07/2025 08:54,DN03,DN01,KH0441,Xe máy điện,14.6,Bình thường
CD01685,09/07/2025 08:35,09/07/2025 09:07,DN03,DN02,,Xe máy điện,15.9,Rất hài lòng
CD01686,09/07/2025 10:21,09/07/2025 10:57,HA01,HA02,KH0270,Xe đạp điện,6.9,
CD01687,09/07/2025 12:58,09/07/2025 13:07,DN01,DN02,KH0529,xe đạp,1.6,Rất hài lòng
CD01688,09/07/2025 15:13,09/07/2025 15:54,HA02,HA02,KH0099,Xe máy điện,17.0,Bình thường
CD01689,09/07/2025 15:29,,DN03,DN04,,Xe đạp,3.5,Bình thường
CD01690,09/07/2025 16:16,09/07/2025 16:32,DN02,DN02,KH0335,Xe đạp điện,,Hài lòng
CD01691,09/07/2025 17:33,09/07/2025 18:10,HA02,HA01,KH0108,Xe đạp điện,7.0,Hài lòng
CD01692,09/07/2025 17:37,09/07/2025 18:15,DN01,DN02,KH0222,xe đạp điện,12.4,Hài lòng
CD01693,09/07/2025 17:57,09/07/2025 18:24,DN01,DN03,,Xe máy điện,10.7,Hài lòng
CD01694,09/07/2025 18:02,09/07/2025 18:33,HA02,HA02,,Xe đạp điện,8.3,Hài lòng
CD01695,09/07/2025 18:11,09/07/2025 19:00,DN03,DN03,KH0324, Xe máy điện,12.0,Rất hài lòng
CD01696,09/07/2025 18:14,09/07/2025 19:00,DN03,DN02,KH0382,Xe máy điện,19.0,Hài lòng
CD01697,09/07/2025 18:35,09/07/2025 18:58,HA02,HA01,,Xe máy điện,7.1,
CD01698,09/07/2025 19:06,,DN03,DN03,,Xe đạp,2.9,
CD01699,09/07/2025 19:08,09/07/2025 19:30,HA01,HA02,KH0312,Xe đạp điện,6.4,
CD01700,09/07/2025 22:22,09/07/2025 22:54,HA01,HA02,,Xe đạp,5.6,
CD01701,10/07/2025 07:15,10/07/2025 07:23,DN07,DN02,KH0187,Xe đạp,1.2,Hài lòng
CD01702,10/07/2025 08:23,10/07/2025 08:48,DN01,DN04,,Xe đạp điện,6.3,Bình thường
CD01703,10/07/2025 09:08,10/07/2025 09:30,DN01,DN01,KH0014,Xe đạp điện,6.8,
CD01704,10/07/2025 09:24,10/07/2025 10:19,HA01,HA02,KH0027,Xe máy điện,26.6,Hài lòng
CD01705,10/07/2025 09:33,10/07/2025 09:43,DN01,DN01,KH0039,xe đạp,2.1,Hài lòng
CD01706,10/07/2025 11:07,10/07/2025 11:31,HA01,HA01,KH0213,Xe dap dien,5.4,Hài lòng
CD01707,10/07/2025 13:06,10/07/2025 13:20,DN01,DN02,KH0494,Xe đạp điện,3.6,Bình thường
CD01708,10/07/2025 14:35,10/07/2025 14:56,DN04,DN01,KH0198,xe đạp điện,5.7,
CD01709,10/07/2025 14:45,10/07/2025 15:51,DN01,DN01,KH0245,Xe máy điện,19.4,Rất hài lòng
CD01710,10/07/2025 17:01,10/07/2025 17:54,HA02,HA01,KH0207,Xe đạp,10.5,Bình thường
CD01711,10/07/2025 17:29,10/07/2025 17:30,DN03,DN03,,Xe máy điện,0.0,Bình thường
CD01712,10/07/2025 17:37,10/07/2025 18:54,HA01,HA01,KH0195,Xe may dien,28.2,Hài lòng
CD01713,10/07/2025 18:04,10/07/2025 18:50,DN02,DN03,KH0114,Xe dap dien,9.2,
CD01714,10/07/2025 18:16,10/07/2025 18:39,DN03,DN01,,Xe đạp,3.5,Hài lòng
CD01715,10/07/2025 18:50,10/07/2025 20:07,HA02,HA01,,Xe máy điện,23.4,Bình thường
CD01715,10/07/2025 18:50,10/07/2025 20:07,HA02,HA01,,Xe máy điện,23.4,Bình thường
CD01716,10/07/2025 19:27,10/07/2025 19:47,HA02,HA01,KH0305, Xe máy điện,7.2,Rất hài lòng
CD01717,10/07/2025 19:59,10/07/2025 20:15,DN02,DN04,KH0030,Xe đạp,3.3,Bình thường
CD01718,11/07/2025 06:57,11/07/2025 07:08,DN02,DN03,KH0167,Xe đạp,2.0,
CD01719,11/07/2025 07:04,11/07/2025 07:14,DN01,DN01,KH0111,Xe đạp,1.8,Hài lòng
CD01720,11/07/2025 07:21,11/07/2025 07:41,DN01,DN01,,Xe dap,4.2,
CD01721,11/07/2025 08:27,11/07/2025 09:01,DN01,DN01,,Xe đạp điện,11.4,Hài lòng
CD01722,11/07/2025 08:36,11/07/2025 09:25,DN02,DN03,KH0009,Xe đạp,11.0,
CD01723,11/07/2025 11:24,11/07/2025 11:41,DN02,DN03,KH0217,Xe đạp,3.4,Bình thường
CD01724,11/07/2025 12:42,11/07/2025 13:34,DN02,DN01,KH0219,xe đạp điện,12.0,Rất hài lòng
CD01725,11/07/2025 15:57,11/07/2025 16:08,DN04,DN03,,Xe đạp,1.0,Rất hài lòng
CD01726,11/07/2025 17:15,11/07/2025 17:23,DN01,DN01,KH0147,Xe đạp điện,2.0,Hài lòng
CD01727,11/07/2025 17:25,11/07/2025 17:50,HA01,HA01,,Xe máy điện,9.4,Hài lòng
CD01728,11/07/2025 18:18,11/07/2025 18:30,DN02,DN01,KH0329,Xe đạp,1.6,Hài lòng
CD01729,11/07/2025 18:48,11/07/2025 19:13,DN01,DN02,KH0311,Xe đạp điện,6.4,
CD01730,11/07/2025 19:07,11/07/2025 19:25,DN01,DN03,,Xe đạp điện,5.0,Không hài lòng
CD01731,11/07/2025 19:17,11/07/2025 19:27,HA01,HA01,KH0326,xe đạp,2.1,Rất hài lòng
CD01732,12/07/2025 07:16,,DN04,DN02,,Xe máy điện,8.7,
CD01733,12/07/2025 07:43,12/07/2025 07:59,HA02,HA01,KH0494,Xe đạp,3.0,
CD01734,12/07/2025 07:43,12/07/2025 07:04,DN02,DN01,KH0491,XE ĐẠP ĐIỆN,10.2,Hài lòng
CD01735,12/07/2025 07:56,12/07/2025 08:28,DN02,DN03,KH0198,Xe máy điện,13.1,Hài lòng
CD01736,12/07/2025 07:57,12/07/2025 08:06,DN01,DN01,KH0344,Xe đạp điện,2.0,
CD01737,12/07/2025 08:27,12/07/2025 08:36,DN01,DN02,KH0246,Xe đạp,1.4,
CD01738,12/07/2025 10:21,12/07/2025 11:03,HA01,HA01,,Xe máy điện,15.0,
CD01739,12/07/2025 10:26,12/07/2025 11:04,HA01,HA01,,Xe đạp điện,10.9,Hài lòng
CD01740,12/07/2025 11:04,12/07/2025 13:34,DN02,DN02,KH0238,Xe máy điện,46.0,Bình thường
CD01741,12/07/2025 12:03,12/07/2025 12:34,DN02,DN04,,XE MÁY ĐIỆN,10.8,Bình thường
CD01742,12/07/2025 12:55,12/07/2025 13:06,DN02,DN01,KH0490,Xe đạp,2.5,Bình thường
CD01743,12/07/2025 13:03,12/07/2025 14:43,HA02,HA01,,Xe máy điện,35.0,
CD01744,12/07/2025 13:35,12/07/2025 14:07,DN01,DN01,KH0398,Xe đạp điện,7.3,Hài lòng
CD01745,12/07/2025 17:13,12/07/2025 18:44,HA01,HA01,KH0075,Xe máy điện,25.7,
CD01746,12/07/2025 17:14,12/07/2025 17:29,DN01,DN01,KH0160,Xe máy điện,5.2,Hài lòng
CD01747,12/07/2025 18:21,12/07/2025 19:01,DN03,DN01,KH0216,Xe đạp,5.8,Hài lòng
CD01748,12/07/2025 18:59,12/07/2025 19:41,HA01,HA02,,Xe máy điện,12.2,Hài lòng
CD01749,12/07/2025 19:16,12/07/2025 19:24,DN01,DN01,KH0414,XE MÁY ĐIỆN,3.6,Hài lòng
CD01750,13/07/2025 06:13,13/07/2025 06:51,DN04,DN03,,Xe máy điện,11.6,Rất hài lòng
CD01751,13/07/2025 06:16,13/07/2025 06:45,HA02,HA02,KH0207,Xe máy điện,11.2,
CD01752,13/07/2025 07:09,13/07/2025 07:36,DN02,DN04,KH0003,Xe máy điện,9.5,Hài lòng
CD01753,13/07/2025 07:10,13/07/2025 07:41,DN07,DN03,KH0374,Xe đạp điện,9.7,Hài lòng
CD01754,13/07/2025 08:20,,HA01,HA01,KH0002,Xe đạp,2.3,Hài lòng
CD01755,13/07/2025 08:54,13/07/2025 09:35,HA01,HA02,,Xe máy điện,17.0,
CD01756,13/07/2025 08:55,13/07/2025 09:08,HA01,HA02,KH0019,Xe đạp,2.4,Hài lòng
CD01757,13/07/2025 09:55,13/07/2025 10:07,DN01,DN04,KH0350,Xe đạp điện,3.1,Hài lòng
CD01758,13/07/2025 13:06,13/07/2025 14:11,HA02,HA01,KH0012,Xe máy điện,25.4,
CD01759,13/07/2025 13:36,,DN04,DN03,,Xe máy điện,13.6,
CD01760,13/07/2025 14:14,13/07/2025 14:27,DN03,DN01,KH0163,Xe đạp điện  ,3.7,Rất hài lòng
CD01761,13/07/2025 15:18,13/07/2025 16:12,HA01,HA01,KH0059,xe đạp điện,12.5,Hài lòng
CD01762,13/07/2025 15:35,13/07/2025 15:51,DN01,DN03,KH0255, Xe đạp,3.5,Bình thường
CD01763,13/07/2025 17:08,13/07/2025 17:16,DN04,DN02,,Xe đạp,1.0,Bình thường
CD01764,13/07/2025 17:32,13/07/2025 17:45,DN03,DN02,KH0271,Xe đạp điện,4.1,Hài lòng
CD01765,13/07/2025 18:00,13/07/2025 18:16,DN03,DN04,KH0178,Xe đạp điện,4.2,Bình thường
CD01765,13/07/2025 18:00,13/07/2025 18:16,DN03,DN04,KH0178,Xe đạp điện,4.2,Bình thường
CD01766,13/07/2025 18:04,13/07/2025 18:26,DN01,DN01,,Xe đạp,3.6,Không hài lòng
CD01767,13/07/2025 18:15,13/07/2025 18:56,HA01,HA02,KH0062,Xe máy điện,9.8,Rất hài lòng
CD01768,13/07/2025 18:17,13/07/2025 18:40,DN01,DN01,,Xe đạp,4.2,Hài lòng
CD01769,13/07/2025 18:52,13/07/2025 19:14,DN04,DN03,KH0155,Xe máy điện,10.4,Bình thường
CD01770,13/07/2025 20:31,13/07/2025 21:00,HA02,HA02,KH0383,Xe đạp điện,5.6,Bình thường
CD01771,13/07/2025 21:16,13/07/2025 21:29,DN03,DN03,,Xe đạp điện,4.0,Hài lòng
CD01772,13/07/2025 21:29,13/07/2025 21:52,DN01,DN03,KH0149,Xe đạp,6.4,Bình thường
CD01773,14/07/2025 06:16,14/07/2025 06:32,DN03,DN02,KH0023,XE MÁY ĐIỆN,4.6,
CD01774,14/07/2025 06:17,14/07/2025 06:41,HA01,HA01,KH0281,Xe máy điện,9.5,Hài lòng
CD01775,14/07/2025 06:44,14/07/2025 07:03,HA01,HA02,KH0130,XE ĐẠP ĐIỆN,4.9,Hài lòng
CD01776,14/07/2025 06:50,14/07/2025 07:04,DN02,DN01,KH0331,xe đạp,2.0,Bình thường
CD01777,14/07/2025 07:30,14/07/2025 08:24,DN01,DN01,,XE MÁY ĐIỆN,27.9,
CD01778,14/07/2025 07:37,14/07/2025 07:50,HA02,HA01,KH0044,Xe đạp điện,4.6,Rất hài lòng
CD01779,14/07/2025 09:03,14/07/2025 09:23,DN02,DN04,,Xe đạp điện,5.0,Bình thường
CD01780,14/07/2025 10:18,14/07/2025 10:29,HA01,HA01,KH0430,Xe máy điện,4.3,Bình thường
CD01781,14/07/2025 12:18,14/07/2025 12:40,DN02,DN02,,Xe dap dien,4.2,
CD01782,14/07/2025 12:59,14/07/2025 13:19,DN02,DN02,KH0234,Xe đạp điện,4.7,Hài lòng
CD01783,14/07/2025 15:07,14/07/2025 15:17,DN07,DN01,,Xe đạp,1.9,
CD01784,14/07/2025 16:48,14/07/2025 17:12,DN01,DN02,,Xe may dien,9.1,
CD01785,14/07/2025 17:10,,DN02,DN02,,Xe máy điện,10.3,Bình thường
CD01786,14/07/2025 17:58,14/07/2025 18:31,HA01,HA02,,XE MÁY ĐIỆN,14.1,
CD01787,14/07/2025 18:35,14/07/2025 19:00,DN03,DN03,KH0443,Xe đạp,5.5,Hài lòng
CD01788,14/07/2025 19:06,14/07/2025 19:25,HA01,HA01,KH0278,Xe máy điện,8.0,Hài lòng
CD01789,14/07/2025 19:17,14/07/2025 19:36,DN03,DN02,KH0173,Xe đạp,-1.5,
CD01790,14/07/2025 19:42,14/07/2025 20:18,DN01,DN02,,Xe máy điện,14.5,Hài lòng
CD01791,14/07/2025 21:23,14/07/2025 21:34,DN01,DN02,,XE ĐẠP ĐIỆN,3.0,Rất hài lòng
CD01792,15/07/2025 06:05,15/07/2025 06:17,DN01,DN01,KH0214,Xe đạp,2.3,Hài lòng
CD01793,15/07/2025 06:50,15/07/2025 07:39,DN02,DN01,KH0245,Xe đạp điện,16.2,Bình thường
CD01794,15/07/2025 10:54,15/07/2025 11:30,DN03,DN03,KH0115,Xe máy điện,15.3,Hài lòng
CD01795,15/07/2025 11:05,15/07/2025 12:13,HA02,HA02,,Xe máy điện,21.0,Hài lòng
CD01796,15/07/2025 12:03,15/07/2025 12:17,HA02,HA01,KH0451,Xe đạp điện,3.4,
CD01797,15/07/2025 12:57,15/07/2025 12:58,HA02,HA02,KH0179,Xe máy điện,0.0,
CD01798,15/07/2025 13:01,15/07/2025 13:20,HA01,HA01,KH0457,Xe đạp,5.3,Rất hài lòng
CD01799,15/07/2025 14:52,15/07/2025 15:09,DN04,DN04,,Xe đạp,2.5,Hài lòng
CD01800,15/07/2025 15:38,15/07/2025 16:15,DN04,DN03,KH0226,Xe máy điện,12.8,Hài lòng
CD01801,15/07/2025 16:34,15/07/2025 17:25,HA01,HA02,KH0434,Xe may dien,25.3,Rất hài lòng
CD01801,15/07/2025 16:34,15/07/2025 17:25,HA01,HA02,KH0434,Xe may dien,25.3,Rất hài lòng
CD01802,15/07/2025 16:47,15/07/2025 17:21,DN07,DN02,KH0154,Xe đạp,6.1,Bình thường
CD01803,15/07/2025 17:07,15/07/2025 19:20,HA01,HA01,,Xe đạp điện,38.3,
CD01804,15/07/2025 17:57,15/07/2025 18:30,HA02,HA02,KH0268,Xe dap,6.2,Hài lòng
CD01804,15/07/2025 17:57,15/07/2025 18:30,HA02,HA02,KH0268,Xe dap,6.2,Hài lòng
CD01805,15/07/2025 18:15,15/07/2025 19:10,HA02,HA01,KH0163,Xe máy điện,19.7,Rất hài lòng
CD01806,15/07/2025 18:25,15/07/2025 19:25,HA01,HA01,KH0012,xe đạp điện,12.2,Hài lòng
CD01806,15/07/2025 18:25,15/07/2025 19:25,HA01,HA01,KH0012,xe đạp điện,12.2,Hài lòng
CD01807,15/07/2025 19:50,15/07/2025 20:17,HA02,HA02,KH0303,Xe đạp,5.3,Bình thường
CD01808,15/07/2025 21:02,15/07/2025 21:57,HA01,HA02,KH0198,Xe máy điện,20.6,Hài lòng
CD01809,16/07/2025 06:10,16/07/2025 07:16,HA01,HA01,KH0198,XE MÁY ĐIỆN,22.0,Rất hài lòng
CD01810,16/07/2025 07:15,16/07/2025 07:29,DN03,DN02,KH0327,Xe máy điện,5.5,Hài lòng
CD01811,16/07/2025 07:22,16/07/2025 07:29,DN04,DN01,,Xe đạp điện,2.3,Hài lòng
CD01812,16/07/2025 09:14,16/07/2025 09:43,DN01,DN04,KH0341,Xe đạp điện,7.6,Hài lòng
CD01813,16/07/2025 09:28,16/07/2025 09:37,DN02,DN01,KH0192, Xe đạp,1.3,Hài lòng
CD01814,16/07/2025 13:47,,HA01,HA01,,Xe dap,3.2,Bình thường
CD01815,16/07/2025 15:59,16/07/2025 16:49,HA01,HA02,KH0203,XE ĐẠP ĐIỆN,11.9,
CD01816,16/07/2025 16:00,16/07/2025 16:36,DN02,DN04,KH0100,xe đạp điện,12.5,
CD01817,16/07/2025 18:54,16/07/2025 19:28,DN01,DN02,,Xe đạp điện,6.9,Không hài lòng
CD01818,16/07/2025 18:57,16/07/2025 19:43,HA02,HA01,KH0250,Xe máy điện,19.4,Hài lòng
CD01819,16/07/2025 19:00,16/07/2025 19:53,DN02,DN01,KH0408,Xe máy điện,22.7,Bình thường
CD01820,16/07/2025 19:41,16/07/2025 20:07,DN01,DN03,KH0027,Xe đạp điện,6.0,Rất hài lòng
CD01821,16/07/2025 20:38,16/07/2025 21:16,DN03,DN02,KH0039,xe máy điện,19.6,Hài lòng
CD01822,16/07/2025 21:07,16/07/2025 22:23,HA01,HA02,KH0303,Xe máy điện,28.1,Bình thường
CD01823,17/07/2025 06:54,17/07/2025 07:10,DN04,DN02,,Xe đạp,3.3,Hài lòng
CD01824,17/07/2025 07:10,17/07/2025 07:24,HA01,HA02,KH0319,Xe đạp,3.4,Hài lòng
CD01825,17/07/2025 07:26,17/07/2025 07:57,HA02,HA01,,XE MÁY ĐIỆN,11.5,Hài lòng
CD01826,17/07/2025 07:58,17/07/2025 08:10,DN04,DN01,KH0100,Xe đạp điện,3.0,
CD01827,17/07/2025 07:59,17/07/2025 08:16,DN01,DN01,KH0200,Xe đạp,2.7,Bình thường
CD01828,17/07/2025 10:48,17/07/2025 11:44,HA01,HA01,KH0079,Xe may dien,24.7,Bình thường
CD01829,17/07/2025 11:07,17/07/2025 11:14,DN03,DN01,KH0184,Xe đạp,1.4,Hài lòng
CD01830,17/07/2025 12:53,17/07/2025 13:26,DN01,DN02,KH0212,Xe may dien,12.5,Rất hài lòng
CD01831,17/07/2025 13:33,17/07/2025 14:32,DN03,DN04,KH0243,Xe máy điện,19.7,
CD01832,17/07/2025 14:17,17/07/2025 14:36,HA01,HA01,KH0012,Xe đạp điện,5.1,Hài lòng
CD01833,17/07/2025 14:34,17/07/2025 16:17,HA01,HA02,KH0068,Xe máy điện,33.3,Hài lòng
CD01834,17/07/2025 14:46,17/07/2025 14:59,DN01,DN03,KH0242,Xe đạp điện,2.9,Rất hài lòng
CD01835,17/07/2025 16:54,17/07/2025 17:03,HA01,HA01,KH0110,Xe đạp,1.9,
CD01836,17/07/2025 17:18,17/07/2025 17:43,DN03,DN03,KH0348,xe máy điện,9.7,
CD01837,17/07/2025 18:24,17/07/2025 18:50,DN03,DN04,,xe đạp,4.9,Bình thường
CD01838,17/07/2025 19:51,17/07/2025 20:01,HA01,HA01,KH0207,Xe đạp,1.7,
CD01839,17/07/2025 20:52,17/07/2025 21:04,HA02,HA01,KH0260,Xe đạp,1.9,
CD01840,17/07/2025 20:59,17/07/2025 21:17,DN02,DN01,KH0196,Xe đạp điện,4.5,
CD01841,17/07/2025 21:56,17/07/2025 22:53,HA01,HA01,,Xe máy điện,23.3,
CD01842,18/07/2025 06:35,18/07/2025 07:45,DN01,DN01,KH0185,Xe máy điện,28.3,Bình thường
CD01843,18/07/2025 07:37,18/07/2025 08:20,HA01,HA01,KH0177,Xe đạp điện,8.9,Hài lòng
CD01844,18/07/2025 07:37,18/07/2025 07:59,DN01,DN02,KH0353,Xe đạp điện,6.3,
CD01845,18/07/2025 08:45,18/07/2025 09:11,HA02,HA01,KH0027,Xe đạp điện,5.7,Hài lòng
CD01846,18/07/2025 09:18,18/07/2025 10:06,HA02,HA01,,Xe đạp điện,15.6,
CD01847,18/07/2025 09:32,18/07/2025 11:46,DN03,DN03,,Xe máy điện,46.0,Hài lòng
CD01848,18/07/2025 14:29,18/07/2025 14:41,HA01,HA02,,XE ĐẠP,2.4,Hài lòng
CD01849,18/07/2025 14:58,18/07/2025 15:45,HA01,HA02,KH0408,Xe đạp điện,12.5,Hài lòng
CD01850,18/07/2025 15:31,18/07/2025 15:37,HA01,HA01,KH0151,Xe đạp,0.6,Bình thường
CD01851,18/07/2025 17:07,18/07/2025 17:29,HA02,HA02,,Xe máy điện,9.7,
CD01852,18/07/2025 17:09,18/07/2025 17:36,DN03,DN01,KH0024, Xe máy điện,11.3,Hài lòng
CD01853,18/07/2025 17:22,18/07/2025 18:02,DN01,DN03,KH0486,Xe đạp điện,9.0,Hài lòng
CD01854,18/07/2025 17:24,18/07/2025 17:41,DN03,DN04,KH0438,Xe đạp,2.8,
CD01855,18/07/2025 19:13,18/07/2025 19:30,DN03,DN03,KH0239,Xe máy điện,6.6,Bình thường
CD01856,18/07/2025 19:42,18/07/2025 19:51,DN03,DN03,,Xe đạp,1.9,Hài lòng
CD01857,18/07/2025 21:06,18/07/2025 21:13,DN02,DN03,,Xe đạp điện,1.6,Hài lòng
CD01858,19/07/2025 06:12,19/07/2025 06:25,HA01,HA02,,Xe đạp,2.4,Rất hài lòng
CD01859,19/07/2025 06:34,19/07/2025 06:35,HA01,HA01,,XE MÁY ĐIỆN,0.1,
CD01860,19/07/2025 06:47,,HA01,HA02,KH0495,Xe đạp,3.6,Hài lòng
CD01861,19/07/2025 07:06,19/07/2025 08:00,DN02,DN03,KH0138,Xe may dien,,Bình thường
CD01862,19/07/2025 07:19,19/07/2025 07:59,HA02,HA01,KH0071,Xe đạp điện,14.0,Rất hài lòng
CD01863,19/07/2025 07:24,19/07/2025 07:35,DN04,DN02,KH0164,Xe đạp,1.8,Bình thường
CD01864,19/07/2025 07:51,19/07/2025 08:29,DN01,DN01,KH0382,XE ĐẠP ĐIỆN,10.1,Rất hài lòng
CD01865,19/07/2025 07:52,19/07/2025 09:09,DN02,DN02,KH0427,Xe máy điện,20.9,Rất hài lòng
CD01866,19/07/2025 07:53,19/07/2025 08:25,DN03,DN02,KH0424,Xe máy điện,16.3,Hài lòng
CD01867,19/07/2025 08:09,19/07/2025 08:37,HA01,HA01,KH0268,Xe đạp,6.1,Không hài lòng
CD01868,19/07/2025 08:21,19/07/2025 08:39,HA01,HA02,KH0401,Xe đạp điện,4.2,Rất hài lòng
CD01869,19/07/2025 11:39,19/07/2025 11:53,DN01,DN01,KH0134,Xe đạp điện,2.5,Bình thường
CD01870,19/07/2025 12:59,19/07/2025 13:42,DN02,DN02,,Xe đạp,7.7,Hài lòng
CD01871,19/07/2025 13:50,,DN02,DN02,KH0150,Xe đạp,1.6,Hài lòng
CD01872,19/07/2025 14:48,19/07/2025 14:59,DN01,DN03,,Xe đạp,2.7,Hài lòng
CD01873,19/07/2025 14:53,19/07/2025 15:47,DN03,DN01,KH0162,Xe máy điện,18.2,
CD01874,19/07/2025 15:11,19/07/2025 15:43,DN04,DN04,KH0181,Xe đạp điện,5.4,Hài lòng
CD01875,19/07/2025 15:16,19/07/2025 15:42,DN03,DN04,KH0070,Xe đạp,6.5,Hài lòng
CD01876,19/07/2025 16:33,19/07/2025 17:23,HA02,HA01,, Xe máy điện,19.4,Hài lòng
CD01877,19/07/2025 17:30,19/07/2025 17:41,HA02,HA01,,Xe đạp,2.6,Bình thường
CD01878,19/07/2025 19:16,19/07/2025 19:37,DN04,DN03,KH0394,Xe máy điện,8.8,
CD01879,19/07/2025 20:50,19/07/2025 21:07,HA02,HA01,KH0229,xe đạp điện,4.8,Hài lòng
CD01880,20/07/2025 05:43,20/07/2025 06:04,DN02,DN02,,Xe đạp,3.4,Hài lòng
CD01881,20/07/2025 05:52,20/07/2025 06:09,DN03,DN03,,Xe máy điện,7.7,
CD01882,20/07/2025 06:58,20/07/2025 07:08,DN02,DN03,KH0298,Xe đạp,2.0,Bình thường
CD01883,20/07/2025 07:16,20/07/2025 07:43,DN01,DN04,KH0303,Xe máy điện,11.3,Rất hài lòng
CD01884,20/07/2025 07:24,20/07/2025 07:49,DN02,DN04,KH0363,Xe đạp điện,8.7,Hài lòng
CD01885,20/07/2025 07:25,20/07/2025 07:35,DN04,DN04,KH0483,Xe đạp,1.6,Hài lòng
CD01886,20/07/2025 08:07,20/07/2025 08:34,DN03,DN01,KH0161,xe đạp điện,7.0,Hài lòng
CD01887,20/07/2025 08:15,20/07/2025 09:16,HA02,HA01,KH0059,Xe máy điện,23.6,
CD01888,20/07/2025 09:49,20/07/2025 10:27,HA02,HA02,KH0439,Xe đạp,6.3,Hài lòng
CD01889,20/07/2025 09:53,20/07/2025 10:26,HA01,HA01,,Xe đạp điện,8.9,
CD01890,20/07/2025 12:11,20/07/2025 12:24,DN04,DN03,KH0498,Xe đạp,3.0,Bình thường
CD01891,20/07/2025 12:30,20/07/2025 12:44,DN01,DN01,KH0461,Xe may dien,6.8,Rất hài lòng
CD01892,20/07/2025 12:48,,DN01,DN02,,Xe đạp,1.2,Không hài lòng
CD01893,20/07/2025 13:11,20/07/2025 14:49,DN03,DN04,KH0378,Xe máy điện,30.8,Hài lòng
CD01894,20/07/2025 13:27,20/07/2025 13:42,DN02,DN02,KH0118,Xe đạp điện,4.6,Bình thường
CD01895,20/07/2025 17:31,20/07/2025 17:49,HA02,HA02,KH0311,xe đạp điện,5.6,Rất hài lòng
CD01896,20/07/2025 17:33,20/07/2025 17:50,DN02,DN02,KH0033,Xe đạp điện,5.4,
CD01897,20/07/2025 17:41,20/07/2025 17:59,DN07,DN02,KH0348,Xe đạp,3.0,Bình thường
CD01898,20/07/2025 17:56,20/07/2025 18:31,DN02,DN02,,Xe đạp điện,10.0,Hài lòng
CD01899,20/07/2025 18:32,20/07/2025 18:45,DN04,DN04,KH0226,XE ĐẠP ĐIỆN,4.1,Bình thường
CD01900,20/07/2025 19:01,20/07/2025 20:30,DN03,DN02,KH0060,Xe máy điện,29.3,Hài lòng
CD01901,20/07/2025 19:27,20/07/2025 20:06,DN04,DN01,KH0296,Xe đạp điện,10.4,
CD01902,20/07/2025 19:39,20/07/2025 19:55,DN03,DN01,,Xe đạp điện  ,4.1,Bình thường
CD01903,20/07/2025 19:57,20/07/2025 20:19,DN03,DN01,KH0018,Xe đạp,4.5,Không hài lòng
CD01904,20/07/2025 20:10,20/07/2025 20:56,HA01,HA01,,Xe đạp điện,14.0,Bình thường
CD01905,20/07/2025 20:26,20/07/2025 21:01,DN02,DN01,KH0448,Xe đạp điện,11.3,Rất hài lòng
CD01906,21/07/2025 06:47,21/07/2025 07:26,DN01,DN03,KH0276,Xe máy điện,17.0,Hài lòng
CD01907,21/07/2025 07:24,21/07/2025 08:33,DN02,DN02,KH0400, Xe máy điện,22.8,
CD01908,21/07/2025 07:56,21/07/2025 08:06,HA01,HA01,KH0046,xe đạp,1.8,Hài lòng
CD01909,21/07/2025 09:00,21/07/2025 09:25,DN02,DN04,,Xe máy điện,7.3,Rất hài lòng
CD01910,21/07/2025 09:31,21/07/2025 10:00,DN01,DN01,KH0492,Xe máy điện,12.1,Hài lòng
CD01911,21/07/2025 11:37,21/07/2025 13:05,DN01,DN03,KH0397,Xe đạp,13.3,Bình thường
CD01912,21/07/2025 12:18,21/07/2025 12:40,HA01,HA01,,Xe đạp,5.6,
CD01913,21/07/2025 15:27,21/07/2025 15:52,DN02,DN02,KH0026,Xe đạp điện,8.0,
CD01914,21/07/2025 16:08,21/07/2025 16:37,DN03,DN02,KH0046,Xe máy điện,11.4,Bình thường
CD01915,21/07/2025 17:10,21/07/2025 17:11,DN03,DN03,KH0353,XE ĐẠP ĐIỆN,0.1,
CD01916,21/07/2025 17:30,21/07/2025 17:52,HA01,HA01,KH0212,Xe đạp điện,4.3,Bình thường
CD01917,21/07/2025 17:48,21/07/2025 19:29,DN01,DN01,KH0105,Xe máy điện,,Hài lòng
CD01918,21/07/2025 18:09,21/07/2025 18:42,DN01,DN01,KH0288,Xe máy điện,13.8,Hài lòng
CD01919,21/07/2025 18:25,21/07/2025 19:22,HA01,HA01,KH0340,Xe máy điện,18.8,Hài lòng
CD01920,21/07/2025 18:54,21/07/2025 19:43,HA02,HA01,KH0292,XE MÁY ĐIỆN,21.9,
CD01921,21/07/2025 19:22,21/07/2025 19:53,HA02,HA02,KH0146,Xe đạp điện,8.5,Rất hài lòng
CD01922,22/07/2025 07:25,22/07/2025 08:09,DN01,DN02,KH0246,Xe đạp,6.4,Hài lòng
CD01923,22/07/2025 07:52,22/07/2025 08:06,DN04,DN02,KH0263,Xe đạp,2.5,Bình thường
CD01924,22/07/2025 10:58,22/07/2025 11:52,HA01,HA02,,Xe đạp điện,22.3,Rất hài lòng
CD01925,22/07/2025 11:15,22/07/2025 11:34,DN03,DN04,,Xe đạp điện,5.6,
CD01926,22/07/2025 17:38,22/07/2025 17:56,DN03,DN01,KH0182,Xe đạp,2.3,
CD01927,22/07/2025 17:42,22/07/2025 17:56,DN02,DN01,,Xe đạp,2.8,Hài lòng
CD01928,22/07/2025 18:06,22/07/2025 19:02,DN01,DN03,,Xe máy điện,25.3,Rất hài lòng
CD01929,22/07/2025 18:31,22/07/2025 19:04,DN03,DN01,,Xe máy điện,10.0,Hài lòng
CD01930,22/07/2025 19:26,22/07/2025 20:37,DN02,DN02,,Xe máy điện,27.5,Hài lòng
CD01931,22/07/2025 19:35,22/07/2025 19:58,DN03,DN01,KH0446,Xe đạp điện,,Bình thường
CD01932,22/07/2025 21:11,22/07/2025 21:36,HA01,HA01,KH0035,Xe máy điện,6.9,Rất hài lòng
CD01933,22/07/2025 22:11,22/07/2025 22:26,DN02,DN02,KH0209,Xe đạp,2.7,
CD01934,23/07/2025 05:08,23/07/2025 05:43,DN01,DN02,,Xe máy điện,10.7,Hài lòng
CD01935,23/07/2025 06:29,23/07/2025 07:19,DN01,DN02,,Xe đạp điện  ,10.8,Hài lòng
CD01936,23/07/2025 07:03,23/07/2025 07:18,DN02,DN01,KH0135,Xe đạp điện,4.0,Rất hài lòng
CD01937,23/07/2025 07:22,23/07/2025 07:38,HA01,HA01,KH0109,Xe đạp,2.8,Hài lòng
CD01938,23/07/2025 08:46,23/07/2025 09:18,DN02,DN04,KH0500,Xe máy điện,16.1,Rất hài lòng
CD01939,23/07/2025 08:49,23/07/2025 09:17,DN02,DN02,,xe đạp điện,8.1,Hài lòng
CD01940,23/07/2025 11:18,23/07/2025 11:55,HA01,HA01,,Xe dap dien,8.0,Hài lòng
CD01941,23/07/2025 13:11,23/07/2025 13:21,DN02,DN01,KH0232,Xe dap dien,2.7,Bình thường
CD01942,23/07/2025 15:13,23/07/2025 15:25,DN01,DN02,KH0468,Xe đạp điện,3.1,Rất hài lòng
CD01943,23/07/2025 16:36,23/07/2025 18:01,DN01,DN02,,Xe máy điện,33.0,Bình thường
CD01944,23/07/2025 16:58,23/07/2025 18:01,HA02,HA02,KH0012,Xe máy điện,24.4,Rất hài lòng
CD01945,23/07/2025 18:20,23/07/2025 18:29,DN04,DN01,,Xe đạp điện,2.0,Rất không hài lòng
CD01946,23/07/2025 18:39,23/07/2025 19:17,DN03,DN04,,Xe máy điện,13.4,Hài lòng
CD01947,23/07/2025 18:54,23/07/2025 19:32,DN01,DN02,KH0044,Xe đạp điện,11.2,Rất hài lòng
CD01948,23/07/2025 19:03,23/07/2025 19:28,DN03,DN03,KH0180,Xe đạp điện,6.0,Bình thường
CD01949,23/07/2025 21:14,23/07/2025 21:38,HA01,HA01,,Xe đạp điện,5.3,Hài lòng
CD01950,24/07/2025 06:25,24/07/2025 06:48,HA01,HA02,KH0273,Xe may dien,8.2,Hài lòng
CD01951,24/07/2025 09:21,24/07/2025 10:10,DN01,DN02,,Xe đạp điện,17.1,Bình thường
CD01952,24/07/2025 09:49,24/07/2025 10:14,HA02,HA01,KH0351,Xe đạp điện,5.0,Bình thường
CD01953,24/07/2025 12:37,24/07/2025 12:53,HA01,HA01,KH0440,Xe đạp điện,3.6,Bình thường
CD01954,24/07/2025 13:27,24/07/2025 13:58,DN01,DN02,KH0027,Xe máy điện,10.5,Hài lòng
CD01955,24/07/2025 13:42,24/07/2025 14:32,HA02,HA01,KH0152,Xe đạp,7.3,Hài lòng
CD01956,24/07/2025 16:02,24/07/2025 16:18,DN03,DN02,,Xe đạp,2.9,Hài lòng
CD01957,24/07/2025 17:59,24/07/2025 18:22,DN03,DN04,KH0206,Xe đạp điện,3.9,Rất hài lòng
CD01958,24/07/2025 17:59,24/07/2025 18:21,DN01,DN01,KH0072,xe máy điện,999.9,Hài lòng
CD01959,24/07/2025 18:14,24/07/2025 18:48,DN04,DN02,,Xe đạp điện,9.1,
CD01960,24/07/2025 18:43,24/07/2025 19:16,HA02,HA01,,Xe đạp điện,11.6,Bình thường
CD01961,24/07/2025 18:54,24/07/2025 19:12,HA02,HA01,KH0459,Xe đạp điện,3.8,Hài lòng
CD01962,24/07/2025 19:02,24/07/2025 19:09,HA01,HA02,KH0453,Xe đạp điện,1.8,Rất hài lòng
CD01963,24/07/2025 20:27,24/07/2025 20:54,DN01,DN02,KH0446,Xe đạp điện,9.1,Bình thường
CD01964,24/07/2025 20:51,24/07/2025 21:02,DN01,DN02,,Xe đạp điện,2.8,Rất hài lòng
CD01965,24/07/2025 21:32,24/07/2025 20:04,HA01,HA02,KH0042,Xe máy điện,31.6,Rất hài lòng
CD01966,24/07/2025 22:57,24/07/2025 23:12,HA02,HA02,,Xe đạp,2.4,Hài lòng
CD01967,25/07/2025 05:47,25/07/2025 06:12,DN01,DN02,,Xe máy điện,8.2,Rất hài lòng
CD01968,25/07/2025 05:53,25/07/2025 06:43,HA01,HA02,,Xe đạp,6.4,Bình thường
CD01969,25/07/2025 07:02,25/07/2025 08:14,HA02,HA02,,Xe máy điện,24.4,Hài lòng
CD01970,25/07/2025 07:33,25/07/2025 07:48,DN04,DN03,,Xe đạp điện,4.8,Hài lòng
CD01971,25/07/2025 07:45,25/07/2025 08:11,DN02,DN03,,Xe đạp điện,8.3,Hài lòng
CD01972,25/07/2025 07:46,,DN03,DN03,KH0312,Xe đạp,3.0,Bình thường
CD01973,25/07/2025 08:31,25/07/2025 08:52,DN04,DN01,,Xe đạp điện,6.2,
CD01974,25/07/2025 10:12,25/07/2025 10:51,HA01,HA01,KH0167,Xe máy điện,16.7,Rất hài lòng
CD01975,25/07/2025 11:28,25/07/2025 11:59,DN03,DN03,KH0265,Xe máy điện,11.0,Rất hài lòng
CD01976,25/07/2025 13:13,25/07/2025 13:49,DN01,DN03,,Xe máy điện,21.2,Rất hài lòng
CD01977,25/07/2025 16:29,25/07/2025 16:50,DN02,DN03,KH0175,Xe đạp điện,5.5,Hài lòng
CD01978,25/07/2025 16:29,25/07/2025 16:42,DN01,DN02,KH0345,Xe đạp,2.0,Bình thường
CD01979,25/07/2025 17:23,25/07/2025 17:35,DN03,DN01,KH0453, Xe đạp,2.1,Bình thường
CD01980,25/07/2025 20:09,25/07/2025 20:32,DN03,DN02,KH0123,Xe đạp điện,6.0,Hài lòng
CD01981,25/07/2025 20:35,25/07/2025 21:02,HA01,HA02,,Xe đạp điện,7.1,Hài lòng
CD01981,25/07/2025 20:35,25/07/2025 21:02,HA01,HA02,,Xe đạp điện,7.1,Hài lòng
CD01982,25/07/2025 21:07,25/07/2025 21:37,DN04,DN01,KH0363,Xe máy điện,13.7,Bình thường
CD01983,25/07/2025 21:57,25/07/2025 23:00,DN04,DN01,KH0055,Xe máy điện,25.8,Hài lòng
CD01984,26/07/2025 05:05,26/07/2025 05:33,HA02,HA01,KH0001,Xe máy điện,10.2,Rất hài lòng
CD01985,26/07/2025 05:30,26/07/2025 05:54,HA01,HA01,KH0151,Xe máy điện,9.0,Hài lòng
CD01986,26/07/2025 06:13,26/07/2025 06:40,DN01,DN01,,Xe máy điện,9.1,Rất hài lòng
CD01987,26/07/2025 06:16,26/07/2025 06:31,HA01,HA02,,Xe đạp,3.1,Rất hài lòng
CD01988,26/07/2025 06:28,26/07/2025 06:45,DN01,DN04,,Xe đạp điện,4.9,Hài lòng
CD01989,26/07/2025 07:46,,DN03,DN04,,Xe đạp điện,6.6,
CD01990,26/07/2025 08:22,26/07/2025 08:38,HA01,HA02,KH0141,Xe đạp,3.1,Hài lòng
CD01991,26/07/2025 09:51,26/07/2025 10:05,DN03,DN02,,Xe đạp điện  ,3.6,Rất hài lòng
CD01992,26/07/2025 10:39,26/07/2025 11:08,DN02,DN03,KH0142,Xe máy điện,10.1,Hài lòng
CD01992,26/07/2025 10:39,26/07/2025 11:08,DN02,DN03,KH0142,Xe máy điện,10.1,Hài lòng
CD01993,26/07/2025 10:41,26/07/2025 11:00,DN02,DN03,KH0327,Xe đạp,3.3,Rất hài lòng
CD01994,26/07/2025 12:08,26/07/2025 12:40,HA01,HA02,KH0054,xe đạp điện,10.7,Bình thường
CD01995,26/07/2025 13:19,26/07/2025 13:30,HA02,HA02,,Xe đạp,1.9,Rất hài lòng
CD01996,26/07/2025 15:07,26/07/2025 16:00,HA01,HA01,KH0233,Xe máy điện,21.5,Hài lòng
CD01997,26/07/2025 15:57,26/07/2025 16:17,DN04,DN01,,Xe đạp điện,4.2,Hài lòng
CD01998,26/07/2025 16:22,26/07/2025 17:16,HA01,HA02,KH0026,XE ĐẠP ĐIỆN,13.3,Rất hài lòng
CD01999,26/07/2025 17:16,26/07/2025 18:01,DN02,DN02,KH0496,Xe máy điện,22.4,
CD02000,26/07/2025 17:21,26/07/2025 17:32,DN04,DN03,,Xe máy điện,4.4,
CD02001,26/07/2025 18:31,26/07/2025 18:44,DN02,DN01,KH0207,Xe đạp,2.0,Hài lòng
CD02002,26/07/2025 18:59,26/07/2025 19:16,DN03,DN02,,Xe đạp điện,4.2,Hài lòng
CD02003,27/07/2025 05:55,27/07/2025 06:16,HA01,HA01,KH0283,Xe đạp điện,4.0,Hài lòng
CD02004,27/07/2025 06:43,27/07/2025 07:34,DN02,DN02,,Xe máy điện,20.5,Hài lòng
CD02005,27/07/2025 07:03,27/07/2025 07:30,HA01,HA02,KH0314,Xe đạp điện  ,6.6,Hài lòng
CD02006,27/07/2025 07:14,27/07/2025 07:28,DN03,DN02,KH0247,Xe đạp,3.5,Rất hài lòng
CD02007,27/07/2025 07:58,27/07/2025 08:27,HA01,HA01,KH0351,Xe đạp điện,9.3,Rất hài lòng
CD02008,27/07/2025 10:47,27/07/2025 11:17,HA02,HA02,KH0265,Xe đạp điện,8.6,Hài lòng
CD02009,27/07/2025 12:26,27/07/2025 12:45,DN01,DN04,KH0179,Xe máy điện,7.2,Rất hài lòng
CD02010,27/07/2025 12:43,27/07/2025 13:10,HA02,HA01,KH0164,XE ĐẠP,4.2,Bình thường
CD02011,27/07/2025 13:27,27/07/2025 14:19,DN03,DN02,KH0419,XE MÁY ĐIỆN,21.1,
CD02012,27/07/2025 15:01,27/07/2025 15:22,HA01,HA01,,Xe đạp điện,6.7,Bình thường
CD02013,27/07/2025 16:54,27/07/2025 17:50,HA01,HA01,,Xe đạp điện,16.8,
CD02014,27/07/2025 17:12,27/07/2025 17:24,DN01,DN02,KH0093,Xe đạp,2.4,Bình thường
CD02015,27/07/2025 17:44,27/07/2025 18:07,DN02,DN03,,Xe máy điện,5.2,Hài lòng
CD02016,27/07/2025 18:49,27/07/2025 19:15,HA02,HA02,KH0397,Xe đạp,4.3,Bình thường
CD02017,27/07/2025 18:49,27/07/2025 19:03,HA01,HA01,KH0171,Xe đạp,2.1,Rất hài lòng
CD02018,27/07/2025 20:15,27/07/2025 20:25,HA02,HA01,,Xe đạp,2.3,Rất hài lòng
CD02019,27/07/2025 20:40,27/07/2025 21:01,DN02,DN01,,Xe đạp điện  ,6.3,Hài lòng
CD02020,27/07/2025 21:11,27/07/2025 21:22,HA01,HA01,KH0011,Xe đạp điện,3.1,
CD02021,28/07/2025 07:00,28/07/2025 07:35,DN03,DN02,,xe máy điện,12.1,
CD02022,28/07/2025 07:24,28/07/2025 08:18,HA01,HA01,KH0007,Xe máy điện,18.1,
CD02023,28/07/2025 07:30,28/07/2025 08:40,DN01,DN03,,Xe máy điện,35.0,
CD02024,28/07/2025 08:05,28/07/2025 08:35,DN03,DN01,KH0341,XE ĐẠP ĐIỆN,8.8,Rất hài lòng
CD02025,28/07/2025 08:19,28/07/2025 08:31,DN01,DN04,KH0452,Xe đạp điện,3.6,
CD02026,28/07/2025 08:30,28/07/2025 08:47,DN02,DN01,KH0417,Xe đạp,2.9,Hài lòng
CD02027,28/07/2025 09:56,28/07/2025 10:15,HA01,HA01,KH0314,Xe đạp,2.9,Rất hài lòng
CD02028,28/07/2025 12:50,28/07/2025 14:12,HA02,HA01,,Xe máy điện,28.4,Rất hài lòng
CD02029,28/07/2025 13:59,28/07/2025 14:41,HA02,HA02,,XE MÁY ĐIỆN,15.9,Rất hài lòng
CD02030,28/07/2025 14:29,28/07/2025 14:40,HA02,HA01,KH0417,Xe đạp,1.9,
CD02031,28/07/2025 15:17,28/07/2025 16:23,DN01,DN01,, Xe đạp,12.5,Hài lòng
CD02032,28/07/2025 15:42,28/07/2025 16:00,HA01,HA01,KH0391,Xe đạp điện,4.0,
CD02033,28/07/2025 16:07,28/07/2025 16:26,DN01,DN03,KH0201,Xe đạp,2.6,Không hài lòng
CD02034,28/07/2025 16:25,28/07/2025 16:55,DN04,DN01,,Xe máy điện,9.8,Không hài lòng
CD02035,28/07/2025 17:03,28/07/2025 17:27,DN01,DN03,,Xe đạp điện,6.2,Bình thường
CD02036,28/07/2025 17:15,28/07/2025 17:30,DN02,DN03,KH0517,XE ĐẠP,3.1,Bình thường
CD02037,28/07/2025 17:20,28/07/2025 18:06,HA01,HA02,,xe đạp điện,10.0,Bình thường
CD02038,28/07/2025 18:09,28/07/2025 19:02,HA02,HA01,KH0245,XE MÁY ĐIỆN,,
CD02039,28/07/2025 18:09,28/07/2025 18:57,DN02,DN01,KH0456,Xe máy điện,16.2,Hài lòng
CD02040,28/07/2025 18:18,28/07/2025 19:04,HA02,HA02,,Xe máy điện,17.7,Rất hài lòng
CD02041,28/07/2025 18:20,28/07/2025 19:21,HA01,HA01,,Xe máy điện,19.9,Hài lòng
CD02042,28/07/2025 18:26,28/07/2025 19:22,DN07,HA01,KH0516,Xe máy điện,25.0,Hài lòng
CD02043,28/07/2025 18:34,28/07/2025 18:52,DN04,DN01,,Xe đạp,4.3,Hài lòng
CD02044,28/07/2025 18:58,28/07/2025 19:12,DN01,DN01,,Xe đạp điện,3.5,Rất hài lòng
CD02045,28/07/2025 19:18,28/07/2025 19:37,DN01,DN03,KH0052,Xe máy điện,7.8,Bình thường
CD02046,28/07/2025 19:28,28/07/2025 19:10,DN03,DN02,KH0439,Xe đạp điện,4.2,Bình thường
CD02047,28/07/2025 19:51,28/07/2025 20:24,DN04,DN03,,Xe đạp điện,10.9,Hài lòng
CD02048,28/07/2025 20:35,28/07/2025 21:03,HA01,HA02,KH0225,Xe đạp điện,9.7,Bình thường
CD02048,28/07/2025 20:35,28/07/2025 21:03,HA01,HA02,KH0225,Xe đạp điện,9.7,Bình thường
CD02049,28/07/2025 22:03,28/07/2025 22:37,DN04,DN03,KH0444,Xe đạp điện,7.3,
CD02050,29/07/2025 05:45,29/07/2025 06:06,HA01,HA02,KH0395,Xe đạp,3.1,
CD02051,29/07/2025 06:04,29/07/2025 06:12,DN03,DN03,KH0112,Xe đạp điện,2.8,Hài lòng
CD02052,29/07/2025 06:05,29/07/2025 06:26,DN03,DN01,,Xe máy điện,9.1,Rất hài lòng
CD02053,29/07/2025 06:11,29/07/2025 06:38,DN03,DN02,KH0473,Xe đạp điện,6.1,Hài lòng
CD02054,29/07/2025 07:10,29/07/2025 07:53,DN01,DN03,KH0035,Xe máy điện,15.7,Hài lòng
CD02055,29/07/2025 07:14,29/07/2025 07:51,DN04,DN01,,Xe đạp,5.4,Hài lòng
CD02056,29/07/2025 08:18,29/07/2025 08:27,DN04,DN03,,Xe đạp điện,2.7,Hài lòng
CD02057,29/07/2025 10:22,29/07/2025 10:47,HA01,HA02,,Xe đạp,4.8,Hài lòng
CD02058,29/07/2025 10:24,29/07/2025 11:03,DN03,DN02,,Xe máy điện,13.2,Hài lòng
CD02059,29/07/2025 12:00,29/07/2025 12:33,HA01,HA02,KH0331,Xe đạp điện,9.2,Rất hài lòng
CD02060,29/07/2025 16:31,29/07/2025 16:51,DN01,DN02,KH0509,Xe đạp điện,6.1,Hài lòng
CD02061,29/07/2025 16:37,29/07/2025 17:17,DN04,DN02,KH0185,Xe máy điện,21.2,Bình thường
CD02062,29/07/2025 16:37,29/07/2025 16:58,DN03,DN02,KH0112,Xe đạp điện,4.3,Hài lòng
CD02063,29/07/2025 17:45,29/07/2025 18:25,HA02,HA02,KH0115,xe đạp điện,8.2,
CD02064,29/07/2025 18:19,29/07/2025 18:29,DN02,DN03,,XE ĐẠP ĐIỆN,2.5,Hài lòng
CD02065,29/07/2025 19:28,29/07/2025 19:59,DN02,DN04,,Xe máy điện,15.8,Rất hài lòng
CD02066,29/07/2025 21:45,29/07/2025 22:09,DN04,DN01,KH0257,Xe đạp điện,5.7,Bình thường
CD02067,30/07/2025 06:36,30/07/2025 06:47,DN01,DN01,KH0040,Xe đạp điện,3.1,
CD02068,30/07/2025 07:47,30/07/2025 09:02,HA01,HA01,,Xe máy điện,28.1,Hài lòng
CD02069,30/07/2025 08:23,30/07/2025 08:50,HA01,HA02,,Xe đạp điện,6.9,Bình thường
CD02070,30/07/2025 08:59,30/07/2025 09:14,HA02,HA01,KH0331,Xe đạp,2.8,Rất hài lòng
CD02071,30/07/2025 09:14,30/07/2025 09:29,HA02,HA02,KH0376,Xe đạp điện,3.2,Rất hài lòng
CD02072,30/07/2025 11:53,30/07/2025 13:17,DN03,DN02,,Xe đạp điện,25.5,Hài lòng
CD02073,30/07/2025 13:59,30/07/2025 14:37,HA01,HA02,KH0190,Xe đạp điện,7.4,
CD02074,30/07/2025 14:13,30/07/2025 14:41,DN04,DN01,KH0378,Xe đạp điện  ,6.8,Bình thường
CD02075,30/07/2025 14:29,30/07/2025 14:45,DN01,DN04,,Xe máy điện,7.4,Rất hài lòng
CD02076,30/07/2025 15:16,30/07/2025 15:34,DN01,DN02,KH0137,xe đạp điện,3.9,Rất hài lòng
CD02077,30/07/2025 16:37,30/07/2025 16:54,DN01,DN04,KH0124,Xe máy điện,6.0,Hài lòng
CD02078,30/07/2025 17:20,30/07/2025 17:46,DN03,DN03,KH0008,Xe đạp điện,6.8,Bình thường
CD02079,30/07/2025 17:28,30/07/2025 18:13,HA02,HA01,,Xe đạp điện,11.6,Rất hài lòng
CD02080,30/07/2025 17:50,30/07/2025 18:07,DN03,DN03,KH0275,Xe máy điện,3.8,Bình thường
CD02081,30/07/2025 18:52,30/07/2025 19:19,DN02,DN03,KH0493,Xe máy điện,11.3,Bình thường
CD02082,30/07/2025 18:59,30/07/2025 19:34,DN03,DN02,KH0082,XE ĐẠP ĐIỆN,11.0,Hài lòng
CD02083,31/07/2025 07:45,31/07/2025 08:17,DN01,DN04,KH0291,Xe máy điện,14.4,Rất hài lòng
CD02084,31/07/2025 08:20,31/07/2025 09:34,HA01,HA01,KH0106,Xe đạp,14.1,Hài lòng
CD02085,31/07/2025 09:00,31/07/2025 09:31,DN01,DN04,KH0495,Xe máy điện,12.4,Rất hài lòng
CD02086,31/07/2025 14:21,31/07/2025 14:57,DN01,DN02,,Xe máy điện,13.3,Hài lòng
CD02087,31/07/2025 16:10,31/07/2025 16:32,DN01,DN02,KH0399,Xe máy điện,7.5,Rất hài lòng
CD02088,31/07/2025 16:15,31/07/2025 16:55,DN01,DN01,,Xe máy điện,11.9,Hài lòng
CD02089,31/07/2025 16:46,31/07/2025 16:47,HA02,HA02,,Xe máy điện,0.0,Rất hài lòng
CD02090,31/07/2025 17:03,31/07/2025 18:03,DN01,DN03,KH0145,Xe đạp điện,16.4,Rất hài lòng
CD02091,31/07/2025 17:37,31/07/2025 17:58,HA02,HA01,KH0260,Xe đạp,4.3,Bình thường
CD02092,31/07/2025 19:22,31/07/2025 19:39,HA01,HA01,KH0349,Xe đạp,3.3,Rất hài lòng
CD02093,31/07/2025 19:29,31/07/2025 19:35,DN03,DN03,KH0181,Xe đạp,1.1,Không hài lòng
CD02094,31/07/2025 19:36,31/07/2025 20:03,DN01,DN03,,XE ĐẠP ĐIỆN,7.7,Hài lòng
CD02095,31/07/2025 21:34,31/07/2025 22:09,DN02,DN04,KH0116, Xe đạp,6.1,
CD02096,01/08/2025 07:08,01/08/2025 07:36,DN03,DN03,,Xe máy điện,11.2,Rất hài lòng
CD02097,01/08/2025 07:19,01/08/2025 07:43,HA02,HA01,KH0459,Xe đạp,4.3,Hài lòng
CD02098,01/08/2025 07:59,01/08/2025 08:43,DN04,DN01,,Xe may dien,17.9,
CD02099,01/08/2025 07:59,01/08/2025 08:49,DN03,DN01,KH0081,Xe máy điện,15.8,Bình thường
CD02100,01/08/2025 08:16,01/08/2025 08:28,DN03,DN02,KH0095,Xe máy điện,6.4,Hài lòng
CD02101,01/08/2025 10:02,01/08/2025 11:01,HA01,HA01,,Xe đạp điện,16.9,Hài lòng
CD02102,01/08/2025 11:07,01/08/2025 11:39,HA02,HA01,,Xe đạp điện,9.7,Rất hài lòng
CD02103,01/08/2025 12:27,01/08/2025 13:01,DN04,DN02,,Xe máy điện,13.6,Rất hài lòng
CD02104,01/08/2025 12:51,01/08/2025 13:13,DN04,DN02,KH0111,Xe máy điện,8.1,Rất hài lòng
CD02105,01/08/2025 13:29,01/08/2025 13:51,HA01,HA01,KH0303,Xe đạp điện,5.2,
CD02106,01/08/2025 14:09,01/08/2025 14:33,DN02,DN03,KH0155,Xe may dien,6.7,Rất hài lòng
CD02107,01/08/2025 16:12,01/08/2025 16:33,HA01,HA02,,XE ĐẠP ĐIỆN,6.2,Bình thường
CD02108,01/08/2025 16:20,01/08/2025 17:01,HA01,HA01,,Xe máy điện,17.5,Rất hài lòng
CD02109,01/08/2025 17:19,01/08/2025 17:26,HA02,HA01,,Xe đạp,1.4,
CD02110,01/08/2025 18:25,01/08/2025 18:57,HA02,HA02,KH0287,Xe đạp điện  ,14.4,
CD02111,01/08/2025 20:27,01/08/2025 20:50,DN02,DN01,KH0009,Xe máy điện,8.6,Rất hài lòng
CD02112,02/08/2025 06:33,02/08/2025 06:47,DN02,DN03,KH0302,Xe đạp,2.0,Không hài lòng
CD02113,02/08/2025 07:20,02/08/2025 07:49,DN03,DN01,,Xe máy điện,7.8,Rất hài lòng
CD02114,02/08/2025 07:27,02/08/2025 08:05,HA02,HA02,KH0488,Xe máy điện,14.2,Hài lòng
CD02115,02/08/2025 07:30,02/08/2025 07:37,DN04,DN02,KH0175,Xe đạp điện,2.1,
CD02116,02/08/2025 07:34,02/08/2025 07:49,HA02,HA02,KH0371,Xe đạp,2.4,Rất hài lòng
CD02116,02/08/2025 07:34,02/08/2025 07:49,HA02,HA02,KH0371,Xe đạp,2.4,Rất hài lòng
CD02117,02/08/2025 08:49,02/08/2025 09:21,DN02,DN03,KH0314,xe đạp điện,8.3,Hài lòng
CD02118,02/08/2025 09:37,02/08/2025 10:36,HA01,HA01,,XE MÁY ĐIỆN,29.3,Rất hài lòng
CD02119,02/08/2025 10:08,02/08/2025 10:15,DN01,DN04,KH0287,Xe đạp,1.8,Rất hài lòng
CD02120,02/08/2025 10:49,,HA01,HA02,,Xe đạp điện,7.4,Rất hài lòng
CD02121,02/08/2025 13:38,02/08/2025 15:04,DN02,DN02,,XE MÁY ĐIỆN,35.4,Bình thường
CD02122,02/08/2025 14:27,02/08/2025 15:21,HA01,HA01,KH0026,Xe may dien,20.8,Hài lòng
CD02123,02/08/2025 14:50,02/08/2025 15:32,DN03,DN03,KH0026,Xe máy điện,15.7,
CD02124,02/08/2025 16:03,02/08/2025 16:21,DN02,DN01,KH0268,Xe dap,3.3,Không hài lòng
CD02125,02/08/2025 16:22,02/08/2025 16:32,DN01,DN04,KH0136,xe đạp điện,2.6,Bình thường
CD02125,02/08/2025 16:22,02/08/2025 16:32,DN01,DN04,KH0136,xe đạp điện,2.6,Bình thường
CD02126,02/08/2025 16:44,02/08/2025 17:00,HA01,HA01,KH0216,Xe đạp điện,4.1,Rất hài lòng
CD02127,02/08/2025 16:56,02/08/2025 17:22,DN02,DN02,KH0151,Xe đạp điện,6.3,Bình thường
CD02128,02/08/2025 16:57,02/08/2025 17:26,HA01,HA01,KH0032, Xe máy điện,10.9,Hài lòng
CD02129,02/08/2025 17:08,,DN04,DN03,,Xe đạp điện,7.0,Hài lòng
CD02130,02/08/2025 17:31,02/08/2025 17:44,DN02,DN02,KH0188,xe máy điện,5.5,Hài lòng
CD02131,02/08/2025 17:58,02/08/2025 18:08,DN03,DN03,KH0366,Xe đạp,2.2,Bình thường
CD02132,02/08/2025 18:30,02/08/2025 18:38,DN04,DN03,KH0123,Xe đạp,1.5,Không hài lòng
CD02133,02/08/2025 19:04,02/08/2025 20:00,DN03,DN01,KH0269,Xe đạp điện,17.0,
CD02134,02/08/2025 20:09,02/08/2025 20:34,HA01,HA01,KH0226,Xe máy điện,9.7,Rất hài lòng
CD02135,02/08/2025 21:18,02/08/2025 21:57,DN03,DN04,KH0457,XE ĐẠP,5.1,Bình thường
CD02136,02/08/2025 21:51,02/08/2025 22:15,DN01,DN01,KH0026,Xe máy điện,11.3,Rất hài lòng
CD02137,02/08/2025 22:23,02/08/2025 22:57,DN01,DN03,,Xe máy điện,13.5,Hài lòng
CD02138,03/08/2025 06:15,03/08/2025 08:06,HA02,HA02,KH0235,Xe máy điện,26.8,Hài lòng
CD02139,03/08/2025 07:13,03/08/2025 08:11,DN04,DN02,KH0115,Xe máy điện,22.0,
CD02140,03/08/2025 07:30,03/08/2025 08:07,HA01,HA01,KH0060,Xe đạp điện,9.9,Bình thường
CD02141,03/08/2025 07:38,03/08/2025 07:39,DN01,DN01,KH0028, Xe máy điện,0.0,
CD02142,03/08/2025 07:52,03/08/2025 08:15,DN01,DN03,KH0069,Xe đạp,4.2,Bình thường
CD02143,03/08/2025 07:53,03/08/2025 08:19,HA01,HA01,KH0163,Xe máy điện,11.7,
CD02144,03/08/2025 08:39,03/08/2025 09:41,HA01,HA01,KH0408,Xe máy điện,25.5,Rất hài lòng
CD02145,03/08/2025 09:10,03/08/2025 09:37,DN04,DN01,,xe máy điện,10.2,Rất hài lòng
CD02146,03/08/2025 10:17,03/08/2025 11:15,DN02,DN02,KH0020,Xe máy điện,17.9,Hài lòng
CD02147,03/08/2025 10:35,03/08/2025 11:00,HA01,HA02,KH0036,Xe đạp điện,9.1,Hài lòng
CD02148,03/08/2025 12:33,03/08/2025 12:53,DN02,DN03,,Xe đạp điện,5.4,Hài lòng
CD02149,03/08/2025 14:43,,DN01,DN02,,Xe may dien,8.7,Rất hài lòng
CD02150,03/08/2025 15:38,03/08/2025 16:22,DN04,DN03,KH0235,Xe máy điện,16.0,Rất hài lòng
CD02151,03/08/2025 16:10,03/08/2025 16:25,DN01,DN02,,Xe đạp điện,4.0,Rất hài lòng
CD02152,03/08/2025 16:10,03/08/2025 16:34,DN01,DN02,,Xe đạp điện,5.9,Không hài lòng
CD02153,03/08/2025 16:58,03/08/2025 17:25,HA02,HA01,,Xe đạp điện,7.5,Hài lòng
CD02154,03/08/2025 17:00,03/08/2025 17:08,HA01,HA01,KH0035,Xe đạp,1.1,Hài lòng
CD02155,03/08/2025 17:08,03/08/2025 18:16,DN04,DN03,KH0475,Xe máy điện,22.6,
CD02156,03/08/2025 18:38,03/08/2025 19:24,DN02,DN03,,Xe máy điện,11.4,Hài lòng
CD02157,03/08/2025 18:55,03/08/2025 19:18,HA01,HA02,KH0436,Xe đạp điện,4.7,Rất hài lòng
CD02158,03/08/2025 18:59,03/08/2025 19:21,HA02,HA02,,Xe đạp,3.6,Hài lòng
CD02159,03/08/2025 21:08,03/08/2025 21:16,DN02,DN01,KH0246,XE ĐẠP,1.4,Hài lòng
CD02160,03/08/2025 22:54,03/08/2025 23:27,HA01,HA01,,XE ĐẠP,5.1,Hài lòng
CD02161,04/08/2025 05:05,04/08/2025 05:19,DN03,DN01,,Xe dap,3.6,Hài lòng
CD02162,04/08/2025 06:28,04/08/2025 07:21,DN01,DN01,KH0303,Xe máy điện,18.7,Hài lòng
CD02163,04/08/2025 06:42,04/08/2025 07:08,HA01,HA01,,Xe đạp điện,6.0,
CD02164,04/08/2025 07:29,04/08/2025 07:47,HA01,HA01,,Xe đạp,4.7,Hài lòng
CD02165,04/08/2025 07:45,04/08/2025 08:12,HA02,HA01,,Xe máy điện,9.8,Hài lòng
CD02166,04/08/2025 08:24,04/08/2025 08:35,HA01,HA01,,Xe đạp,1.8,Rất hài lòng
CD02167,04/08/2025 12:14,04/08/2025 12:41,DN03,DN03,KH0483,Xe đạp,4.8,Hài lòng
CD02168,04/08/2025 14:08,04/08/2025 13:43,HA02,HA02,KH0067,xe máy điện,7.9,
CD02169,04/08/2025 14:25,,HA02,HA01,,Xe đạp,6.7,
CD02170,04/08/2025 15:10,04/08/2025 15:55,HA01,HA01,KH0216,Xe máy điện,23.9,Hài lòng
CD02171,04/08/2025 15:57,04/08/2025 16:36,HA02,HA01,,Xe máy điện,13.1,Rất hài lòng
CD02172,04/08/2025 17:37,04/08/2025 18:37,DN03,DN01,KH0014,Xe máy điện,30.0,Bình thường
CD02173,04/08/2025 19:31,04/08/2025 20:12,DN03,DN01,,Xe máy điện,-3.1,
CD02174,05/08/2025 05:11,05/08/2025 05:39,DN02,DN04,KH0088,Xe đạp điện,9.4,
CD02175,05/08/2025 07:56,05/08/2025 08:26,HA01,HA01,,Xe đạp điện,7.1,Bình thường
CD02176,05/08/2025 08:05,05/08/2025 08:42,HA01,HA01,KH0027,Xe đạp,6.9,Rất hài lòng
CD02177,05/08/2025 08:05,05/08/2025 08:22,HA02,HA01,,Xe đạp điện,3.8,Rất hài lòng
CD02178,05/08/2025 08:39,05/08/2025 09:12,DN01,DN03,KH0143,Xe đạp điện,9.6,Rất hài lòng
CD02179,05/08/2025 11:27,05/08/2025 11:40,DN02,DN03,,Xe đạp,2.3,Hài lòng
CD02180,05/08/2025 12:03,05/08/2025 13:27,DN03,DN02,,Xe máy điện,34.4,
CD02181,05/08/2025 14:52,05/08/2025 15:31,HA01,HA01,,Xe đạp điện,12.3,Hài lòng
CD02182,05/08/2025 16:37,05/08/2025 16:55,DN03,DN01,KH0356,Xe đạp điện,,
CD02183,05/08/2025 17:29,05/08/2025 17:51,DN02,DN01,,Xe đạp điện,4.7,Không hài lòng
CD02184,05/08/2025 18:13,05/08/2025 18:39,DN03,DN01,KH0215,Xe đạp điện  ,8.7,Bình thường
CD02185,05/08/2025 18:55,05/08/2025 19:13,DN02,DN01,,Xe đạp,3.3,Không hài lòng
CD02186,05/08/2025 19:20,05/08/2025 19:34,DN07,DN02,,Xe đạp điện,3.2,Không hài lòng
CD02187,05/08/2025 19:54,05/08/2025 20:06,DN01,DN02,KH0117,Xe đạp,1.7,Bình thường
CD02188,05/08/2025 21:03,05/08/2025 22:12,DN04,DN02,KH0226,Xe máy điện,21.8,Rất hài lòng
CD02189,06/08/2025 05:10,06/08/2025 05:41,HA01,HA02,KH0040,Xe đạp điện,6.2,
CD02190,06/08/2025 08:17,06/08/2025 08:33,HA02,HA01,KH0041,Xe đạp,2.9,Bình thường
CD02191,06/08/2025 08:46,06/08/2025 09:39,DN02,DN01,KH0028,XE MÁY ĐIỆN,21.5,Hài lòng
CD02192,06/08/2025 09:46,06/08/2025 09:59,HA01,HA01,KH0471,Xe đạp,2.5,Bình thường
CD02193,06/08/2025 10:59,06/08/2025 11:11,DN02,DN02,KH0449,Xe đạp,2.7,Bình thường
CD02194,06/08/2025 12:50,06/08/2025 13:08,DN02,DN03,KH0044,Xe đạp,3.7,Bình thường
CD02195,06/08/2025 14:29,06/08/2025 15:07,DN04,DN02,KH0104,Xe đạp,5.4,Hài lòng
CD02196,06/08/2025 14:57,06/08/2025 15:12,HA01,HA02,,Xe đạp,1.5,Không hài lòng
CD02197,06/08/2025 20:21,06/08/2025 20:59,HA01,HA02,KH0026,Xe máy điện,10.9,
CD02198,06/08/2025 20:48,06/08/2025 21:11,HA01,HA02,KH0315,Xe máy điện,7.9,Hài lòng
CD02199,06/08/2025 20:52,06/08/2025 21:12,DN02,DN02,KH0336,Xe máy điện,6.9,Rất hài lòng
CD02200,07/08/2025 07:46,07/08/2025 08:27,HA02,HA02,,Xe đạp điện,9.2,Hài lòng
CD02201,07/08/2025 08:06,07/08/2025 08:20,DN04,DN02,KH0324,Xe máy điện,6.3,
CD02202,07/08/2025 09:08,07/08/2025 10:19,DN04,DN01,,Xe máy điện,23.9,Hài lòng
CD02203,07/08/2025 11:33,07/08/2025 12:10,HA02,HA01,,Xe đạp điện,12.1,Rất hài lòng
CD02204,07/08/2025 14:04,07/08/2025 14:11,DN03,DN01,KH0218,Xe đạp,0.7,Rất hài lòng
CD02205,07/08/2025 14:14,07/08/2025 14:51,DN02,DN02,,Xe máy điện,12.4,
CD02206,07/08/2025 14:34,07/08/2025 15:11,HA01,HA01,,Xe đạp điện,10.8,Rất hài lòng
CD02207,07/08/2025 17:04,07/08/2025 17:58,DN04,DN03,KH0213,Xe máy điện,26.1,Bình thường
CD02208,07/08/2025 17:10,07/08/2025 17:31,DN03,DN01,, Xe máy điện,7.2,Không hài lòng
CD02209,07/08/2025 18:18,07/08/2025 18:45,DN01,DN02,,Xe đạp,4.6,
CD02210,07/08/2025 21:06,07/08/2025 21:15,DN03,DN01,,Xe đạp điện,2.1,Hài lòng
CD02211,07/08/2025 22:00,07/08/2025 22:22,DN01,DN03,KH0549,Xe máy điện,9.4,Rất hài lòng
CD02212,08/08/2025 06:09,08/08/2025 06:24,DN02,DN02,KH0362,Xe đạp điện,4.9,Hài lòng
CD02213,08/08/2025 06:20,08/08/2025 06:39,DN01,DN02,KH0376,xe đạp điện,3.6,Hài lòng
CD02214,08/08/2025 07:22,08/08/2025 07:42,DN03,DN03,,Xe đạp,3.0,
CD02215,08/08/2025 07:53,08/08/2025 08:29,HA01,HA02,KH0481,Xe đạp điện,10.1,Hài lòng
CD02216,08/08/2025 14:19,08/08/2025 16:00,HA02,HA01,,Xe máy điện,41.9,
CD02217,08/08/2025 14:53,08/08/2025 15:21,DN01,DN01,,xe máy điện,12.9,Rất hài lòng
CD02218,08/08/2025 18:27,08/08/2025 18:59,DN03,DN02,KH0289,Xe đạp điện,7.9,Bình thường
CD02219,08/08/2025 18:36,08/08/2025 18:55,DN02,DN02,KH0261,Xe đạp điện,5.6,
CD02220,08/08/2025 19:00,08/08/2025 19:25,DN04,DN01,KH0433,Xe đạp điện,7.9,Bình thường
CD02221,08/08/2025 19:05,08/08/2025 19:37,DN04,DN04,KH0410,Xe đạp điện,8.4,Không hài lòng
CD02222,08/08/2025 19:54,08/08/2025 20:39,DN03,DN03,KH0190,Xe máy điện,16.5,
CD02223,08/08/2025 21:17,08/08/2025 21:41,DN04,DN02,KH0090,Xe máy điện,10.0,
CD02224,09/08/2025 05:25,,DN02,DN02,KH0438,Xe đạp điện,10.7,Bình thường
CD02225,09/08/2025 07:37,09/08/2025 09:28,DN01,DN04,KH0214,Xe đạp điện,35.5,Hài lòng
CD02226,09/08/2025 07:48,09/08/2025 08:02,DN02,DN01,KH0394,Xe đạp,3.3,Hài lòng
CD02227,09/08/2025 07:54,09/08/2025 08:40,HA01,HA01,KH0232,XE ĐẠP ĐIỆN,9.6,Bình thường
CD02228,09/08/2025 08:15,09/08/2025 08:42,DN01,DN03,,Xe đạp điện  ,8.6,
CD02229,09/08/2025 09:19,09/08/2025 10:05,DN02,DN03,KH0317,xe đạp điện,8.7,
CD02229,09/08/2025 09:19,09/08/2025 10:05,DN02,DN03,KH0317,xe đạp điện,8.7,
CD02230,09/08/2025 09:21,09/08/2025 08:32,HA02,HA01,KH0240,Xe đạp,11.1,Bình thường
CD02231,09/08/2025 14:18,09/08/2025 15:22,HA02,HA01,KH0148,Xe đạp điện,18.3,Bình thường
CD02232,09/08/2025 14:18,09/08/2025 14:37,DN01,DN02,,Xe đạp điện,5.5,
CD02233,09/08/2025 15:22,09/08/2025 15:56,HA01,HA01,KH0007,Xe đạp điện,7.1,Hài lòng
CD02234,09/08/2025 15:34,09/08/2025 16:37,DN03,DN01,KH0162, Xe máy điện,25.0,
CD02235,09/08/2025 16:29,09/08/2025 16:50,DN02,DN04,KH0125,Xe đạp điện,5.9,Hài lòng
CD02236,09/08/2025 17:39,09/08/2025 17:58,DN03,DN02,,Xe máy điện,7.7,Bình thường
CD02237,09/08/2025 17:44,09/08/2025 17:56,DN02,DN01,KH0498,xe đạp,2.4,Hài lòng
CD02238,09/08/2025 18:02,09/08/2025 19:04,DN04,DN03,,Xe may dien,26.9,Bình thường
CD02239,09/08/2025 18:50,09/08/2025 19:37,HA01,HA01,KH0053,Xe máy điện,14.8,
CD02240,10/08/2025 06:24,10/08/2025 06:50,DN02,DN03,,Xe máy điện,11.2,Hài lòng
CD02241,10/08/2025 06:24,10/08/2025 07:00,HA01,HA01,,Xe đạp,6.8,
CD02242,10/08/2025 06:25,10/08/2025 07:08,HA02,HA01,,xe máy điện,15.2,Bình thường
CD02243,10/08/2025 07:29,10/08/2025 07:57,DN01,DN02,,Xe máy điện,11.2,Hài lòng
CD02244,10/08/2025 12:48,10/08/2025 13:29,DN01,DN03,KH0403,Xe may dien,17.0,Rất hài lòng
CD02245,10/08/2025 17:02,10/08/2025 17:20,DN01,DN02,KH0044,Xe đạp điện,5.1,Rất hài lòng
CD02246,10/08/2025 17:32,10/08/2025 17:51,DN02,DN02,KH0308,Xe dap,2.8,Bình thường
CD02247,10/08/2025 18:02,10/08/2025 18:24,DN01,DN01,KH0444,Xe máy điện,4.6,Bình thường
CD02248,10/08/2025 18:50,10/08/2025 20:19,DN03,DN01,,Xe máy điện,39.7,Hài lòng
CD02249,10/08/2025 19:29,10/08/2025 20:05,DN01,DN01,KH0479,XE ĐẠP,7.2,Bình thường
CD02250,10/08/2025 20:38,10/08/2025 21:13,HA02,HA01,KH0329,Xe đạp điện,10.5,
CD02251,11/08/2025 06:46,11/08/2025 07:01,DN02,DN02,,Xe dap,2.1,
CD02252,11/08/2025 08:46,11/08/2025 08:54,HA02,HA02,KH0353,Xe đạp điện,2.4,Hài lòng
CD02253,11/08/2025 09:36,11/08/2025 11:12,HA01,HA02,KH0226,Xe máy điện,34.3,Hài lòng
CD02254,11/08/2025 09:49,11/08/2025 10:08,DN03,DN01,KH0397,XE ĐẠP ĐIỆN,4.6,Hài lòng
CD02255,11/08/2025 12:34,11/08/2025 12:51,DN03,DN02,KH0391,Xe đạp điện,6.5,Hài lòng
CD02256,11/08/2025 12:53,11/08/2025 13:18,DN03,DN04,KH0155,Xe máy điện,,Rất hài lòng
CD02257,11/08/2025 13:33,11/08/2025 13:47,DN03,DN03,KH0285,Xe đạp,3.0,Rất hài lòng
CD02258,11/08/2025 14:09,11/08/2025 14:27,HA01,HA02,KH0347,Xe đạp,3.6,Hài lòng
CD02259,11/08/2025 14:23,11/08/2025 14:42,HA02,HA01,KH0340,Xe máy điện,6.7,Rất hài lòng
CD02260,11/08/2025 14:54,11/08/2025 15:08,DN02,DN01,KH0014,Xe máy điện,6.5,Rất hài lòng
CD02261,11/08/2025 15:21,11/08/2025 16:08,DN03,DN03,KH0185,Xe đạp điện,16.8,Hài lòng
CD02262,11/08/2025 15:41,11/08/2025 16:18,DN02,DN02,KH0035,Xe máy điện,16.2,Hài lòng
CD02263,11/08/2025 16:23,11/08/2025 16:40,DN03,DN02,,Xe đạp,2.5,Bình thường
CD02264,11/08/2025 17:15,11/08/2025 17:36,HA02,HA01,KH0283,Xe đạp,2.1,
CD02265,11/08/2025 17:49,11/08/2025 18:23,DN02,DN02,KH0051,Xe máy điện,13.7,
CD02266,11/08/2025 18:12,11/08/2025 18:39,DN02,DN03,,Xe đạp điện,7.4,Bình thường
CD02267,11/08/2025 19:36,11/08/2025 20:06,HA02,HA02,KH0473,Xe đạp,3.8,
CD02268,11/08/2025 21:21,11/08/2025 21:45,HA02,HA02,KH0398,Xe đạp điện,,
CD02269,12/08/2025 05:36,12/08/2025 05:50,DN03,DN03,KH0290,XE ĐẠP ĐIỆN,4.6,Rất hài lòng
CD02270,12/08/2025 06:01,12/08/2025 06:46,DN01,DN04,,xe đạp,11.5,Hài lòng
CD02271,12/08/2025 06:13,12/08/2025 06:39,DN02,DN04,,Xe đạp,6.0,Hài lòng
CD02272,12/08/2025 06:48,12/08/2025 07:39,HA02,HA01,KH0160,Xe máy điện,16.2,Rất hài lòng
CD02273,12/08/2025 07:02,12/08/2025 07:31,DN03,DN01,KH0092,Xe đạp,4.8,Bình thường
CD02274,12/08/2025 07:02,12/08/2025 07:43,HA01,HA01,,Xe dap dien,10.9,Hài lòng
CD02275,12/08/2025 07:15,12/08/2025 07:39,DN04,DN02,KH0209,Xe đạp điện,7.4,Hài lòng
CD02276,12/08/2025 07:39,12/08/2025 07:58,DN03,DN03,,Xe đạp,3.6,Hài lòng
CD02277,12/08/2025 09:19,12/08/2025 09:39,DN01,DN04,,Xe đạp,3.3,Hài lòng
CD02278,12/08/2025 12:20,12/08/2025 12:51,DN03,DN01,KH0138,Xe đạp điện,8.8,
CD02279,12/08/2025 14:04,12/08/2025 14:28,HA01,HA02,,Xe đạp điện,6.6,Hài lòng
CD02280,12/08/2025 14:15,12/08/2025 14:45,HA01,HA02,KH0120,Xe đạp điện,9.5,Hài lòng
CD02281,12/08/2025 17:23,12/08/2025 17:55,HA01,HA02,,Xe máy điện,14.5,Hài lòng
CD02281,12/08/2025 17:23,12/08/2025 17:55,HA01,HA02,,Xe máy điện,14.5,Hài lòng
CD02282,12/08/2025 17:41,12/08/2025 18:01,HA01,HA01,,XE MÁY ĐIỆN,7.0,Rất hài lòng
CD02283,12/08/2025 18:25,12/08/2025 18:30,DN01,DN01,,Xe đạp,1.3,Bình thường
CD02284,12/08/2025 19:00,12/08/2025 19:35,DN01,DN03,KH0286,Xe máy điện,16.6,Hài lòng
CD02285,13/08/2025 05:33,13/08/2025 06:14,HA01,HA01,,Xe đạp,4.4,Hài lòng
CD02285,13/08/2025 05:33,13/08/2025 06:14,HA01,HA01,,Xe đạp,4.4,Hài lòng
CD02286,13/08/2025 07:01,13/08/2025 07:47,DN01,DN01,KH0299,Xe máy điện,17.1,Hài lòng
CD02287,13/08/2025 07:52,13/08/2025 08:14,DN03,DN02,KH0118, Xe máy điện,7.9,Bình thường
CD02288,13/08/2025 08:11,13/08/2025 08:39,HA01,HA01,KH0235,Xe máy điện,12.5,Hài lòng
CD02289,13/08/2025 11:02,13/08/2025 11:26,DN04,DN01,KH0248,Xe đạp điện,6.2,Bình thường
CD02290,13/08/2025 17:24,13/08/2025 17:37,DN03,DN01,KH0199,Xe máy điện,6.1,Hài lòng
CD02291,13/08/2025 18:01,13/08/2025 18:22,DN02,DN02,,Xe máy điện,6.6,Hài lòng
CD02292,13/08/2025 19:22,13/08/2025 19:38,DN03,DN02,,Xe đạp điện,4.6,
CD02293,13/08/2025 19:34,13/08/2025 19:48,DN04,DN02,KH0407,Xe đạp,2.3,Không hài lòng
CD02294,14/08/2025 05:40,14/08/2025 06:28,DN02,DN01,KH0146,Xe may dien,22.8,Rất hài lòng
CD02295,14/08/2025 06:37,14/08/2025 06:56,DN04,DN04,KH0066,Xe đạp điện,,Hài lòng
CD02296,14/08/2025 07:43,14/08/2025 08:51,HA01,HA01,KH0303,Xe máy điện,23.8,Hài lòng
CD02297,14/08/2025 09:14,14/08/2025 09:27,DN03,DN01,KH0362,Xe đạp điện  ,4.3,
CD02298,14/08/2025 09:45,14/08/2025 10:16,HA01,HA01,KH0373,Xe đạp,6.3,Hài lòng
CD02299,14/08/2025 14:56,14/08/2025 15:13,HA01,HA02,KH0263,Xe đạp điện,4.1,Bình thường
CD02300,14/08/2025 16:50,14/08/2025 17:15,DN03,DN01,KH0437,Xe máy điện,8.1,
CD02301,14/08/2025 18:06,14/08/2025 18:16,DN02,DN02,KH0457,Xe đạp,2.5,Rất hài lòng
CD02302,14/08/2025 18:10,14/08/2025 18:28,HA01,HA01,,Xe đạp điện,4.1,Hài lòng
CD02303,14/08/2025 18:15,14/08/2025 18:52,DN01,DN02,KH0223,Xe máy điện,20.8,Hài lòng
CD02304,14/08/2025 19:56,14/08/2025 20:11,DN03,DN01,,XE MÁY ĐIỆN,6.1,
CD02305,15/08/2025 06:16,15/08/2025 06:43,DN02,DN02,KH0126,Xe máy điện,6.9,Rất hài lòng
CD02306,15/08/2025 06:20,15/08/2025 06:59,DN01,DN04,KH0011,Xe máy điện,15.7,Không hài lòng
CD02307,15/08/2025 06:39,15/08/2025 07:16,HA01,HA01,KH0080, Xe máy điện,18.0,
CD02308,15/08/2025 07:55,15/08/2025 09:16,DN01,DN01,KH0128,Xe máy điện,33.6,Hài lòng
CD02309,15/08/2025 08:12,15/08/2025 08:21,DN02,DN04,,XE ĐẠP,1.9,Hài lòng
CD02310,15/08/2025 08:45,15/08/2025 08:46,DN03,DN03,,Xe đạp điện,0.0,
CD02311,15/08/2025 10:10,15/08/2025 10:37,HA02,HA01,KH0457,Xe đạp,4.7,Hài lòng
CD02312,15/08/2025 12:42,15/08/2025 14:06,HA01,HA01,,Xe máy điện,42.5,
CD02313,15/08/2025 15:18,15/08/2025 15:29,HA02,HA02,,Xe dap,2.1,Rất hài lòng
CD02314,15/08/2025 16:46,15/08/2025 17:00,DN01,DN04,,Xe đạp điện,3.3,Hài lòng
CD02315,15/08/2025 17:15,15/08/2025 17:28,HA01,HA01,KH0340,Xe đạp điện,4.5,Hài lòng
CD02316,15/08/2025 17:37,15/08/2025 18:12,DN01,DN02,,Xe đạp điện,10.8,Hài lòng
CD02317,15/08/2025 18:01,15/08/2025 18:54,DN02,DN01,KH0105,Xe máy điện,22.0,Hài lòng
CD02318,15/08/2025 18:03,15/08/2025 18:15,DN02,DN03,,Xe đạp,2.0,Bình thường
CD02318,15/08/2025 18:03,15/08/2025 18:15,DN02,DN03,,Xe đạp,2.0,Bình thường
CD02319,15/08/2025 18:11,15/08/2025 18:37,DN02,DN01,,Xe máy điện,13.7,Hài lòng
CD02320,15/08/2025 18:42,15/08/2025 19:02,HA01,HA01,,Xe đạp điện,7.0,Hài lòng
CD02321,15/08/2025 18:52,15/08/2025 19:17,DN04,DN02,KH0274,Xe đạp điện,6.1,Không hài lòng
CD02322,15/08/2025 21:24,15/08/2025 21:47,DN03,DN03,KH0209,Xe đạp điện,5.2,Hài lòng
CD02323,16/08/2025 07:09,16/08/2025 07:44,HA01,HA01,KH0056,Xe máy điện,13.3,Rất hài lòng
CD02324,16/08/2025 10:06,16/08/2025 10:28,DN02,DN04,KH0496,Xe đạp,2.8,Bình thường
CD02325,16/08/2025 11:17,16/08/2025 11:33,HA02,HA02,,Xe đạp điện,4.2,
CD02326,16/08/2025 14:40,16/08/2025 14:53,DN03,DN02,,Xe máy điện,3.8,Rất hài lòng
CD02327,16/08/2025 16:19,16/08/2025 17:18,DN04,DN01,KH0433,Xe máy điện,28.4,Bình thường
CD02328,16/08/2025 16:45,16/08/2025 17:02,HA01,HA02,,Xe đạp điện,3.6,Bình thường
CD02329,16/08/2025 18:07,16/08/2025 19:07,HA01,HA02,,Xe máy điện,20.3,Hài lòng
CD02330,16/08/2025 19:08,16/08/2025 19:56,HA02,HA01,,Xe may dien,13.5,Hài lòng
CD02331,16/08/2025 19:18,16/08/2025 19:32,DN01,DN02,KH0002,Xe máy điện,6.2,
CD02332,16/08/2025 19:30,16/08/2025 19:44,DN01,DN03,KH0138,Xe máy điện,4.4,Hài lòng
CD02333,16/08/2025 20:13,16/08/2025 20:53,HA01,HA01,KH0043,Xe máy điện,20.6,Bình thường
CD02334,16/08/2025 20:26,16/08/2025 21:22,DN04,DN04,,Xe máy điện,19.2,Rất hài lòng
CD02335,16/08/2025 20:31,16/08/2025 21:04,HA01,HA02,KH0386,Xe đạp điện,9.1,Rất hài lòng
CD02336,16/08/2025 21:07,16/08/2025 21:42,DN03,DN04,KH0166,Xe đạp điện,6.7,Không hài lòng
CD02337,16/08/2025 22:09,16/08/2025 22:44,HA02,HA01,KH0258,Xe đạp điện,4.7,Rất hài lòng
CD02338,17/08/2025 06:19,17/08/2025 06:36,HA02,HA01,,Xe đạp điện,3.8,
CD02339,17/08/2025 06:55,17/08/2025 07:23,DN03,DN03,KH0362,Xe máy điện,7.8,Rất hài lòng
CD02340,17/08/2025 08:11,17/08/2025 08:59,DN04,DN03,KH0104,Xe đạp,10.4,
CD02341,17/08/2025 10:07,17/08/2025 10:29,HA01,HA01,,Xe đạp điện,6.2,Hài lòng
CD02342,17/08/2025 10:18,17/08/2025 11:47,HA02,HA01,KH0428, Xe máy điện,36.2,Bình thường
CD02343,17/08/2025 10:21,17/08/2025 11:05,DN02,DN03,KH0177,Xe máy điện,13.9,Hài lòng
CD02344,17/08/2025 11:39,17/08/2025 12:09,DN03,DN03,KH0122,XE MÁY ĐIỆN,16.8,Rất hài lòng
CD02345,17/08/2025 13:01,17/08/2025 13:24,DN02,DN03,KH0152,Xe máy điện,6.5,Hài lòng
CD02346,17/08/2025 13:47,17/08/2025 13:53,HA01,HA01,,Xe dap,1.5,Bình thường
CD02347,17/08/2025 14:31,17/08/2025 14:52,DN02,DN03,KH0437,xe máy điện,7.4,
CD02348,17/08/2025 17:48,17/08/2025 18:23,HA01,HA02,KH0106,Xe máy điện,11.8,Rất hài lòng
CD02349,17/08/2025 18:22,17/08/2025 18:51,DN03,DN01,KH0430,Xe máy điện,10.7,Bình thường
CD02350,17/08/2025 18:48,17/08/2025 19:19,HA02,HA01,KH0307,Xe đạp điện,8.5,Hài lòng
CD02351,17/08/2025 19:40,17/08/2025 19:57,DN03,DN02,KH0253,Xe đạp điện,4.4,Bình thường
CD02352,17/08/2025 19:56,17/08/2025 20:18,DN04,DN01,KH0495,Xe đạp điện,5.9,Hài lòng
CD02353,17/08/2025 19:57,17/08/2025 20:10,DN01,DN03,KH0443,Xe đạp,2.9,Không hài lòng
CD02354,17/08/2025 20:06,17/08/2025 20:27,HA02,HA02,KH0197,Xe máy điện,9.5,
CD02355,18/08/2025 05:33,18/08/2025 05:58,DN03,DN03,KH0331,XE ĐẠP ĐIỆN,7.4,Bình thường
CD02356,18/08/2025 06:56,18/08/2025 07:21,DN02,DN03,KH0355,Xe máy điện,12.3,Rất hài lòng
CD02357,18/08/2025 07:02,18/08/2025 07:31,DN04,DN01,KH0170,Xe máy điện,9.8,
CD02358,18/08/2025 07:07,18/08/2025 08:29,HA01,HA01,,Xe máy điện,33.4,Hài lòng
CD02359,18/08/2025 07:09,18/08/2025 07:49,HA01,HA02,KH0128,Xe máy điện,15.3,
CD02360,18/08/2025 07:26,18/08/2025 07:42,HA02,HA02,KH0366,Xe đạp,1.9,Hài lòng
CD02361,18/08/2025 07:42,18/08/2025 08:22,HA01,HA01,,Xe máy điện,13.0,Hài lòng
CD02362,18/08/2025 07:59,18/08/2025 08:11,DN02,DN03,KH0115,Xe đạp,1.9,Bình thường
CD02363,18/08/2025 08:49,18/08/2025 09:23,DN02,DN02,KH0303,Xe máy điện,12.3,Hài lòng
CD02364,18/08/2025 09:02,18/08/2025 09:03,DN03,DN03,KH0302,Xe đạp,0.0,
CD02365,18/08/2025 09:27,18/08/2025 09:45,DN01,DN01,KH0372,Xe đạp điện,4.5,
CD02366,18/08/2025 10:45,18/08/2025 11:13,DN02,DN02,,Xe đạp điện,7.8,Rất hài lòng
CD02367,18/08/2025 12:46,18/08/2025 13:09,HA02,HA01,KH0260,Xe đạp điện,7.5,Hài lòng
CD02368,18/08/2025 12:49,18/08/2025 13:12,HA02,HA02,KH0044,Xe đạp,5.7,Bình thường
CD02368,18/08/2025 12:49,18/08/2025 13:12,HA02,HA02,KH0044,Xe đạp,5.7,Bình thường
CD02369,18/08/2025 14:16,18/08/2025 14:24,DN02,DN04,KH0116,Xe đạp,1.7,
CD02370,18/08/2025 15:21,18/08/2025 15:34,HA01,HA01,KH0117,Xe đạp,2.4,Không hài lòng
CD02371,18/08/2025 15:23,18/08/2025 15:39,DN02,DN03,KH0109, Xe đạp,2.1,
CD02372,18/08/2025 15:24,18/08/2025 15:30,DN04,DN03,KH0440,Xe đạp,1.5,Hài lòng
CD02373,18/08/2025 15:29,18/08/2025 15:45,DN03,DN02,,Xe đạp điện,4.3,
CD02374,18/08/2025 16:07,18/08/2025 16:26,DN02,DN03,,Xe đạp điện,5.3,Hài lòng
CD02375,18/08/2025 16:51,18/08/2025 17:09,DN03,DN01,,Xe máy điện,7.8,Hài lòng
CD02376,18/08/2025 16:56,18/08/2025 17:56,DN02,DN03,,Xe máy điện,21.1,Hài lòng
CD02377,18/08/2025 17:02,18/08/2025 18:30,HA01,HA01,,Xe máy điện,33.5,Hài lòng
CD02378,18/08/2025 17:28,,DN02,DN04,KH0081,Xe máy điện,6.5,Hài lòng
CD02379,18/08/2025 17:46,18/08/2025 18:02,DN02,DN02,,Xe đạp điện,4.1,Bình thường
CD02380,18/08/2025 18:25,18/08/2025 18:59,DN01,DN04,KH0003,XE ĐẠP ĐIỆN,7.7,Bình thường
CD02381,18/08/2025 18:39,18/08/2025 18:45,DN02,DN01,,Xe đạp,1.3,Không hài lòng
CD02382,18/08/2025 18:54,18/08/2025 19:45,DN04,DN02,,XE MÁY ĐIỆN,19.5,Bình thường
CD02383,19/08/2025 05:30,,DN03,DN02,KH0432,Xe đạp điện,10.1,Bình thường
CD02384,19/08/2025 06:05,19/08/2025 06:59,HA01,HA02,KH0067,xe đạp điện,15.7,
CD02385,19/08/2025 06:49,19/08/2025 07:17,HA01,HA01,KH0073,Xe máy điện,8.7,
CD02386,19/08/2025 07:56,19/08/2025 08:37,DN01,DN04,KH0461,Xe máy điện,18.2,
CD02387,19/08/2025 09:17,19/08/2025 10:40,HA02,HA01,,Xe máy điện,31.0,
CD02388,19/08/2025 09:32,19/08/2025 10:22,DN03,DN02,,Xe đạp,10.9,Bình thường
CD02389,19/08/2025 11:03,19/08/2025 11:32,DN02,DN03,KH0067,Xe đạp điện,7.4,
CD02390,19/08/2025 13:28,19/08/2025 13:49,DN01,DN01,KH0090,Xe đạp,3.2,Bình thường
CD02391,19/08/2025 15:26,19/08/2025 16:07,HA01,HA02,,Xe máy điện,15.6,Hài lòng
CD02392,19/08/2025 15:48,19/08/2025 16:05,HA01,HA01,,Xe đạp điện,4.0,Hài lòng
CD02393,19/08/2025 16:04,19/08/2025 16:26,DN01,DN01,KH0463,Xe đạp điện,6.3,Rất hài lòng
CD02394,19/08/2025 16:55,19/08/2025 17:13,DN02,DN01,KH0424,Xe máy điện,6.2,Hài lòng
CD02395,19/08/2025 17:17,19/08/2025 17:26,DN01,DN02,KH0113,Xe đạp,1.8,Bình thường
CD02396,19/08/2025 17:26,19/08/2025 17:41,DN01,DN03,KH0389,Xe đạp,2.7,
CD02397,19/08/2025 18:53,19/08/2025 19:15,DN04,DN03,,Xe đạp điện,6.4,
CD02398,19/08/2025 19:30,19/08/2025 20:00,DN02,DN01,,xe máy điện,12.4,
CD02399,19/08/2025 20:44,19/08/2025 21:06,DN02,DN01,KH0067,Xe máy điện,8.5,
CD02400,19/08/2025 22:54,19/08/2025 23:24,HA01,HA01,KH0196,Xe máy điện,12.6,Hài lòng
CD02400,19/08/2025 22:54,19/08/2025 23:24,HA01,HA01,KH0196,Xe máy điện,12.6,Hài lòng
CD02401,20/08/2025 06:01,20/08/2025 06:13,HA01,HA01,,Xe đạp,2.7,Hài lòng
CD02402,20/08/2025 06:27,20/08/2025 06:54,DN02,DN02,KH0378,Xe dap dien,,Hài lòng
CD02403,20/08/2025 06:41,20/08/2025 07:19,HA02,HA01,,Xe đạp điện,10.5,Hài lòng
CD02404,20/08/2025 06:51,20/08/2025 07:11,DN01,DN02,KH0311,Xe đạp,3.6,
CD02405,20/08/2025 06:58,20/08/2025 07:17,DN04,DN01,KH0099,Xe đạp,3.4,
CD02406,20/08/2025 08:18,20/08/2025 08:51,DN04,DN02,,Xe máy điện,11.4,
CD02407,20/08/2025 08:18,20/08/2025 08:54,DN03,DN03,KH0453,Xe đạp,8.0,
CD02408,20/08/2025 08:48,20/08/2025 09:19,DN03,DN02,,Xe máy điện,11.0,Hài lòng
CD02409,20/08/2025 09:31,20/08/2025 09:54,DN01,DN03,,Xe đạp,4.8,Hài lòng
CD02410,20/08/2025 11:19,20/08/2025 11:45,DN01,DN01,,XE MÁY ĐIỆN,10.7,Rất hài lòng
CD02411,20/08/2025 11:52,20/08/2025 12:18,DN02,DN02,KH0016,Xe đạp,4.3,Không hài lòng
CD02412,20/08/2025 13:03,20/08/2025 13:15,DN02,DN03,KH0304,Xe đạp,1.7,Hài lòng
CD02413,20/08/2025 13:17,20/08/2025 13:41,DN02,DN02,KH0115,Xe máy điện,9.8,
CD02414,20/08/2025 16:49,20/08/2025 17:00,DN03,DN01,KH0071,Xe đạp,2.0,Bình thường
CD02415,20/08/2025 18:35,20/08/2025 19:03,DN03,DN03,KH0131,Xe đạp điện,8.3,
CD02416,20/08/2025 19:25,20/08/2025 19:58,HA01,HA01,KH0103,Xe máy điện,12.8,Rất hài lòng
CD02417,20/08/2025 20:09,20/08/2025 20:40,DN01,DN01,KH0278, Xe đạp,6.3,
CD02418,21/08/2025 06:47,21/08/2025 07:08,HA01,HA02,KH0157,Xe đạp,4.7,Rất hài lòng
CD02419,21/08/2025 06:59,21/08/2025 07:23,DN01,DN02,KH0495,Xe máy điện,9.5,Hài lòng
CD02420,21/08/2025 07:38,21/08/2025 08:00,DN01,DN03,,Xe đạp điện,6.0,Bình thường
CD02421,21/08/2025 07:47,21/08/2025 08:20,DN01,DN02,KH0217,Xe đạp,6.4,Rất hài lòng
CD02422,21/08/2025 09:57,21/08/2025 10:11,DN01,DN02,,XE ĐẠP ĐIỆN,3.5,
CD02423,21/08/2025 10:51,21/08/2025 11:26,DN02,DN02,KH0088,Xe đạp điện,8.2,Hài lòng
CD02424,21/08/2025 10:55,21/08/2025 11:06,DN02,DN01,KH0150,Xe đạp,1.6,
CD02425,21/08/2025 12:13,21/08/2025 12:38,HA02,HA01,KH0235,Xe đạp điện,6.4,Hài lòng
CD02426,21/08/2025 12:27,21/08/2025 12:56,HA01,HA02,,Xe đạp,4.1,Không hài lòng
CD02427,21/08/2025 12:41,21/08/2025 13:04,DN03,DN01,,Xe máy điện,9.7,
CD02428,21/08/2025 13:20,21/08/2025 13:39,HA01,HA01,KH0143,Xe đạp điện,4.4,Hài lòng
CD02429,21/08/2025 13:30,21/08/2025 14:28,HA02,HA02,KH0406,Xe đạp,12.9,Hài lòng
CD02430,21/08/2025 16:53,21/08/2025 17:06,DN01,DN01,,Xe máy điện,6.0,Không hài lòng
CD02431,21/08/2025 16:54,21/08/2025 17:28,HA01,HA02,KH0454,Xe đạp điện,11.1,Không hài lòng
CD02432,21/08/2025 17:42,21/08/2025 17:57,DN01,DN02,KH0459,Xe đạp,3.0,Không hài lòng
CD02433,21/08/2025 17:57,21/08/2025 18:07,DN01,DN04,KH0433,Xe đạp điện,-2.3,Hài lòng
CD02434,21/08/2025 20:00,21/08/2025 20:24,DN02,DN03,KH0309,Xe máy điện,6.8,
CD02435,22/08/2025 06:26,22/08/2025 06:36,DN02,DN04,KH0345,Xe đạp điện,2.6,Không hài lòng
CD02436,22/08/2025 06:32,22/08/2025 06:48,HA02,HA01,KH0457,XE ĐẠP,2.7,Bình thường
CD02437,22/08/2025 07:12,22/08/2025 07:27,HA01,HA01,,Xe đạp điện,4.5,Rất hài lòng
CD02438,22/08/2025 07:36,22/08/2025 08:11,DN02,DN01,KH0097,Xe đạp,6.8,Bình thường
CD02439,22/08/2025 07:58,22/08/2025 08:15,HA01,HA01,KH0165,Xe dap,3.2,Hài lòng
CD02440,22/08/2025 09:18,22/08/2025 09:42,DN01,DN01,,Xe may dien,9.6,Rất hài lòng
CD02441,22/08/2025 10:13,22/08/2025 10:24,HA02,HA02,KH0257,Xe đạp điện,4.0,
CD02442,22/08/2025 11:32,22/08/2025 11:56,HA01,HA02,KH0163,Xe đạp,4.8,Hài lòng
CD02443,22/08/2025 17:39,22/08/2025 18:26,DN03,DN01,KH0387,Xe đạp điện,11.1,Bình thường
CD02444,22/08/2025 17:51,22/08/2025 18:14,DN02,DN01,KH0041,Xe đạp điện,7.7,Bình thường
CD02445,22/08/2025 18:06,22/08/2025 18:29,HA01,HA01,,Xe đạp,5.6,Hài lòng
CD02446,22/08/2025 18:54,22/08/2025 19:28,DN02,DN03,KH0064,Xe máy điện,11.9,Hài lòng
CD02447,22/08/2025 19:28,22/08/2025 19:41,DN02,DN04,KH0473,Xe đạp,2.1,Bình thường
CD02448,22/08/2025 19:41,22/08/2025 20:53,HA02,HA02,,Xe đạp,11.6,Hài lòng
CD02449,23/08/2025 06:08,23/08/2025 06:41,DN02,DN03,KH0171,Xe máy điện,9.5,Rất hài lòng
CD02450,23/08/2025 06:43,23/08/2025 08:04,HA02,HA01,KH0443,Xe đạp điện,23.8,
CD02451,23/08/2025 06:56,23/08/2025 08:08,HA01,HA01,KH0106,XE MÁY ĐIỆN,23.3,Hài lòng
CD02452,23/08/2025 06:57,23/08/2025 07:17,HA02,HA02,KH0487,Xe đạp điện  ,5.4,Hài lòng
CD02453,23/08/2025 07:15,23/08/2025 07:51,HA01,HA01,KH0488,Xe máy điện,15.4,Hài lòng
CD02454,23/08/2025 08:11,23/08/2025 08:37,HA01,HA01,,Xe đạp điện,7.1,Hài lòng
CD02455,23/08/2025 08:15,23/08/2025 09:26,HA02,HA01,,Xe máy điện,24.0,Rất hài lòng
CD02456,23/08/2025 08:57,23/08/2025 09:30,DN03,DN02,KH0321,XE ĐẠP ĐIỆN,13.5,Rất hài lòng
CD02457,23/08/2025 08:58,23/08/2025 09:50,DN02,DN02,KH0216,Xe máy điện,20.1,
CD02458,23/08/2025 09:02,23/08/2025 10:21,HA01,HA01,KH0196,Xe đạp,12.6,Không hài lòng
CD02459,23/08/2025 10:26,23/08/2025 10:52,DN03,DN01,KH0506,Xe đạp điện,7.6,Hài lòng
CD02460,23/08/2025 10:52,23/08/2025 11:17,DN02,DN02,KH0235,Xe máy điện,9.2,
CD02461,23/08/2025 11:31,23/08/2025 12:54,DN03,DN04,KH0287,Xe máy điện,30.0,Bình thường
CD02462,23/08/2025 13:28,23/08/2025 13:54,DN01,DN02,,Xe máy điện,9.2,
CD02463,23/08/2025 14:51,23/08/2025 15:24,HA02,HA01,KH0200,Xe máy điện,11.7,Hài lòng
CD02464,23/08/2025 15:08,23/08/2025 15:23,DN02,DN03,KH0543,Xe đạp,3.9,
CD02465,23/08/2025 15:18,23/08/2025 15:49,DN03,DN04,KH0145,XE ĐẠP ĐIỆN,8.3,
CD02466,23/08/2025 15:54,23/08/2025 17:13,HA01,HA02,KH0223,Xe máy điện,,Hài lòng
CD02467,23/08/2025 16:24,23/08/2025 17:06,HA01,HA01,,Xe đạp điện,9.7,
CD02468,23/08/2025 16:58,23/08/2025 17:30,HA01,HA01,KH0362,Xe đạp,4.4,Rất hài lòng
CD02469,23/08/2025 17:09,23/08/2025 17:39,DN07,HA01,KH0217,XE ĐẠP ĐIỆN,6.1,Rất hài lòng
CD02470,23/08/2025 17:12,23/08/2025 17:29,DN03,DN01,KH0465,XE ĐẠP,2.4,Hài lòng
CD02471,23/08/2025 17:30,23/08/2025 17:55,DN04,DN04,,Xe đạp điện,8.6,Hài lòng
CD02472,23/08/2025 17:45,23/08/2025 18:08,DN03,DN03,,Xe đạp điện,5.5,Hài lòng
CD02473,23/08/2025 18:02,23/08/2025 18:03,DN04,DN04,KH0222,Xe đạp,0.0,Hài lòng
CD02474,23/08/2025 19:19,23/08/2025 19:40,HA01,HA02,,Xe đạp điện,4.3,Hài lòng
CD02475,23/08/2025 19:35,23/08/2025 20:04,DN02,DN01,KH0046,Xe đạp điện,8.0,Bình thường
CD02476,23/08/2025 20:27,23/08/2025 21:20,HA02,HA02,KH0259,xe máy điện,16.2,Rất hài lòng
CD02477,23/08/2025 21:55,23/08/2025 21:56,DN01,DN01,KH0348,Xe máy điện,0.1,Hài lòng
CD02478,24/08/2025 06:44,24/08/2025 07:17,DN01,DN02,,XE ĐẠP,5.2,Bình thường
CD02479,24/08/2025 06:45,24/08/2025 07:22,DN03,DN01,KH0165,Xe máy điện,10.6,Bình thường
CD02480,24/08/2025 07:17,24/08/2025 07:32,DN03,DN01,,Xe đạp,2.5,Hài lòng
CD02481,24/08/2025 07:25,24/08/2025 08:14,DN01,DN02,,Xe dap dien,12.9,Rất hài lòng
CD02482,24/08/2025 07:43,24/08/2025 08:14,DN07,DN02,KH0385,Xe đạp điện,10.3,Hài lòng
CD02483,24/08/2025 07:53,24/08/2025 09:06,HA01,HA02,KH0227,Xe máy điện,21.5,Bình thường
CD02484,24/08/2025 08:04,24/08/2025 08:56,HA02,HA02,KH0143,Xe máy điện,19.6,
CD02485,24/08/2025 08:51,24/08/2025 09:15,HA01,HA01,,Xe đạp điện  ,7.0,
CD02486,24/08/2025 09:27,24/08/2025 09:45,DN01,DN03,,Xe máy điện,5.7,Hài lòng
CD02487,24/08/2025 10:09,24/08/2025 10:18,HA01,HA01,,Xe đạp,1.7,Bình thường
CD02488,24/08/2025 10:19,24/08/2025 10:36,DN01,DN02,KH0062,Xe đạp điện,4.1,Rất hài lòng
CD02489,24/08/2025 11:29,24/08/2025 11:30,DN03,DN03,KH0131,Xe đạp,0.0,Hài lòng
CD02490,24/08/2025 12:16,24/08/2025 12:46,DN03,DN01,KH0466,Xe máy điện,10.4,Rất hài lòng
CD02491,24/08/2025 13:12,24/08/2025 13:49,HA01,HA01,KH0472,Xe máy điện,16.4,Hài lòng
CD02492,24/08/2025 13:39,24/08/2025 13:57,DN04,DN04,KH0119,Xe đạp điện,3.1,Rất hài lòng
CD02493,24/08/2025 17:01,24/08/2025 17:22,HA01,HA01,,Xe đạp điện,,Rất hài lòng
CD02494,24/08/2025 18:38,24/08/2025 19:02,HA01,HA01,KH0246,Xe đạp,2.7,
CD02495,24/08/2025 18:42,24/08/2025 19:09,HA01,HA01,KH0234,Xe đạp điện,6.9,Bình thường
CD02496,24/08/2025 19:02,24/08/2025 19:06,DN02,DN01,KH0260,Xe đạp,0.8,Không hài lòng
CD02497,24/08/2025 19:38,24/08/2025 19:53,DN02,DN03,KH0409,Xe đạp điện,3.3,Bình thường
CD02498,24/08/2025 19:54,24/08/2025 20:59,HA01,HA01,KH0193,Xe máy điện,21.9,Bình thường
CD02499,24/08/2025 21:44,24/08/2025 22:14,DN01,DN02,KH0441,Xe máy điện,15.6,Rất hài lòng
CD02500,25/08/2025 05:10,25/08/2025 05:30,HA01,HA01,KH0286,Xe đạp,3.4,Hài lòng
CD02501,25/08/2025 07:14,25/08/2025 07:24,DN01,DN04,,Xe đạp điện,2.3,Rất hài lòng
CD02502,25/08/2025 07:20,25/08/2025 07:51,HA01,HA02,,Xe máy điện,13.8,Rất hài lòng
CD02503,25/08/2025 07:55,25/08/2025 08:04,HA02,HA02,KH0244,Xe đạp,1.2,Hài lòng
CD02504,25/08/2025 09:42,25/08/2025 10:40,DN03,DN03,KH0094,Xe máy điện,18.5,Rất hài lòng
CD02505,25/08/2025 10:06,25/08/2025 10:32,DN01,DN02,KH0207,Xe máy điện,9.3,Rất hài lòng
CD02506,25/08/2025 13:35,25/08/2025 13:50,DN03,DN02,,Xe đạp,3.1,Bình thường
CD02507,25/08/2025 14:09,25/08/2025 15:17,DN01,DN02,,Xe máy điện,23.0,Rất hài lòng
CD02508,25/08/2025 15:38,25/08/2025 16:31,HA01,HA01,,Xe đạp,10.3,Bình thường
CD02509,25/08/2025 16:18,25/08/2025 16:59,HA01,HA01,KH0494,Xe đạp điện,12.9,Hài lòng
CD02510,25/08/2025 16:19,25/08/2025 16:35,DN02,DN03,,Xe máy điện,5.3,Hài lòng
CD02511,25/08/2025 16:24,25/08/2025 16:45,DN01,DN04,KH0308,Xe đạp điện,5.4,Rất hài lòng
CD02512,25/08/2025 16:46,25/08/2025 17:11,HA01,HA01,KH0223,Xe đạp điện,6.0,Hài lòng
CD02513,25/08/2025 17:29,25/08/2025 18:02,DN02,DN03,KH0248,Xe máy điện,12.4,Hài lòng
CD02514,25/08/2025 17:51,25/08/2025 18:06,HA01,HA02,KH0077,xe đạp,2.7,Hài lòng
CD02515,25/08/2025 18:29,25/08/2025 19:03,DN01,DN03,KH0134,Xe máy điện,10.1,Bình thường
CD02516,25/08/2025 18:47,25/08/2025 19:16,HA02,HA01,KH0333,Xe đạp điện,8.2,Rất hài lòng
CD02517,25/08/2025 19:20,25/08/2025 20:28,HA02,HA02,,Xe máy điện,21.8,Rất hài lòng
CD02518,25/08/2025 20:27,25/08/2025 20:49,DN02,DN02,KH0368,XE ĐẠP ĐIỆN,4.9,Hài lòng
CD02519,25/08/2025 21:56,25/08/2025 22:42,HA02,HA01,KH0348,Xe máy điện,16.2,Rất hài lòng
CD02520,26/08/2025 07:54,26/08/2025 08:02,DN02,DN01,KH0421,Xe đạp điện,2.6,Bình thường
CD02521,26/08/2025 07:58,26/08/2025 08:14,DN02,DN03,,Xe dap dien,4.5,Bình thường
CD02522,26/08/2025 12:09,26/08/2025 12:23,HA01,HA01,,Xe đạp điện,3.6,Bình thường
CD02523,26/08/2025 15:13,26/08/2025 15:54,HA02,HA01,,Xe đạp điện,10.7,Rất hài lòng
CD02524,26/08/2025 16:44,26/08/2025 17:04,DN04,DN02,KH0496,Xe đạp điện,6.4,Hài lòng
CD02525,26/08/2025 16:48,26/08/2025 17:13,HA02,HA02,,Xe đạp điện,7.7,Rất hài lòng
CD02526,26/08/2025 18:47,26/08/2025 19:07,HA02,HA02,KH0368,Xe máy điện,7.9,Hài lòng
CD02527,26/08/2025 19:30,26/08/2025 20:00,DN03,DN01,, Xe máy điện,12.3,
CD02528,27/08/2025 06:29,27/08/2025 06:36,DN02,DN02,,Xe đạp điện,1.7,Bình thường
CD02529,27/08/2025 06:41,27/08/2025 07:00,DN04,DN02,,XE ĐẠP ĐIỆN,,
CD02530,27/08/2025 07:02,27/08/2025 07:21,DN01,DN03,KH0387,Xe đạp,3.1,Rất hài lòng
CD02531,27/08/2025 08:45,27/08/2025 09:34,DN04,DN03,KH0500,Xe đạp điện,10.0,Hài lòng
CD02532,27/08/2025 09:52,27/08/2025 10:28,DN01,DN02,KH0077,Xe đạp,7.8,Hài lòng
CD02533,27/08/2025 11:54,27/08/2025 12:28,DN07,HA01,KH0453,Xe máy điện,13.1,Hài lòng
CD02534,27/08/2025 12:37,27/08/2025 12:51,DN04,DN01,KH0151,Xe máy điện,6.5,Bình thường
CD02535,27/08/2025 14:11,,DN01,DN04,,Xe đạp điện,3.5,
CD02536,27/08/2025 14:27,27/08/2025 14:50,DN03,DN02,KH0195,xe đạp,4.2,Rất hài lòng
CD02537,27/08/2025 15:24,27/08/2025 16:27,HA01,HA02,,Xe máy điện,21.7,Bình thường
CD02538,27/08/2025 16:03,27/08/2025 16:28,DN04,DN03,KH0257,XE MÁY ĐIỆN,10.9,Hài lòng
CD02539,27/08/2025 16:04,27/08/2025 16:40,HA02,HA02,KH0218,Xe đạp,5.9,Rất hài lòng
CD02540,27/08/2025 18:37,27/08/2025 18:53,DN03,DN02,KH0163,Xe đạp,2.9,Bình thường
CD02541,27/08/2025 18:44,27/08/2025 18:54,DN01,DN01,,Xe dap,2.0,Hài lòng
CD02542,27/08/2025 19:18,27/08/2025 19:38,DN01,DN03,KH0468,Xe dap dien,5.8,Bình thường
CD02543,28/08/2025 06:09,28/08/2025 06:24,HA01,HA01,KH0213,Xe đạp điện,4.7,Hài lòng
CD02544,28/08/2025 07:11,28/08/2025 07:38,DN07,DN04,,Xe đạp điện,6.1,
CD02545,28/08/2025 07:41,28/08/2025 08:33,HA01,HA02,,Xe máy điện,18.5,Hài lòng
CD02546,28/08/2025 07:42,28/08/2025 08:12,DN02,DN02,KH0387,Xe đạp điện,6.5,Hài lòng
CD02547,28/08/2025 07:49,28/08/2025 08:30,DN01,DN03,KH0165,Xe đạp điện,11.2,Hài lòng
CD02548,28/08/2025 07:59,28/08/2025 08:26,HA01,HA01,,Xe đạp điện,5.7,Hài lòng
CD02549,28/08/2025 09:51,28/08/2025 10:26,DN04,DN02,KH0273,Xe đạp điện,9.4,Bình thường
CD02550,28/08/2025 10:30,28/08/2025 11:11,HA01,HA02,KH0226,Xe may dien,14.5,Rất hài lòng
CD02551,28/08/2025 15:41,28/08/2025 16:09,HA01,HA01,KH0293,Xe đạp điện  ,8.2,Bình thường
CD02552,28/08/2025 17:03,28/08/2025 17:26,DN01,DN01,KH0026,Xe máy điện,6.0,Rất hài lòng
CD02553,28/08/2025 18:53,28/08/2025 19:16,DN02,DN03,KH0337,Xe dap,3.9,
CD02554,28/08/2025 19:15,28/08/2025 19:48,DN02,DN03,KH0223,Xe đạp điện,5.9,Hài lòng
CD02555,28/08/2025 19:32,28/08/2025 19:55,DN02,DN04,KH0294, Xe đạp,3.2,Bình thường
CD02556,29/08/2025 06:32,29/08/2025 06:50,DN01,DN01,,xe đạp điện,4.9,Rất hài lòng
CD02557,29/08/2025 06:50,29/08/2025 07:05,DN03,DN02,,Xe đạp,3.3,
CD02558,29/08/2025 07:38,29/08/2025 08:01,DN02,DN04,,Xe máy điện,8.4,Hài lòng
CD02559,29/08/2025 07:40,29/08/2025 08:11,HA01,HA01,KH0349,XE MÁY ĐIỆN,,Hài lòng
CD02560,29/08/2025 11:09,29/08/2025 11:27,DN03,DN04,KH0153,Xe đạp điện,3.7,Hài lòng
CD02561,29/08/2025 14:53,29/08/2025 15:07,DN02,DN03,,Xe máy điện,6.0,Hài lòng
CD02562,29/08/2025 15:56,,DN01,DN03,KH0185,Xe đạp điện,9.5,Hài lòng
CD02563,29/08/2025 16:33,29/08/2025 17:23,HA01,HA01,KH0464,Xe máy điện,20.8,Rất hài lòng
CD02564,29/08/2025 16:48,29/08/2025 17:09,HA02,HA01,,Xe đạp,4.6,Hài lòng
CD02565,29/08/2025 16:52,29/08/2025 16:59,DN02,DN02,KH0546,Xe đạp điện,1.5,Rất hài lòng
CD02566,29/08/2025 17:24,29/08/2025 18:48,DN04,DN02,KH0459,Xe máy điện,30.8,
CD02567,29/08/2025 17:27,29/08/2025 18:24,HA02,HA01,,Xe máy điện,17.6,Hài lòng
CD02568,29/08/2025 18:21,,DN01,DN02,KH0246,Xe máy điện,8.0,
CD02569,29/08/2025 19:05,29/08/2025 20:19,HA01,HA01,,Xe máy điện,24.6,Hài lòng
CD02570,29/08/2025 20:58,29/08/2025 21:19,HA02,HA02,KH0140,Xe đạp,2.6,
CD02571,30/08/2025 07:36,30/08/2025 08:03,DN03,DN04,KH0223,Xe đạp điện,6.3,Hài lòng
CD02572,30/08/2025 07:40,30/08/2025 08:07,DN02,DN03,KH0086,Xe máy điện,13.9,
CD02573,30/08/2025 08:31,30/08/2025 09:12,DN02,DN02,KH0207, Xe máy điện,16.3,Bình thường
CD02574,30/08/2025 08:43,30/08/2025 09:08,DN01,DN02,,Xe đạp điện,6.0,
CD02575,30/08/2025 09:49,30/08/2025 10:24,HA02,HA01,,Xe đạp điện,11.8,Hài lòng
CD02576,30/08/2025 09:54,30/08/2025 10:22,DN01,DN01,KH0496,Xe đạp điện,7.0,Rất hài lòng
CD02577,30/08/2025 11:34,30/08/2025 11:51,HA01,HA02,,Xe đạp điện,3.7,Rất hài lòng
CD02578,30/08/2025 11:55,30/08/2025 11:56,HA01,HA01,,XE ĐẠP,0.0,Hài lòng
CD02579,30/08/2025 12:44,30/08/2025 13:15,DN01,DN01,KH0125,Xe đạp điện,6.0,Rất hài lòng
CD02580,30/08/2025 12:53,30/08/2025 13:20,DN03,DN01,KH0128,Xe đạp,4.9,Bình thường
CD02581,30/08/2025 13:48,30/08/2025 14:12,DN04,DN03,KH0441,Xe đạp điện,7.4,
CD02582,30/08/2025 15:58,30/08/2025 16:06,DN01,DN02,KH0199,XE ĐẠP,1.2,
CD02583,30/08/2025 18:55,30/08/2025 19:38,DN01,DN04,KH0349,xe máy điện,14.8,Không hài lòng
CD02584,30/08/2025 19:21,30/08/2025 20:19,DN01,DN03,, Xe đạp,14.7,Không hài lòng
CD02585,31/08/2025 05:25,31/08/2025 05:57,HA02,HA01,,XE ĐẠP,5.4,Hài lòng
CD02586,31/08/2025 06:21,31/08/2025 06:50,DN01,DN01,,Xe máy điện,13.4,Hài lòng
CD02587,31/08/2025 06:22,31/08/2025 06:44,DN02,DN03,KH0449,Xe máy điện,7.8,
CD02588,31/08/2025 07:00,31/08/2025 07:23,DN03,DN03,KH0366,Xe đạp,6.1,Hài lòng
CD02589,31/08/2025 07:46,31/08/2025 07:53,DN01,DN03,,xe đạp,1.1,
CD02590,31/08/2025 08:05,31/08/2025 08:35,DN01,DN02,KH0005,Xe đạp điện,-12.0,Rất hài lòng
CD02591,31/08/2025 09:57,31/08/2025 10:18,DN01,DN01,KH0473,Xe máy điện,8.2,Hài lòng
CD02592,31/08/2025 10:35,31/08/2025 12:22,HA01,HA01,KH0076,Xe đạp điện,24.5,Rất hài lòng
CD02593,31/08/2025 12:51,31/08/2025 13:47,DN04,DN01,KH0067,Xe máy điện,26.3,
CD02594,31/08/2025 13:41,31/08/2025 14:12,DN01,DN04,KH0058,Xe đạp,5.1,Rất hài lòng
CD02595,31/08/2025 13:44,31/08/2025 14:52,HA01,HA01,KH0461,Xe máy điện,24.2,Hài lòng
CD02596,31/08/2025 15:59,31/08/2025 16:17,HA01,HA02,,Xe đạp điện,4.2,Hài lòng
CD02597,31/08/2025 16:20,31/08/2025 16:55,DN01,DN04,,Xe máy điện,10.2,Hài lòng
CD02598,31/08/2025 17:13,31/08/2025 17:26,DN03,DN01,KH0079,Xe máy điện,4.8,Rất hài lòng
CD02599,31/08/2025 18:12,31/08/2025 18:33,DN04,DN02,KH0093,xe đạp điện,5.5,Bình thường
CD02600,31/08/2025 21:23,31/08/2025 22:15,HA02,HA01,KH0327,Xe máy điện,25.4,Bình thường
