ma_gd,thoi_gian,ma_cn,ma_kh,ma_sp,so_luong,kenh,thoi_gian_cho,danh_gia
GD00001,01/01/2025 07:46,CN02,KH0201,SP03,1,TẠI QUÁN,3.5,Rất tốt
GD00002,01/01/2025 08:00,CN04,,SP01,1,Tại quán,2.8,Tốt
GD00003,01/01/2025 08:28,CN03,KH0171,SP08,3,Mang đi,4.2,Rất tốt
GD00004,01/01/2025 10:47,CN04,KH0162,SP01,3,Tại quán,4.1,Tốt
GD00004,01/01/2025 10:47,CN04,KH0162,SP01,3,Tại quán,4.1,Tốt
GD00005,01/01/2025 11:40,CN01,KH0163,SP03,1,Tại quán,5.9,Tốt
GD00006,01/01/2025 13:57,CN01,KH0394,SP03,2,Tại quán,5.0,Tốt
GD00007,01/01/2025 16:33,CN03,KH0202,SP04,1,Tại quán,2.4,
GD00008,01/01/2025 18:07,CN01,KH0212,SP04,,TẠI QUÁN,4.3,
GD00009,01/01/2025 18:57,CN01,KH0011,SP03,1,Mang đi,2.9,
GD00010,01/01/2025 20:45,CN04,KH0273,SP04,2,Mang đi,4.7,Rất tốt
GD00011,02/01/2025 07:54,CN01,KH0229,SP09,1,Mang đi,2.4,Rất tốt
GD00012,02/01/2025 08:14,CN03,,SP08,2,Tại quán,3.8,Tốt
GD00013,02/01/2025 08:54,CN01,KH0355,SP05,1,Mang đi,3.8,Rất tốt
GD00013,02/01/2025 08:54,CN01,KH0355,SP05,1,Mang đi,3.8,Rất tốt
GD00014,02/01/2025 11:16,CN03,KH0111,SP11,2,Tại quán,12.9,
GD00015,02/01/2025 12:19,CN01,KH0279,SP03,1,Mang đi,8.1,Rất tốt
GD00016,02/01/2025 13:26,CN04,,SP09,1,Tại quán,5.3,Tốt
GD00017,02/01/2025 13:26,CN03,KH0394,SP10,3,Mang đi,5.1,
GD00018,02/01/2025 15:35,CN03,KH0335,SP05,1,Mang đi,1.8,
GD00019,02/01/2025 16:25,CN03,,SP07,3,Giao hàng,32.5,Bình thường
GD00020,02/01/2025 17:17,CN04,,SP07,3,Mang đi,4.2,Tốt
GD00021,02/01/2025 17:35,CN01,KH0295,SP14,2,Tại quán,7.0,Rất tốt
GD00022,02/01/2025 17:38,CN03,KH0363,SP03,1,Tai quan,7.6,Tốt
GD00023,02/01/2025 19:36,CN01,KH0394,SP06,2,Tai quan,4.7,Tốt
GD00024,03/01/2025 10:29,CN01,KH0307,SP06,2,Mang đi,5.6,Tốt
GD00025,03/01/2025 10:47,CN03,,SP02,1,Giao hàng,22.2,
GD00026,03/01/2025 12:09,CN01,KH0203,SP03,1,Mang đi,5.9,Tốt
GD00027,03/01/2025 12:26,CN01,KH0024,SP08,1,Tại quán,4.5,
GD00028,03/01/2025 12:28,CN04,KH0235,SP02,2,Mang đi,3.0,Tốt
GD00029,03/01/2025 14:05,CN01,KH0026,SP18,2,Mang đi,5.0,Tốt
GD00030,03/01/2025 15:12,CN02,KH0160,SP12,1,Mang đi,2.2,Bình thường
GD00031,03/01/2025 15:35,CN04,KH0239,SP10,3,Tại quán,5.4,
GD00032,03/01/2025 19:13,CN04,KH0306,SP01,5,Tại quán,10.3,Tốt
GD00033,03/01/2025 20:14,CN01,KH0016,SP09,2,Mang đi,1.8,
GD00034,03/01/2025 20:26,CN03,,SP03,1,Mang đi,5.2,Rất tốt
GD00035,03/01/2025 21:46,CN03,KH0408,SP03,1,Mang đi,3.3,Rất tốt
GD00036,04/01/2025 08:41,CN04,,SP06,1, Tại quán,2.7,Tốt
GD00037,04/01/2025 08:53,CN03,KH0004,SP06,2,Mang đi,3.3,Tốt
GD00038,04/01/2025 11:11,CN02,KH0162,SP16,1,Tại quán,11.6,Tốt
GD00039,04/01/2025 12:08,CN04,,SP03,2,Mang đi,5.1,Tốt
GD00040,04/01/2025 13:22,CN02,KH0024,SP09,2,Mang đi,7.6,Rất tốt
GD00041,04/01/2025 13:31,CN02,KH0318,SP11,2,Tai quan,4.2,Tốt
GD00042,04/01/2025 13:37,CN02,KH0298,SP01,2,Mang đi,3.5,Tốt
GD00043,04/01/2025 13:53,CN01,,SP07,2,Tại quán,5.4,Tốt
GD00044,04/01/2025 14:41,CN02,KH0035,SP04,6,Giao hàng,27.7,Tốt
GD00045,04/01/2025 14:54,CN03,KH0446,SP04,3,Giao hàng,25.1,Bình thường
GD00046,04/01/2025 15:42,CN01,,SP02,3,Tại quán,4.1,Rất tốt
GD00047,04/01/2025 15:44,CN04,KH0188,SP06,1,Mang đi,4.5,
GD00048,04/01/2025 16:05,CN01,KH0255,SP15,2,Mang đi,4.4,Rất tốt
GD00049,04/01/2025 16:40,CN01,KH0155,SP09,1,Mang đi,6.7,Bình thường
GD00050,04/01/2025 17:31,CN01,KH0161,SP01,1,Giao hang,23.9,Bình thường
GD00051,04/01/2025 17:44,CN04,KH0235,SP02,2,mang đi,2.0,Bình thường
GD00052,04/01/2025 18:26,CN03,KH0056,SP09,2,Mang đi,8.9,
GD00053,04/01/2025 19:59,CN01,KH0195,SP01,4,Tại quán,3.1,
GD00054,04/01/2025 21:08,CN02,KH0157,SP05,3,Tại quán,13.8,Rất tốt
GD00055,04/01/2025 21:50,CN03,KH0125,SP06,1,Giao hàng,37.6,
GD00056,05/01/2025 09:24,CN04,,SP13,1,Mang đi,5.6,Rất tốt
GD00057,05/01/2025 09:38,CN01,KH0143,SP08,2, Giao hàng,39.3,Tệ
GD00058,05/01/2025 10:35,CN03,KH0204,SP04,1,Mang đi,2.7,
GD00059,05/01/2025 10:36,CN02,KH0203,SP01,3,Tại quán,6.2,Tốt
GD00060,05/01/2025 11:14,CN02,KH0147,SP15,1,Mang đi,2.6,Bình thường
GD00061,05/01/2025 11:14,CN03,KH0057,SP08,3,Tai quan,4.5,Tốt
GD00062,05/01/2025 11:29,CN04,KH0313,SP11,2,Tại quán,4.4,Tốt
GD00063,05/01/2025 12:24,CN03,,SP04,1,Mang đi,1.9,Rất tốt
GD00064,05/01/2025 12:26,CN02,KH0313,SP02,3,mang đi,4.8,Rất tốt
GD00065,05/01/2025 12:34,CN01,KH0174,SP04,1,MANG ĐI,1.5,
GD00066,05/01/2025 14:25,CN01,,SP03,1,Tại quán,4.8,Rất tốt
GD00067,05/01/2025 14:36,CN03,,SP03,1,Mang đi,6.7,Tốt
GD00068,05/01/2025 15:29,CN02,,SP12,2,Tại quán,6.4,Tốt
GD00069,05/01/2025 17:32,CN04,,SP05,1,TẠI QUÁN,4.3,Tốt
GD00070,05/01/2025 17:37,CN03,,SP04,,Mang đi,4.0,Bình thường
GD00070,05/01/2025 17:37,CN03,,SP04,,Mang đi,4.0,Bình thường
GD00071,05/01/2025 18:07,CN01,KH0173,SP07,1,Mang đi  ,2.1,Bình thường
GD00072,05/01/2025 18:43,CN04,KH0369,SP16,2,mang đi,4.5,Rất tốt
GD00073,05/01/2025 18:44,CN02,KH0296,SP02,1,Mang di,4.9,Rất tốt
GD00074,05/01/2025 20:00,CN02,KH0191,SP14,2,Mang đi,3.5,Rất tốt
GD00075,06/01/2025 07:00,CN01,,SP08,1,TẠI QUÁN,6.3,
GD00076,06/01/2025 08:41,CN02,KH0242,SP06,3,Tại quán,4.1,
GD00077,06/01/2025 08:43,CN01,,SP05,2,Mang đi,2.5,Tốt
GD00078,06/01/2025 09:02,CN04,,SP03,1,Tai quan,2.1,Bình thường
GD00079,06/01/2025 09:47,CN01,KH0322,SP14,1,Giao hàng,24.7,Bình thường
GD00080,06/01/2025 10:32,CN02,,SP11,2,Mang đi,3.3,
GD00081,06/01/2025 13:25,CN02,,SP01,2,Mang đi,2.6,Tốt
GD00082,06/01/2025 13:26,CN01,KH0291,SP03,2,Mang đi,3.3,Tốt
GD00083,06/01/2025 15:13,CN02,KH0358,SP05,2,Tại quán,3.8,
GD00084,06/01/2025 15:53,CN04,KH0350,SP06,1,Tại quán,7.1,Bình thường
GD00085,06/01/2025 18:04,CN03,KH0102,SP01,1,Tại quán,3.2,Rất tốt
GD00086,06/01/2025 18:23,CN02,KH0195,SP15,1,Tại quán,3.5,Tốt
GD00087,06/01/2025 18:44,CN01,,SP10,,Mang đi,3.8,Tốt
GD00088,06/01/2025 19:14,CN01,,SP05,1,tại quán,4.1,Tốt
GD00089,06/01/2025 20:23,CN01,,SP04,2,Tại quán,4.1,
GD00090,06/01/2025 21:35,CN01,KH0189,SP14,2,Tại quán,5.2,Tốt
GD00091,07/01/2025 08:00,CN02,KH0048,SP16,2,Mang đi,3.1,Rất tốt
GD00092,07/01/2025 10:58,CN03,KH0270,SP13,2,mang đi,7.1,
GD00093,07/01/2025 10:59,CN04,,SP01,2,Tại quán,5.5,Tốt
GD00094,07/01/2025 12:51,CN02,KH0256,SP07,1,Tại quán,8.1,Tốt
GD00095,07/01/2025 14:48,CN02,,SP04,1,Mang đi,5.9,Rất tốt
GD00096,07/01/2025 18:05,CN01,KH0027,SP04,3,Mang đi,3.4,Rất tốt
GD00097,07/01/2025 18:17,CN04,KH0411,SP09,1,Mang đi,5.5,Tốt
GD00098,07/01/2025 19:37,CN02,KH0237,SP04,1,Mang đi,2.1,Rất tốt
GD00099,08/01/2025 07:00,CN01,KH0157,SP02,2,Tại quán,16.1,Rất tốt
GD00100,08/01/2025 09:27,CN01,KH0107,SP02,1,Tại quán,3.9,
GD00101,08/01/2025 11:49,CN03,,SP02,1,MANG ĐI,2.6,Rất tốt
GD00102,08/01/2025 12:42,CN02,,SP07,1,TẠI QUÁN,6.2,Bình thường
GD00103,08/01/2025 13:00,CN01,KH0246,SP06,1,Mang đi,4.4,Rất tốt
GD00104,08/01/2025 13:23,CN03,,SP14,2,Tại quán,4.7,Bình thường
GD00105,08/01/2025 13:48,CN01,KH0396,SP16,1,Tại quán,2.7,Rất tốt
GD00106,08/01/2025 14:59,CN04,KH0133,SP04,1,Mang đi,2.3,Bình thường
GD00107,08/01/2025 15:49,CN01,,SP03,1,tại quán,6.2,Bình thường
GD00108,08/01/2025 18:14,CN02,KH0384,SP11,2,Mang đi,5.4,
GD00109,08/01/2025 18:58,CN04,,SP14,1,Mang đi,2.4,
GD00110,08/01/2025 19:35,CN01,,SP10,2, Giao hàng,21.8,Bình thường
GD00111,08/01/2025 20:21,CN04,KH0168,SP14,2,Mang đi,1.8,
GD00112,08/01/2025 21:40,CN04,KH0432,SP06,1,Mang đi,2.1,Rất tốt
GD00113,09/01/2025 08:08,CN02,KH0076,SP16,5,GIAO HÀNG,26.2,Bình thường
GD00114,09/01/2025 08:36,CN02,KH0107,SP02,3,Tai quan,5.0,Bình thường
GD00115,09/01/2025 08:51,CN01,,SP06,1,Tại quán,11.2,Tốt
GD00116,09/01/2025 08:58,CN01,,SP03,3,giao hàng,13.4,Bình thường
GD00117,09/01/2025 09:13,CN02,,SP02,1,Tại quán,4.9,Tốt
GD00118,09/01/2025 10:05,CN02,,SP11,1,Tại quán,4.2,Tốt
GD00119,09/01/2025 11:06,CN01,,SP10,1,Mang đi,9.2,Rất tốt
GD00120,09/01/2025 12:09,CN04,KH0035,SP10,,Tại quán,4.0,Rất tốt
GD00121,09/01/2025 12:21,CN03,KH0074,SP08,2,Tại quán,4.7,Rất tốt
GD00122,09/01/2025 13:11,CN01,KH0209,SP13,1,Tại quán,7.3,
GD00123,09/01/2025 14:11,CN03,,SP01,1,Mang đi,4.2,Rất tốt
GD00124,09/01/2025 14:27,CN01,,SP01,1,Tại quán,4.2,
GD00125,09/01/2025 15:30,CN01,KH0174,SP02,1,Mang đi,6.2,Bình thường
GD00126,09/01/2025 17:51,CN03,KH0058,SP12,3,Tại quán,6.3,Rất tốt
GD00127,09/01/2025 19:21,CN03,KH0041,SP11,2,Tại quán,4.4,Bình thường
GD00128,10/01/2025 07:32,CN02,,SP13,1,Mang đi,4.2,Rất tốt
GD00129,10/01/2025 08:25,CN03,KH0369,SP06,1,Mang di,8.6,Rất tốt
GD00130,10/01/2025 09:04,CN04,KH0168,SP06,3,Tại quán,3.9,Tốt
GD00131,10/01/2025 12:29,CN03,KH0245,SP06,1,Tại quán,7.8,Rất tốt
GD00132,10/01/2025 14:43,CN04,KH0250,SP13,2,Mang đi,3.5,Tốt
GD00133,10/01/2025 15:38,CN01,KH0325,SP01,1,Mang đi,3.1,
GD00134,10/01/2025 17:56,CN03,KH0101,SP03,3,Mang đi,3.9,Rất tốt
GD00135,10/01/2025 18:45,CN02,,SP01,1,Mang đi,2.7,
GD00136,10/01/2025 18:45,CN02,KH0335,SP10,1,Mang đi,7.5,
GD00137,10/01/2025 19:43,CN03,KH0280,SP02,1,Mang đi,3.7,Rất tốt
GD00138,11/01/2025 07:26,CN04,KH0256,SP02,3,Tại quán,1.3,
GD00139,11/01/2025 07:54,CN01,KH0220,SP03,4,giao hàng,19.6,Bình thường
GD00140,11/01/2025 08:52,CN01,KH0282,SP03,1,Tại quán,5.3,
GD00141,11/01/2025 09:47,CN04,KH0312,SP11,2,Mang đi,3.5,Tốt
GD00142,11/01/2025 09:52,CN01,KH0315,SP13,2,Tại quán,1.9,Tệ
GD00143,11/01/2025 10:09,CN02,KH0421,SP07,2,Tại quán,8.4,
GD00144,11/01/2025 10:18,CN01,KH0368,SP16,1,Mang đi,6.9,Tốt
GD00145,11/01/2025 10:47,CN01,,SP07,1, Tại quán,4.8,Tốt
GD00146,11/01/2025 10:52,CN01,KH0322,SP07,1,Mang đi,5.1,Bình thường
GD00147,11/01/2025 12:20,CN01,KH0111,SP11,2,Giao hàng,46.1,Tệ
GD00148,11/01/2025 12:22,CN01,KH0018,SP09,1,Tai quan,3.0,Tốt
GD00149,11/01/2025 13:30,CN01,KH0276,SP10,3,Tại quán,5.6,Tốt
GD00150,11/01/2025 14:32,CN03,,SP12,2,Tại quán,8.2,Bình thường
GD00151,11/01/2025 14:44,CN02,KH0292,SP03,3,Giao hàng,27.6,Tốt
GD00152,11/01/2025 14:45,CN01,KH0316,SP11,1,Tại quán,7.0,Tệ
GD00153,11/01/2025 14:56,CN04,KH0195,SP07,2,Mang đi,6.4,
GD00154,11/01/2025 15:43,CN04,KH0210,SP08,5,Tại quán,2.5,Rất tốt
GD00155,11/01/2025 16:13,CN04,KH0065,SP04,2,Tại quán,3.7,Tốt
GD00156,11/01/2025 16:34,CN01,,SP02,1,Mang di,5.5,Bình thường
GD00157,11/01/2025 17:24,CN01,,SP12,1,mang đi,3.6,Tốt
GD00158,11/01/2025 18:17,CN03,KH0382,SP02,2,Mang đi,3.5,
GD00159,11/01/2025 18:30,CN03,KH0107,SP09,1,Mang đi  ,5.7,Tốt
GD00160,11/01/2025 18:42,CN03,KH0182,SP15,2,Tại quán,4.3,Tốt
GD00161,11/01/2025 19:51,CN02,KH0053,SP09,1,Mang đi,3.3,Rất tốt
GD00162,12/01/2025 07:19,CN04,KH0402,SP01,1,Mang đi,1.7,Tốt
GD00163,12/01/2025 08:34,CN03,,SP01,1,Giao hàng,21.9,Bình thường
GD00164,12/01/2025 08:35,CN03,KH0200,SP10,3,tại quán,6.7,Tệ
GD00165,12/01/2025 08:39,CN02,KH0019,SP04,3,Tại quán,7.6,Tốt
GD00166,12/01/2025 08:50,CN01,,SP12,1,Tại quán,-12.0,Tốt
GD00167,12/01/2025 08:56,CN03,,SP02,1,Mang đi,3.1,Tốt
GD00168,12/01/2025 09:41,CN01,KH0293,SP06,3,mang đi,4.6,Tốt
GD00169,12/01/2025 09:53,CN01,KH0166,SP10,1,Tại quán,2.0,
GD00170,12/01/2025 10:03,CN01,KH0060,SP01,2,Tại quán,3.1,Tốt
GD00171,12/01/2025 10:31,CN01,KH0216,SP01,1,Tại quán,4.4,Tốt
GD00172,12/01/2025 10:47,CN04,KH0225,SP07,1, Giao hàng,29.7,Tệ
GD00173,12/01/2025 12:56,CN04,,SP01,2,Tại quán,6.4,
GD00174,12/01/2025 13:07,CN01,KH0001,SP06,2,Giao hàng,14.5,Rất tốt
GD00175,12/01/2025 13:14,CN01,,SP06,2,GIAO HÀNG,31.9,Rất tốt
GD00176,12/01/2025 14:48,CN02,,SP11,2,tại quán,7.0,Tốt
GD00177,12/01/2025 15:46,CN01,KH0427,SP04,2,Tại quán,6.3,Bình thường
GD00178,12/01/2025 15:52,CN01,KH0319,SP02,3,Mang đi,2.2,Rất tốt
GD00179,12/01/2025 16:08,CN01,KH0399,SP16,2,Mang đi,5.0,Bình thường
GD00180,12/01/2025 17:13,CN01,KH0375,SP02,2,TẠI QUÁN,5.9,Tốt
GD00181,12/01/2025 19:03,CN01,,SP07,1,Tại quán,2.9,Tốt
GD00182,12/01/2025 20:04,CN04,KH0338,SP02,3,Tai quan,5.8,
GD00183,12/01/2025 20:40,CN01,KH0007,SP14,3,Mang đi,8.0,
GD00184,13/01/2025 09:39,CN01,KH0127,SP06,1,MANG ĐI,4.2,Bình thường
GD00185,13/01/2025 11:10,CN02,KH0180,SP06,3,Tại quán,3.4,
GD00186,13/01/2025 12:50,CN03,KH0183,SP07,3,Tai quan,5.2,Rất tốt
GD00187,13/01/2025 12:54,CN02,,SP15,3,Tại quán,6.5,Bình thường
GD00188,13/01/2025 13:00,CN02,KH0336,SP09,1,Tại quán,3.5,Tốt
GD00189,13/01/2025 13:19,CN01,KH0310,SP15,1,Mang đi,2.6,
GD00190,13/01/2025 14:40,CN01,KH0094,SP08,3,Mang đi,6.2,Tốt
GD00191,13/01/2025 15:40,CN03,KH0114,SP09,2,Tại quán,2.8,
GD00192,13/01/2025 16:05,CN03,,SP07,1,Mang đi,2.6,Tốt
GD00193,13/01/2025 18:22,CN01,,SP01,1,Mang đi,2.6,Rất tốt
GD00194,13/01/2025 18:35,CN04,,SP02,2,tại quán,5.9,Rất tốt
GD00195,13/01/2025 19:25,CN04,KH0200,SP09,2,Mang đi,5.7,
GD00196,13/01/2025 20:42,CN01,KH0041,SP01,2,Tại quán,3.7,Bình thường
GD00197,14/01/2025 07:14,CN02,KH0262,SP09,1,Tại quán,5.6,Rất tệ
GD00198,14/01/2025 08:13,CN04,KH0413,SP04,3,Tại quán,2.3,Rất tốt
GD00199,14/01/2025 10:52,CN02,,SP09,,Tại quán,4.1,Rất tốt
GD00200,14/01/2025 11:02,CN04,KH0124,SP12,2,Mang đi,4.5,Rất tốt
GD00201,14/01/2025 12:59,CN01,KH0007,SP10,4, Tại quán,5.3,Rất tốt
GD00202,14/01/2025 13:30,CN01,KH0131,SP03,2, Tại quán,8.2,Tốt
GD00203,14/01/2025 13:37,CN03,KH0228,SP02,4,Tai quan,4.4,Tốt
GD00204,14/01/2025 13:56,CN02,KH0251,SP07,1,Tai quan,4.2,Tốt
GD00205,14/01/2025 14:01,CN02,KH0272,SP14,2,Tại quán,5.7,Rất tốt
GD00206,14/01/2025 14:43,CN01,,SP06,1,Tại quán,4.0,Tốt
GD00207,14/01/2025 15:22,CN01,KH0246,SP11,40,Tai quan,3.1,Rất tốt
GD00208,14/01/2025 17:32,CN03,KH0353,SP03,,Tại quán,12.6,Rất tốt
GD00209,14/01/2025 18:21,CN02,KH0277,SP03,2,Mang đi,4.1,Tốt
GD00210,15/01/2025 08:05,CN01,,SP05,1,Tại quán,9.9,
GD00211,15/01/2025 08:34,CN04,,SP14,,Mang đi,2.9,
GD00212,15/01/2025 09:11,CN01,KH0347,SP07,1,Mang đi,5.9,Bình thường
GD00213,15/01/2025 12:25,CN03,,SP06,1,Tại quán,4.0,Rất tốt
GD00214,15/01/2025 13:16,CN02,,SP15,1,Mang đi,2.7,Tốt
GD00215,15/01/2025 13:25,CN04,KH0141,SP03,1,Tại quán,3.8,Rất tốt
GD00216,15/01/2025 13:37,CN04,,SP03,1,Tại quán,3.7,Bình thường
GD00217,15/01/2025 14:31,CN01,KH0105,SP08,1,Mang đi,3.9,
GD00218,15/01/2025 15:07,CN04,KH0154,SP03,1,Mang đi,1.4,Rất tốt
GD00219,15/01/2025 16:09,CN01,KH0003,SP07,1,Mang đi,7.3,Rất tốt
GD00220,15/01/2025 16:44,CN01,KH0018,SP03,2,Mang đi,5.1,Rất tốt
GD00221,15/01/2025 16:58,CN01,KH0209,SP16,1,Tại quán,2.1,Rất tốt
GD00222,15/01/2025 17:36,CN02,KH0001,SP01,3,Tại quán,2.2,
GD00223,15/01/2025 18:49,CN03,,SP18,1,Mang đi,3.6,Rất tốt
GD00224,15/01/2025 18:50,CN02,KH0392,SP01,2,Mang đi,2.2,Tốt
GD00225,15/01/2025 18:55,CN02,KH0060,SP10,2,Mang đi,3.2,
GD00226,15/01/2025 19:27,CN01,,SP16,2,Tại quán,9.1,Rất tốt
GD00227,15/01/2025 19:51,CN04,,SP03,1,Giao hàng,29.0,Bình thường
GD00228,15/01/2025 20:12,CN02,KH0295,SP03,2,Tại quán,3.8,Bình thường
GD00229,15/01/2025 21:23,CN01,KH0236,SP09,2,Tại quán,8.6,
GD00230,16/01/2025 07:52,CN03,KH0125,SP05,2,Mang đi,6.7,Tốt
GD00231,16/01/2025 08:35,CN03,KH0109,SP12,1,Mang đi,4.6,
GD00232,16/01/2025 10:32,CN01,KH0147,SP05,,Mang đi  ,2.0,
GD00233,16/01/2025 12:03,CN01,KH0094,SP02,2,Tại quán,4.9,Rất tốt
GD00234,16/01/2025 19:02,CN03,KH0008,SP03,1,Tại quán,7.8,Bình thường
GD00235,16/01/2025 20:10,CN03,KH0009,SP06,2,Tại quán,7.7,Rất tốt
GD00236,16/01/2025 21:26,CN04,,SP08,1,Tại quán,6.8,Rất tốt
GD00237,17/01/2025 08:00,CN01,KH0011,SP06,4,Mang đi,2.5,Tốt
GD00238,17/01/2025 08:59,CN02,KH0306,SP01,2,Mang đi,6.0,Rất tốt
GD00239,17/01/2025 09:56,CN03,KH0304,SP04,2,Mang đi,1.3,Tốt
GD00240,17/01/2025 10:13,CN03,KH0067,SP02,2,Tại quán,8.6,Rất tốt
GD00241,17/01/2025 10:18,CN02,KH0219,SP14,2,TẠI QUÁN,2.3,Rất tốt
GD00242,17/01/2025 15:20,CN04,KH0310,SP02,2,Tại quán,10.8,Tốt
GD00243,17/01/2025 17:28,CN01,KH0019,SP11,2,Tại quán,3.9,Tốt
GD00244,17/01/2025 18:38,CN02,KH0393,SP08,1,MANG ĐI,8.1,
GD00245,17/01/2025 19:05,CN03,KH0174,SP14,1,Mang đi,4.5,
GD00246,18/01/2025 07:31,CN01,,SP02,1,Tại quán,7.5,
GD00247,18/01/2025 07:35,CN04,KH0189,SP04,1,Mang đi,2.0,Tốt
GD00248,18/01/2025 08:44,CN01,KH0212,SP01,3,tại quán,8.1,Bình thường
GD00248,18/01/2025 08:44,CN01,KH0212,SP01,3,tại quán,8.1,Bình thường
GD00249,18/01/2025 09:01,CN01,,SP07,1,Tại quán,4.8,Tốt
GD00250,18/01/2025 09:02,CN01,KH0370,SP03,1,Tại quán,5.3,Tốt
GD00251,18/01/2025 09:13,CN03,KH0049,SP09,2,Tại quán,4.0,Tốt
GD00252,18/01/2025 09:19,CN04,KH0334,SP04,5,Tại quán,3.5,Rất tốt
GD00253,18/01/2025 09:41,CN04,KH0055,SP11,2,Mang đi,2.8,Rất tốt
GD00254,18/01/2025 10:40,CN04,KH0391,SP06,2,Giao hàng,31.4,Bình thường
GD00255,18/01/2025 10:47,CN03,,SP02,5, Tại quán,3.8,Rất tốt
GD00256,18/01/2025 12:13,CN02,KH0180,SP01,3,Mang đi,2.2,Rất tốt
GD00257,18/01/2025 12:49,CN01,,SP07,2,Mang đi,2.7,
GD00258,18/01/2025 13:46,CN02,,SP10,1,Mang đi,5.2,
GD00259,18/01/2025 14:42,CN02,,SP09,2,Tại quán,9.9,Tốt
GD00260,18/01/2025 15:10,CN01,KH0182,SP09,1,Tại quán,7.4,
GD00261,18/01/2025 15:52,CN01,KH0162,SP05,3,Mang đi,3.7,Bình thường
GD00262,18/01/2025 17:23,CN04,KH0003,SP03,2,Mang đi,5.0,Tốt
GD00262,18/01/2025 17:23,CN04,KH0003,SP03,2,Mang đi,5.0,Tốt
GD00263,18/01/2025 19:18,CN02,KH0092,SP03,1,Tại quán,3.4,Rất tốt
GD00264,18/01/2025 21:50,CN01,,SP08,1,Mang đi,8.5,
GD00265,19/01/2025 07:01,CN01,KH0207,SP01,1,Tại quán,3.1,Bình thường
GD00266,19/01/2025 07:45,CN03,,SP02,1,Tại quán,2.8,Bình thường
GD00267,19/01/2025 09:07,CN01,KH0043,SP03,1,Mang đi,4.2,Tốt
GD00268,19/01/2025 10:12,CN03,,SP06,1,Tại quán,4.1,Rất tốt
GD00269,19/01/2025 10:13,CN04,KH0185,SP15,1,Mang đi,6.3,Bình thường
GD00270,19/01/2025 10:58,CN03,,SP06,2,Mang đi,5.4,Tốt
GD00271,19/01/2025 11:45,CN03,KH0262,SP04,2,Mang đi,5.8,Bình thường
GD00272,19/01/2025 12:31,CN04,KH0297,SP07,5,Mang đi,3.9,Bình thường
GD00273,19/01/2025 12:43,CN01,KH0030,SP05,1,Giao hàng,17.5,
GD00274,19/01/2025 12:51,CN01,KH0218,SP02,1,Mang đi,3.5,Bình thường
GD00275,19/01/2025 14:05,CN03,,SP01,2,Giao hàng,24.8,Bình thường
GD00276,19/01/2025 14:58,CN04,KH0249,SP10,2,Mang đi,4.1,Rất tốt
GD00277,19/01/2025 16:57,CN03,,SP03,1,Mang di,3.0,Tốt
GD00278,19/01/2025 17:29,CN02,,SP15,2,Tại quán,3.1,
GD00279,19/01/2025 18:38,CN02,KH0262,SP03,2,Tại quán,4.4,Bình thường
GD00280,19/01/2025 19:53,CN03,KH0166,SP15,1,Tại quán,3.8,Rất tốt
GD00281,20/01/2025 07:08,CN04,KH0334,SP02,1,Tại quán,1.8,
GD00282,20/01/2025 08:04,CN01,KH0334,SP04,3,Tại quán,12.1,Tốt
GD00283,20/01/2025 09:58,CN04,KH0097,SP03,3,Giao hàng,29.2,Bình thường
GD00284,20/01/2025 10:14,CN01,KH0069,SP02,4,Tại quán,7.7,Bình thường
GD00285,20/01/2025 11:22,CN01,KH0443,SP02,2,Mang đi,2.5,Tốt
GD00286,20/01/2025 12:49,CN02,KH0093,SP07,2,Tại quán,15.5,Tốt
GD00287,20/01/2025 13:58,CN01,KH0356,SP16,1,Tại quán,6.9,
GD00288,20/01/2025 15:11,CN03,,SP12,2,Giao hàng,32.3,
GD00289,20/01/2025 17:04,CN02,,SP08,1,Tại quán,7.7,Rất tốt
GD00290,20/01/2025 17:23,CN01,KH0003,SP04,2,Tại quán,6.3,Rất tốt
GD00291,20/01/2025 18:45,CN04,KH0323,SP07,1,Tai quan,4.3,Tốt
GD00292,20/01/2025 18:53,CN02,,SP07,1,Mang đi,4.4,
GD00293,20/01/2025 21:23,CN03,KH0425,SP13,1,Giao hàng,17.6,Tệ
GD00294,21/01/2025 08:16,CN01,,SP12,3,Tại quán,7.0,Tốt
GD00295,21/01/2025 09:37,CN03,KH0028,SP01,2,Mang đi,3.3,Tốt
GD00296,21/01/2025 10:49,CN01,KH0240,SP13,2,Tại quán,6.4,Bình thường
GD00297,21/01/2025 12:01,CN03,,SP13,1,Mang đi,7.7,Rất tốt
GD00298,21/01/2025 13:16,CN03,KH0364,SP07,3,Mang đi,4.9,
GD00299,21/01/2025 14:20,CN02,KH0354,SP06,2,Tại quán,4.1,Rất tốt
GD00300,21/01/2025 15:02,CN04,KH0207,SP06,2,Tại quán,4.2,Rất tốt
GD00301,21/01/2025 15:13,CN03,KH0077,SP16,1,Mang đi,3.1,
GD00302,21/01/2025 15:48,CN01,KH0041,SP14,2,Mang đi,3.0,Bình thường
GD00303,21/01/2025 15:52,CN03,,SP08,2,mang đi,2.7,Tốt
GD00304,21/01/2025 15:55,CN02,,SP10,1,Giao hàng,48.4,Tệ
GD00305,21/01/2025 20:27,CN01,KH0384,SP01,1,Mang đi,3.3,
GD00306,21/01/2025 21:52,CN02,KH0288,SP03,1,Mang đi,2.6,Tốt
GD00307,22/01/2025 08:59,CN03,KH0302,SP08,1,tại quán,6.4,Rất tốt
GD00308,22/01/2025 09:29,CN03,KH0003,SP07,2,Mang đi,3.0,Tốt
GD00309,22/01/2025 09:42,CN03,KH0118,SP05,1,Tại quán,5.8,Tốt
GD00310,22/01/2025 11:24,CN04,KH0292,SP03,1,Mang đi,7.9,Rất tốt
GD00311,22/01/2025 11:36,CN03,KH0393,SP10,2,Mang di,5.3,
GD00312,22/01/2025 13:32,CN02,KH0383,SP02,1, Tại quán,5.2,
GD00313,22/01/2025 13:53,CN04,KH0041,SP15,2,Tại quán,7.1,Bình thường
GD00314,22/01/2025 14:18,CN03,KH0396,SP16,1,Tại quán,3.5,Tốt
GD00315,22/01/2025 14:23,CN03,KH0185,SP04,3,Mang đi,3.9,Tốt
GD00316,22/01/2025 15:15,CN03,KH0215,SP05,3,Tại quán,5.2,Rất tốt
GD00317,22/01/2025 17:27,CN04,KH0334,SP15,,MANG ĐI,1.8,Rất tốt
GD00318,22/01/2025 18:59,CN04,KH0071,SP02,,Tại quán,5.8,Tốt
GD00319,23/01/2025 07:05,CN04,KH0071,SP02,1,Mang đi,5.8,Bình thường
GD00320,23/01/2025 07:59,CN03,,SP13,2,Tại quán,9.9,
GD00321,23/01/2025 08:23,CN04,KH0393,SP02,2,Mang đi,4.7,
GD00322,23/01/2025 08:24,CN01,KH0370,SP13,1,TẠI QUÁN,3.3,Rất tốt
GD00323,23/01/2025 08:57,CN04,KH0290,SP01,1,Mang đi,6.1,Rất tốt
GD00324,23/01/2025 11:23,CN04,KH0251,SP04,1,MANG ĐI,2.8,
GD00325,23/01/2025 11:30,CN02,KH0147,SP02,2,Mang đi,6.9,Rất tốt
GD00326,23/01/2025 11:40,CN01,KH0106,SP06,3,Tại quán,10.2,
GD00327,23/01/2025 12:21,CN01,,SP04,1,Tại quán,10.1,Tốt
GD00328,23/01/2025 14:22,CN02,KH0177,SP11,2,tại quán,6.7,Rất tốt
GD00329,23/01/2025 15:29,CN01,KH0114,SP15,2,Mang đi  ,3.5,
GD00330,23/01/2025 16:30,CN03,,SP07,2,Tại quán,13.8,
GD00331,23/01/2025 18:39,CN01,KH0289,SP12,2,Tại quán,6.0,Tốt
GD00332,23/01/2025 20:49,CN01,KH0137,SP06,,Tại quán,2.4,Rất tốt
GD00333,24/01/2025 07:16,CN02,KH0123,SP05,1,Tại quán,4.2,Rất tốt
GD00334,24/01/2025 09:05,CN02,,SP02,1,Mang đi,2.7,Tốt
GD00335,24/01/2025 13:34,CN01,KH0070,SP16,1,tại quán,1.5,Tốt
GD00336,24/01/2025 14:55,CN02,KH0377,SP04,2,Tại quán,8.4,Rất tốt
GD00337,24/01/2025 15:53,CN01,,SP16,3,Mang đi,2.5,
GD00338,24/01/2025 16:10,CN01,KH0340,SP01,1,Mang đi,6.1,Rất tốt
GD00339,24/01/2025 17:04,CN01,,SP12,1,tại quán,4.6,
GD00340,24/01/2025 17:36,CN03,KH0347,SP13,1,Mang đi,7.0,Rất tốt
GD00341,24/01/2025 18:49,CN03,KH0121,SP01,1,Tại quán,6.5,Bình thường
GD00342,24/01/2025 19:37,CN01,,SP13,1,Tại quán,6.6,Tốt
GD00343,24/01/2025 21:10,CN03,,SP06,1,Tại quán,6.1,Tốt
GD00344,25/01/2025 08:09,CN03,,SP07,1,Tại quán,4.3,Tốt
GD00345,25/01/2025 08:34,CN03,,SP01,2,Tại quán,3.1,Tốt
GD00346,25/01/2025 08:39,CN03,,SP06,1,Tại quán,6.3,Rất tốt
GD00347,25/01/2025 08:55,CN03,,SP15,1,Tại quán,4.3,Tốt
GD00348,25/01/2025 09:11,CN01,,SP13,1,Tại quán,3.2,Tốt
GD00349,25/01/2025 09:14,CN01,,SP12,1,Giao hàng,21.8,Tốt
GD00350,25/01/2025 10:49,CN02,,SP10,2,Mang đi,4.8,Tốt
GD00351,25/01/2025 12:22,CN03,KH0185,SP03,1,Mang đi,3.0,Rất tốt
GD00352,25/01/2025 13:38,CN01,KH0317,SP16,1,Tại quán,4.9,Tốt
GD00353,25/01/2025 14:32,CN01,KH0324,SP01,2,Giao hàng,23.2,
GD00354,25/01/2025 14:41,CN02,,SP15,2,Tại quán,3.1,Tốt
GD00355,25/01/2025 15:13,CN02,KH0161,SP04,6,mang đi,5.7,Tốt
GD00356,25/01/2025 16:42,CN04,KH0390,SP03,3,Tại quán,8.3,Tốt
GD00357,25/01/2025 18:52,CN02,KH0336,SP04,2,Giao hàng,47.8,Tệ
GD00358,25/01/2025 19:09,CN03,KH0350,SP11,3,Mang đi,6.0,Tốt
GD00359,25/01/2025 21:16,CN01,KH0182,SP13,1,Mang đi  ,4.4,Tốt
GD00360,25/01/2025 21:45,CN01,KH0132,SP02,1,Tại quán,5.3,Tốt
GD00361,26/01/2025 07:37,CN04,KH0214,SP06,2,Giao hàng,20.3,
GD00362,26/01/2025 08:11,CN03,,SP07,1,TẠI QUÁN,3.9,Tốt
GD00363,26/01/2025 09:18,CN04,,SP04,1,MANG ĐI,3.5,
GD00364,26/01/2025 09:35,CN01,,SP01,3,Mang đi  ,3.6,Rất tốt
GD00365,26/01/2025 10:14,CN04,KH0087,SP02,1,Mang đi,6.3,Tệ
GD00366,26/01/2025 11:25,CN02,KH0153,SP08,5,Giao hàng,23.7,Tốt
GD00367,26/01/2025 11:46,CN01,KH0189,SP01,1,Mang di,4.1,Tốt
GD00368,26/01/2025 11:56,CN02,KH0288,SP18,1,Tại quán,3.3,Rất tốt
GD00369,26/01/2025 13:07,CN03,KH0213,SP09,1,Tại quán,3.8,Rất tốt
GD00370,26/01/2025 13:28,CN02,KH0297,SP13,2, Tại quán,7.1,Rất tốt
GD00371,26/01/2025 13:45,CN03,KH0179,SP07,3,Tại quán,3.3,Tốt
GD00372,26/01/2025 13:51,CN04,KH0119,SP09,4,Mang đi,3.4,Tốt
GD00373,26/01/2025 15:05,CN01,,SP06,1,Mang đi,8.1,Rất tốt
GD00374,26/01/2025 16:00,CN02,KH0071,SP13,2,tại quán,2.8,Rất tốt
GD00375,26/01/2025 16:26,CN01,KH0121,SP02,1,Mang đi,4.3,Rất tốt
GD00376,27/01/2025 08:04,CN03,,SP06,2,Tai quan,10.1,Tốt
GD00377,27/01/2025 09:19,CN02,,SP04,1,Tại quán,9.8,Tốt
GD00378,27/01/2025 09:32,CN04,KH0051,SP15,3,Giao hàng,15.2,Rất tốt
GD00379,27/01/2025 10:06,CN03,KH0286,SP04,1,Mang đi,4.8,
GD00380,27/01/2025 11:18,CN03,,SP04,2,Tại quán,5.4,
GD00381,27/01/2025 12:14,CN04,KH0397,SP02,1,Tại quán,14.1,
GD00382,27/01/2025 12:30,CN03,KH0120,SP03,3,Tại quán,6.3,
GD00383,27/01/2025 13:32,CN01,,SP07,2,TẠI QUÁN,9.0,Tốt
GD00384,27/01/2025 15:29,CN04,KH0188,SP07,1,Mang đi  ,4.1,
GD00385,27/01/2025 16:33,CN01,KH0092,SP02,3,Mang đi,2.7,Rất tốt
GD00386,27/01/2025 17:02,CN02,KH0278,SP02,1,Mang đi,2.1,Rất tốt
GD00387,27/01/2025 17:08,CN01,KH0375,SP01,3,Mang đi,2.3,Rất tốt
GD00388,27/01/2025 17:09,CN02,KH0188,SP14,4,Tại quán,14.3,Tốt
GD00389,27/01/2025 19:09,CN01,KH0038,SP06,3,Tại quán,8.3,
GD00390,27/01/2025 19:18,CN03,KH0311,SP06,1,Tại quán,7.7,Rất tốt
GD00391,27/01/2025 19:41,CN04,KH0251,SP02,1,Mang đi,3.5,Tốt
GD00392,28/01/2025 09:45,CN03,KH0115,SP02,3,Giao hàng,32.0,
GD00393,28/01/2025 12:36,CN01,KH0249,SP02,2,Tại quán,3.3,Bình thường
GD00393,28/01/2025 12:36,CN01,KH0249,SP02,2,Tại quán,3.3,Bình thường
GD00394,28/01/2025 14:06,CN03,,SP02,2,Giao hàng,19.1,
GD00395,28/01/2025 14:11,CN02,KH0236,SP02,1,Mang đi  ,5.1,
GD00396,28/01/2025 14:33,CN01,KH0057,SP13,2,Mang đi,8.3,Tốt
GD00397,28/01/2025 16:07,CN03,,SP10,1,Tại quán,3.8,Bình thường
GD00398,28/01/2025 16:37,CN04,KH0024,SP06,4,Giao hàng,22.8,Bình thường
GD00399,28/01/2025 18:03,CN01,,SP09,1,Mang đi,9.7,
GD00400,28/01/2025 18:39,CN03,KH0220,SP13,2,Tại quán,9.7,Tốt
GD00401,28/01/2025 19:52,CN02,,SP07,1,Tại quán,2.3,
GD00402,28/01/2025 20:29,CN02,KH0265,SP07,2,Mang di,4.7,Bình thường
GD00403,29/01/2025 08:12,CN04,,SP03,1,Tại quán,6.7,Bình thường
GD00404,29/01/2025 08:13,CN01,KH0251,SP15,2,Giao hàng,32.6,Tệ
GD00405,29/01/2025 09:57,CN02,,SP02,1,Tai quan,6.0,Tốt
GD00406,29/01/2025 09:58,CN03,KH0121,SP01,3,Tại quán,6.0,Tốt
GD00407,29/01/2025 12:04,CN04,KH0270,SP06,1,Mang đi,2.8,
GD00408,29/01/2025 12:07,CN02,KH0356,SP15,2,Mang đi,2.6,Tốt
GD00409,29/01/2025 12:15,CN03,KH0013,SP13,1,mang đi,4.1,Tốt
GD00410,29/01/2025 12:56,CN01,KH0355,SP08,1,Mang đi,4.0,Rất tốt
GD00411,29/01/2025 15:16,CN04,KH0135,SP04,2,Tại quán,3.3,
GD00412,29/01/2025 15:20,CN02,,SP16,1,Mang đi,6.8,Rất tốt
GD00413,29/01/2025 15:21,CN01,KH0059,SP13,2,Mang đi,5.4,
GD00414,29/01/2025 17:21,CN04,KH0058,SP11,2,Tại quán,2.5,Bình thường
GD00415,29/01/2025 18:05,CN03,,SP13,2,Mang đi,3.7,Tốt
GD00416,29/01/2025 19:19,CN03,KH0032,SP06,1,Tại quán,1.7,Rất tốt
GD00417,29/01/2025 19:47,CN03,KH0380,SP12,,Tại quán,6.9,
GD00418,29/01/2025 19:51,CN03,KH0131,SP02,1,Mang đi,6.4,Rất tốt
GD00419,29/01/2025 20:49,CN01,KH0170,SP13,1,Mang đi,5.4,Tốt
GD00420,30/01/2025 07:26,CN04,,SP18,1,Tại quán,1.9,Tốt
GD00421,30/01/2025 08:24,CN01,,SP09,1,Mang đi,8.4,
GD00421,30/01/2025 08:24,CN01,,SP09,1,Mang đi,8.4,
GD00422,30/01/2025 09:01,CN01,,SP04,1,Mang đi,6.6,Tốt
GD00423,30/01/2025 09:03,CN01,,SP11,1,Tại quán,4.7,Tốt
GD00424,30/01/2025 09:25,CN04,,SP06,1,Mang đi,2.0,Rất tốt
GD00425,30/01/2025 10:22,CN01,,SP09,1,Mang đi,3.3,Tốt
GD00426,30/01/2025 11:36,CN01,KH0052,SP06,3,Mang đi,9.7,Rất tốt
GD00427,30/01/2025 12:15,CN02,KH0369,SP07,2,Tại quán,6.2,Rất tốt
GD00428,30/01/2025 14:41,CN02,KH0319,SP02,3,Mang đi,2.4,
GD00429,30/01/2025 15:18,CN03,,SP04,1,MANG ĐI,3.2,
GD00430,30/01/2025 16:33,CN03,KH0350,SP02,1,Tại quán,4.3,Tốt
GD00431,30/01/2025 16:36,CN03,KH0014,SP13,1,Giao hàng,19.7,Bình thường
GD00432,30/01/2025 16:58,CN04,,SP10,1,Tại quán,7.5,Bình thường
GD00433,30/01/2025 18:08,CN01,KH0146,SP04,1,mang đi,2.1,Rất tốt
GD00434,30/01/2025 18:15,CN04,KH0139,SP01,1,Tại quán,2.1,Rất tốt
GD00435,30/01/2025 18:18,CN02,KH0326,SP05,1,Tại quán,5.8,Rất tốt
GD00436,30/01/2025 18:23,CN03,KH0218,SP18,2,Tại quán,2.1,Bình thường
GD00437,30/01/2025 18:24,CN01,KH0029,SP10,1,Tại quán,7.5,Bình thường
GD00438,30/01/2025 18:27,CN02,,SP01,2,Mang đi,5.3,Bình thường
GD00439,30/01/2025 18:49,CN04,KH0275,SP14,2,Mang đi,3.8,Rất tốt
GD00440,31/01/2025 07:07,CN02,KH0228,SP01,4,Tại quán,7.0,Tốt
GD00441,31/01/2025 07:23,CN02,KH0124,SP16,,Mang đi,4.3,Rất tốt
GD00442,31/01/2025 08:19,CN04,,SP03,1,Tại quán,2.1,Rất tốt
GD00443,31/01/2025 08:48,CN04,,SP11,1,Tại quán,6.8,Rất tốt
GD00444,31/01/2025 10:11,CN01,,SP05,2,Tại quán,10.8,Rất tốt
GD00445,31/01/2025 10:17,CN02,KH0200,SP09,1,Tại quán,11.8,
GD00446,31/01/2025 10:43,CN01,KH0226,SP03,1,mang đi,3.1,Bình thường
GD00447,31/01/2025 11:07,CN01,KH0175,SP04,2,Mang đi,3.8,Rất tốt
GD00448,31/01/2025 11:10,CN01,KH0189,SP01,1,Tại quán,6.9,Bình thường
GD00449,31/01/2025 12:12,CN04,KH0373,SP03,2,Mang đi,3.8,Bình thường
GD00450,31/01/2025 12:43,CN03,KH0363,SP10,1,Tại quán,10.5,
GD00451,31/01/2025 15:28,CN01,KH0107,SP15,2,Giao hàng,19.2,Rất tốt
GD00452,31/01/2025 15:42,CN01,,SP01,,Tại quán,3.7,
GD00453,31/01/2025 16:34,CN01,KH0409,SP03,2,Tại quán,9.0,
GD00454,31/01/2025 17:01,CN02,KH0349,SP09,2,Mang đi,3.9,Tốt
GD00455,31/01/2025 19:04,CN01,KH0090,SP01,2,Mang đi,9.1,Bình thường
GD00456,31/01/2025 19:28,CN01,KH0369,SP01,4,Tại quán,5.4,Bình thường
GD00457,31/01/2025 20:06,CN04,KH0032,SP06,1,Mang đi,5.6,
GD00458,01/02/2025 08:22,CN01,KH0186,SP03,2,Mang đi,5.5,Tốt
GD00459,01/02/2025 11:23,CN01,KH0260,SP04,2,Mang đi,6.6,Rất tốt
GD00460,01/02/2025 13:27,CN03,KH0090,SP15,2,GIAO HÀNG,25.8,Bình thường
GD00461,01/02/2025 16:21,CN01,,SP10,1,Mang đi,2.3,Rất tốt
GD00462,01/02/2025 18:00,CN01,KH0124,SP15,3,Tại quán,9.9,
GD00463,01/02/2025 19:09,CN01,KH0004,SP12,1,Mang đi,5.8,
GD00464,02/02/2025 07:59,CN03,,SP03,1,Mang đi,19.2,Bình thường
GD00465,02/02/2025 08:22,CN01,,SP02,1,Mang đi,5.9,Tệ
GD00466,02/02/2025 09:10,CN02,KH0257,SP04,3,Mang đi,8.3,Tốt
GD00467,02/02/2025 09:25,CN02,KH0076,SP08,1,Tại quán,3.8,Tốt
GD00468,02/02/2025 12:06,CN02,KH0386,SP11,3,Tại quán,4.8,Rất tốt
GD00469,02/02/2025 13:19,CN01,,SP15,2,Mang đi,8.6,Rất tốt
GD00470,02/02/2025 13:27,CN02,KH0256,SP02,2,Giao hàng,13.0,Tốt
GD00471,02/02/2025 14:59,CN03,KH0008,SP02,3,Giao hàng,22.0,
GD00472,02/02/2025 15:45,CN04,KH0153,SP02,1,Mang di,3.0,Rất tốt
GD00473,02/02/2025 17:43,CN01,,SP10,1,Tại quán,8.8,Rất tốt
GD00474,02/02/2025 18:32,CN03,KH0390,SP04,3,Giao hàng,30.0,Rất tốt
GD00474,02/02/2025 18:32,CN03,KH0390,SP04,3,Giao hàng,30.0,Rất tốt
GD00475,03/02/2025 07:45,CN03,KH0367,SP08,1,Mang di,3.7,Rất tốt
GD00476,03/02/2025 09:36,CN04,,SP08,2, Giao hàng,8.6,
GD00477,03/02/2025 11:21,CN03,KH0237,SP02,1,MANG ĐI,2.3,Bình thường
GD00478,03/02/2025 11:37,CN03,,SP09,,Tại quán,7.0,Tệ
GD00479,03/02/2025 12:00,CN01,KH0128,SP06,2,Mang đi,4.1,Tốt
GD00480,03/02/2025 12:18,CN02,KH0449,SP03,1,Mang đi,5.5,
GD00481,03/02/2025 13:26,CN04,KH0006,SP07,2,Tại quán,7.5,Bình thường
GD00482,03/02/2025 13:41,CN01,KH0091,SP06,1,Tại quán,3.3,Tốt
GD00483,03/02/2025 13:42,CN04,KH0198,SP11,3,Mang đi,5.1,Rất tốt
GD00484,03/02/2025 14:54,CN02,,SP10,2,MANG ĐI,1.9,Rất tốt
GD00485,03/02/2025 15:43,CN02,KH0005,SP12,1,Tại quán,4.0,Tốt
GD00486,03/02/2025 20:05,CN04,,SP04,1,Tại quán,2.8,Rất tốt
GD00487,04/02/2025 12:39,CN04,KH0236,SP06,2,Giao hàng,26.3,
GD00488,04/02/2025 13:27,CN01,KH0030,SP13,2,Tại quán,2.6,Tốt
GD00489,04/02/2025 13:32,CN02,,SP03,3,Mang đi,4.2,
GD00490,04/02/2025 13:48,CN01,KH0135,SP01,2,Giao hàng,14.7,Bình thường
GD00491,04/02/2025 15:35,CN04,,SP04,1,Tai quan,3.7,Rất tốt
GD00492,04/02/2025 17:32,CN01,KH0414,SP13,1,Tại quán,10.7,Rất tốt
GD00493,04/02/2025 18:03,CN04,KH0068,SP04,2,Mang đi,6.2,
GD00493,04/02/2025 18:03,CN04,KH0068,SP04,2,Mang đi,6.2,
GD00494,04/02/2025 18:38,CN03,KH0213,SP15,5,Giao hàng,20.2,
GD00495,05/02/2025 12:51,CN02,KH0105,SP04,1,Mang đi,4.2,Rất tốt
GD00496,05/02/2025 14:00,CN03,KH0229,SP10,1,Tại quán,10.2,Rất tốt
GD00497,05/02/2025 16:07,CN01,KH0139,SP02,4,Giao hàng,16.8,Tốt
GD00498,05/02/2025 16:19,CN04,KH0059,SP06,2,TẠI QUÁN,14.2,Tốt
GD00499,05/02/2025 17:13,CN02,,SP03,1,mang đi,4.0,
GD00500,05/02/2025 18:08,CN02,KH0201,SP05,2,Tại quán,2.1,Rất tốt
GD00501,05/02/2025 19:02,CN03,,SP10,2,Mang đi,4.5,Tốt
GD00502,05/02/2025 19:04,CN02,KH0053,SP05,1,Mang đi,2.5,
GD00503,05/02/2025 20:37,CN03,,SP03,2,Mang đi,4.0,Tốt
GD00504,06/02/2025 07:50,CN04,KH0268,SP01,2,Mang đi,3.5,Rất tốt
GD00505,06/02/2025 08:12,CN02,KH0338,SP18,1,Tại quán,10.3,Tốt
GD00506,06/02/2025 08:14,CN01,KH0167,SP01,1,Mang đi,3.8,Tốt
GD00507,06/02/2025 08:44,CN01,KH0448,SP07,1,Mang đi,5.4,Bình thường
GD00508,06/02/2025 08:53,CN03,,SP01,1,Giao hàng,21.7,Bình thường
GD00508,06/02/2025 08:53,CN03,,SP01,1,Giao hàng,21.7,Bình thường
GD00509,06/02/2025 08:54,CN03,KH0114,SP03,3,Tại quán,3.7,
GD00510,06/02/2025 10:43,CN01,KH0158,SP09,3,Mang đi,4.8,Bình thường
GD00511,06/02/2025 11:17,CN02,KH0114,SP16,2,Mang di,5.9,Rất tốt
GD00512,06/02/2025 11:40,CN02,KH0244,SP15,,Mang đi  ,6.2,Bình thường
GD00513,06/02/2025 13:01,CN02,KH0307,SP07,2,Mang đi,6.0,Rất tốt
GD00514,06/02/2025 15:23,CN02,KH0235,SP01,1,Mang đi,2.9,Rất tốt
GD00515,06/02/2025 19:33,CN04,KH0097,SP04,1,giao hàng,21.8,Tốt
GD00516,07/02/2025 07:38,CN01,KH0301,SP01,3,Mang di,7.1,Tốt
GD00517,07/02/2025 07:38,CN02,,SP01,1,tại quán,9.6,Rất tốt
GD00518,07/02/2025 07:46,CN01,KH0207,SP11,2,Tại quán,5.8,Tốt
GD00519,07/02/2025 07:57,CN02,KH0292,SP15,2,Tại quán,4.0,Rất tốt
GD00520,07/02/2025 09:52,CN04,KH0239,SP02,1,Mang đi,6.7,
GD00521,07/02/2025 13:25,CN02,,SP09,1,Tại quán,4.6,Tốt
GD00522,07/02/2025 15:18,CN01,KH0188,SP13,1,Tại quán,8.2,
GD00523,07/02/2025 15:49,CN03,KH0357,SP06,1,Giao hàng,14.4,Rất tốt
GD00524,07/02/2025 16:03,CN01,,SP05,2,Tại quán,3.9,Tốt
GD00525,07/02/2025 16:10,CN01,KH0138,SP02,2,Mang đi,3.4,Rất tốt
GD00526,07/02/2025 16:32,CN01,KH0338,SP03,1,Mang đi,5.3,Rất tốt
GD00527,07/02/2025 17:04,CN01,KH0038,SP05,1,Giao hàng,30.4,Bình thường
GD00528,07/02/2025 18:11,CN01,KH0088,SP08,4,Giao hàng,29.0,Tốt
GD00529,07/02/2025 21:56,CN04,KH0089,SP10,1,Tại quán,3.5,Bình thường
GD00530,08/02/2025 08:02,CN02,,SP16,1,Mang đi,3.7,Tốt
GD00531,08/02/2025 09:14,CN03,KH0062,SP02,2,Mang đi,2.8,Tốt
GD00532,08/02/2025 12:05,CN02,KH0106,SP09,2,Mang đi  ,3.1,Tốt
GD00533,08/02/2025 12:25,CN02,KH0343,SP09,2,Tại quán,4.8,
GD00534,08/02/2025 14:01,CN03,KH0066,SP13,1,mang đi,4.8,
GD00535,08/02/2025 14:31,CN02,KH0195,SP01,3,Mang đi,2.3,Tốt
GD00536,08/02/2025 14:37,CN01,KH0041,SP04,1,Tại quán,6.8,Rất tốt
GD00537,08/02/2025 15:31,CN03,KH0180,SP03,3,Tại quán,2.9,Tốt
GD00538,08/02/2025 16:25,CN01,KH0148,SP09,4,Mang đi  ,13.8,Bình thường
GD00539,08/02/2025 18:34,CN02,KH0151,SP03,1,mang đi,6.4,Bình thường
GD00540,08/02/2025 18:51,CN04,KH0136,SP04,1,Tại quán,14.1,Tốt
GD00541,08/02/2025 19:06,CN02,KH0034,SP09,3,Mang đi,5.0,Bình thường
GD00542,08/02/2025 19:38,CN04,KH0306,SP06,5,Mang đi,7.5,Tốt
GD00543,08/02/2025 20:17,CN01,KH0293,SP04,3,Giao hàng,24.2,Tốt
GD00544,09/02/2025 07:11,CN03,KH0098,SP03,1,Mang đi,4.6,Tốt
GD00545,09/02/2025 07:52,CN02,KH0095,SP05,3,Mang đi,2.7,Bình thường
GD00546,09/02/2025 08:29,CN04,KH0220,SP15,2,Mang đi,5.4,Rất tốt
GD00547,09/02/2025 08:43,CN04,KH0390,SP01,3,Tại quán,1.4,Rất tốt
GD00548,09/02/2025 10:53,CN01,,SP11,3,Giao hàng,28.0,Bình thường
GD00549,09/02/2025 12:43,CN01,,SP06,2,Mang đi,4.4,Rất tốt
GD00550,09/02/2025 13:11,CN03,KH0144,SP11,2,Mang đi,5.2,
GD00551,09/02/2025 13:33,CN01,KH0304,SP06,2,Tại quán,4.5,Tốt
GD00552,09/02/2025 16:28,CN02,KH0045,SP15,2,Giao hàng,25.1,Tốt
GD00553,09/02/2025 17:10,CN03,KH0161,SP06,1,Tại quán,3.4,Rất tốt
GD00554,09/02/2025 18:34,CN02,KH0386,SP03,1,Mang đi,2.1,Bình thường
GD00555,09/02/2025 19:36,CN02,,SP02,1,Mang đi,4.9,Tốt
GD00556,10/02/2025 07:56,CN02,KH0280,SP12,3,Tại quán,5.1,Bình thường
GD00557,10/02/2025 09:01,CN02,KH0093,SP03,3,Mang đi,6.7,Tốt
GD00558,10/02/2025 09:38,CN04,,SP03,2,Tại quán,6.6,Rất tốt
GD00559,10/02/2025 10:00,CN04,,SP06,1,Tại quán,6.1,
GD00560,10/02/2025 10:19,CN02,KH0281,SP04,3,Tại quán,10.1,Tốt
GD00561,10/02/2025 11:55,CN03,,SP08,,Mang đi  ,3.6,Tốt
GD00562,10/02/2025 12:55,CN03,KH0114,SP01,1,Mang đi,4.7,Tốt
GD00563,10/02/2025 13:19,CN02,,SP06,1,Tại quán,6.1,Rất tốt
GD00564,10/02/2025 13:26,CN02,KH0026,SP03,1,Tại quán,5.2,Rất tốt
GD00565,10/02/2025 15:08,CN01,KH0227,SP14,1,tại quán,5.2,Tốt
GD00566,11/02/2025 08:07,CN01,KH0007,SP07,1,Mang đi,2.8,Tốt
GD00567,11/02/2025 12:27,CN03,,SP09,1,Tại quán,7.6,Tốt
GD00568,11/02/2025 13:42,CN01,KH0341,SP09,2,MANG ĐI,5.7,Tốt
GD00569,11/02/2025 14:27,CN02,KH0019,SP04,1,Mang đi,3.8,Tốt
GD00570,11/02/2025 15:43,CN01,KH0080,SP14,1,Mang đi,4.0,Tốt
GD00571,11/02/2025 16:15,CN03,KH0274,SP11,1,Tại quán,8.2,Tốt
GD00572,11/02/2025 16:21,CN03,KH0238,SP04,3,Giao hàng,25.6,Bình thường
GD00573,11/02/2025 18:46,CN02,,SP14,4,Mang đi,3.7,Rất tốt
GD00574,11/02/2025 18:46,CN04,KH0048,SP02,2,Giao hàng,28.9,
GD00575,11/02/2025 20:17,CN02,KH0215,SP04,1,GIAO HÀNG,18.6,Tệ
GD00576,11/02/2025 20:33,CN03,KH0394,SP06,2,Tại quán,7.9,Tốt
GD00577,11/02/2025 21:37,CN01,KH0032,SP02,3,Tại quán,7.1,
GD00578,12/02/2025 07:39,CN03,KH0420,SP15,1,Mang đi,2.3,Bình thường
GD00579,12/02/2025 13:05,CN04,KH0061,SP03,1,Mang đi,4.6,Tốt
GD00580,12/02/2025 13:52,CN01,,SP08,1,Tại quán,8.3,Tốt
GD00581,12/02/2025 21:55,CN04,KH0113,SP10,1,Giao hàng,24.2,Bình thường
GD00582,13/02/2025 08:00,CN04,KH0259,SP16,1,Tại quán,7.6,Bình thường
GD00582,13/02/2025 08:00,CN04,KH0259,SP16,1,Tại quán,7.6,Bình thường
GD00583,13/02/2025 08:04,CN04,,SP04,1,Tại quán,3.2,
GD00584,13/02/2025 12:20,CN02,KH0303,SP03,1,Mang đi,2.9,Rất tốt
GD00585,13/02/2025 14:28,CN01,KH0015,SP05,2,Mang đi,6.3,
GD00586,13/02/2025 18:07,CN02,KH0111,SP01,1,Tại quán,6.1,Rất tốt
GD00587,13/02/2025 18:30,CN03,KH0113,SP08,1,Tại quán,8.3,Rất tốt
GD00588,13/02/2025 18:48,CN01,KH0284,SP01,1,Tại quán,8.8,Tốt
GD00589,14/02/2025 08:16,CN01,KH0073,SP09,1,Tại quán,4.9,Rất tốt
GD00590,14/02/2025 08:37,CN01,KH0173,SP03,1,Mang đi,3.8,Tệ
GD00591,14/02/2025 08:38,CN02,KH0044,SP03,1,Mang đi  ,6.1,Rất tốt
GD00592,14/02/2025 08:49,CN01,KH0018,SP03,2,MANG ĐI,6.2,
GD00593,14/02/2025 08:50,CN01,,SP09,1,Mang đi,2.8,
GD00594,14/02/2025 09:54,CN01,KH0190,SP04,1,Mang đi,3.1,Tốt
GD00595,14/02/2025 13:23,CN02,KH0106,SP15,1,Tại quán,7.0,Rất tốt
GD00596,14/02/2025 13:31,CN01,KH0037,SP06,2,Giao hàng,19.2,Bình thường
GD00597,14/02/2025 13:37,CN04,KH0192,SP01,1,Tại quán,11.2,Rất tốt
GD00598,14/02/2025 16:38,CN04,KH0069,SP07,2,Mang đi,4.4,Bình thường
GD00599,14/02/2025 19:01,CN03,,SP09,3,Mang đi,3.4,
GD00600,14/02/2025 19:34,CN01,KH0022,SP02,3,Mang đi,2.9,Bình thường
GD00601,14/02/2025 20:46,CN03,KH0235,SP01,1,Tại quán,3.0,
GD00602,14/02/2025 20:52,CN03,KH0333,SP13,1,Tai quan,4.3,Bình thường
GD00603,15/02/2025 07:08,CN03,KH0131,SP13,1,Tại quán,17.2,Tốt
GD00604,15/02/2025 11:10,CN03,KH0115,SP01,2,Tại quán,5.7,Tốt
GD00605,15/02/2025 12:14,CN02,KH0195,SP15,2,Tại quán,2.2,Rất tốt
GD00606,15/02/2025 14:17,CN03,KH0231,SP09,3,Tại quán,6.3,Bình thường
GD00607,15/02/2025 15:55,CN02,KH0017,SP02,2,Tại quán,5.0,Rất tốt
GD00608,15/02/2025 17:55,CN02,KH0125,SP01,2,Tại quán,5.3,
GD00609,15/02/2025 18:27,CN03,KH0219,SP14,1,Tại quán,10.9,Tốt
GD00610,15/02/2025 18:32,CN01,KH0306,SP08,2,Mang đi,4.3,Tốt
GD00611,15/02/2025 20:51,CN04,,SP15,2,Mang đi,7.7,Bình thường
GD00612,16/02/2025 07:13,CN03,KH0025,SP03,2, Tại quán,7.9,
GD00613,16/02/2025 08:43,CN02,KH0358,SP03,1,Mang đi,8.4,Bình thường
GD00614,16/02/2025 08:57,CN02,KH0334,SP03,2,Tại quán,4.5,Tốt
GD00615,16/02/2025 09:05,CN01,KH0386,SP04,1,Mang đi,11.8,Rất tốt
GD00616,16/02/2025 10:29,CN04,KH0172,SP08,1,Mang đi,4.8,Tốt
GD00617,16/02/2025 12:14,CN02,KH0180,SP14,3,Mang đi,4.3,Rất tốt
GD00618,16/02/2025 12:18,CN01,,SP02,1,Tại quán,6.4,
GD00619,16/02/2025 13:04,CN03,KH0173,SP09,1,Tại quán,2.7,Tốt
GD00620,16/02/2025 15:10,CN02,,SP02,,Mang đi,4.1,Bình thường
GD00621,16/02/2025 15:28,CN01,KH0188,SP01,1,TẠI QUÁN,3.8,Rất tốt
GD00622,16/02/2025 15:29,CN02,KH0146,SP09,2,Tại quán,4.6,Tốt
GD00623,16/02/2025 15:29,CN04,,SP01,1,Mang đi  ,5.0,Rất tốt
GD00624,16/02/2025 16:32,CN03,KH0221,SP02,3,Tại quán,7.9,Rất tốt
GD00625,16/02/2025 17:13,CN04,KH0129,SP02,3,Tại quán,4.1,
GD00626,16/02/2025 17:43,CN02,,SP06,1,Mang di,3.1,
GD00627,16/02/2025 18:59,CN03,KH0174,SP02,4,Giao hàng,17.0,Bình thường
GD00628,16/02/2025 19:16,CN02,KH0089,SP08,3,Tại quán,2.9,Rất tốt
GD00629,17/02/2025 08:10,CN03,KH0002,SP04,1,Mang đi,3.2,Bình thường
GD00630,17/02/2025 09:35,CN02,,SP13,1,Tại quán,3.1,Rất tốt
GD00631,17/02/2025 10:51,CN04,KH0002,SP08,1,Giao hàng,15.2,Bình thường
GD00632,17/02/2025 13:21,CN03,KH0088,SP16,1,Mang đi,6.8,Bình thường
GD00633,17/02/2025 16:04,CN01,,SP13,2,Mang đi,1.9,Bình thường
GD00634,17/02/2025 16:09,CN01,KH0093,SP14,2,Mang đi,5.7,Rất tốt
GD00635,17/02/2025 17:19,CN02,KH0188,SP07,3,Tại quán,4.4,Rất tốt
GD00636,17/02/2025 17:40,CN02,KH0270,SP15,1,Tại quán,6.0,Tốt
GD00637,17/02/2025 18:54,CN03,,SP02,1,Tại quán,11.4,Tốt
GD00638,17/02/2025 21:42,CN01,KH0024,SP05,1,mang đi,4.4,Rất tốt
GD00639,18/02/2025 08:42,CN04,KH0158,SP04,1, Tại quán,4.4,Bình thường
GD00640,18/02/2025 08:54,CN02,KH0071,SP01,3,Tại quán,4.6,Bình thường
GD00640,18/02/2025 08:54,CN02,KH0071,SP01,3,Tại quán,4.6,Bình thường
GD00641,18/02/2025 10:03,CN03,KH0028,SP07,1,mang đi,4.6,
GD00642,18/02/2025 10:29,CN01,KH0091,SP14,1,Tại quán,15.5,Bình thường
GD00643,18/02/2025 12:16,CN01,KH0323,SP07,1,MANG ĐI,2.5,
GD00644,18/02/2025 13:07,CN02,,SP04,1,Tại quán,9.8,Tốt
GD00645,18/02/2025 13:42,CN01,KH0020,SP09,1,Mang đi,2.4,Rất tốt
GD00646,18/02/2025 13:47,CN04,KH0137,SP02,1,Giao hàng,20.3,Bình thường
GD00647,18/02/2025 14:46,CN03,KH0384,SP15,3,Giao hàng,22.0,Tệ
GD00648,18/02/2025 15:41,CN04,KH0370,SP12,2,Mang đi,5.5,Rất tốt
GD00649,18/02/2025 19:11,CN03,,SP12,4,Mang đi  ,2.4,Bình thường
GD00650,19/02/2025 08:12,CN02,,SP01,1,Tại quán,11.3,
GD00651,19/02/2025 08:35,CN02,,SP13,1,Mang đi,1.9,
GD00652,19/02/2025 08:59,CN02,KH0290,SP10,1,MANG ĐI,3.8,Tốt
GD00653,19/02/2025 13:10,CN04,KH0388,SP16,2,Mang đi,2.0,Tốt
GD00654,19/02/2025 13:23,CN03,KH0317,SP01,1,Tại quán,5.2,Tốt
GD00655,19/02/2025 14:00,CN03,KH0043,SP02,1,Mang đi,6.1,
GD00656,19/02/2025 15:13,CN02,KH0007,SP02,2,Mang đi,5.6,Rất tốt
GD00657,19/02/2025 16:27,CN03,KH0134,SP11,1,Tại quán,9.1,Bình thường
GD00658,19/02/2025 17:23,CN01,KH0055,SP12,1,Mang đi,3.4,Rất tốt
GD00659,19/02/2025 18:56,CN02,,SP05,2,Tại quán,5.7,Tốt
GD00660,19/02/2025 20:03,CN01,KH0246,SP01,3,Tại quán,6.4,Tốt
GD00661,20/02/2025 07:17,CN02,,SP12,2,Tại quán,2.7,Tốt
GD00662,20/02/2025 08:38,CN02,,SP11,1,Mang đi,3.4,Rất tốt
GD00663,20/02/2025 08:44,CN02,KH0417,SP02,2, Tại quán,6.7,
GD00664,20/02/2025 08:50,CN01,,SP06,1,Mang đi,6.4,Bình thường
GD00665,20/02/2025 09:43,CN03,KH0188,SP08,2,Tại quán,7.6,Tốt
GD00666,20/02/2025 12:05,CN03,KH0115,SP01,1,Tại quán,2.6,Tốt
GD00667,20/02/2025 14:12,CN03,KH0064,SP01,1,Tại quán,5.7,
GD00668,20/02/2025 14:23,CN03,KH0073,SP10,3,tại quán,2.1,Tốt
GD00669,20/02/2025 15:07,CN03,KH0039,SP04,1,Giao hàng,17.9,Bình thường
GD00670,20/02/2025 16:29,CN04,KH0229,SP12,3,Giao hàng,24.5,Bình thường
GD00671,20/02/2025 17:13,CN01,,SP14,2,Tại quán,4.1,Tốt
GD00672,20/02/2025 19:19,CN03,KH0002,SP03,1,Tại quán,2.6,Rất tốt
GD00673,21/02/2025 08:15,CN02,KH0326,SP06,3,Mang đi,7.0,Rất tốt
GD00674,21/02/2025 08:20,CN03,KH0369,SP04,1,TẠI QUÁN,2.6,Tốt
GD00675,21/02/2025 09:12,CN02,KH0174,SP03,2,Tại quán,8.3,Tốt
GD00676,21/02/2025 10:15,CN01,KH0382,SP13,1,Mang đi,2.9,Bình thường
GD00677,21/02/2025 10:49,CN02,,SP02,1,Giao hàng,20.3,Tệ
GD00678,21/02/2025 12:17,CN02,KH0045,SP06,2,Mang đi,10.5,Rất tốt
GD00679,21/02/2025 13:22,CN01,KH0136,SP14,1,Tại quán,7.8,
GD00680,21/02/2025 14:12,CN01,KH0262,SP01,2,Tại quán,4.9,Bình thường
GD00681,21/02/2025 15:33,CN01,KH0067,SP07,1,Giao hàng,32.2,Rất tệ
GD00682,21/02/2025 21:27,CN04,KH0036,SP04,2,Mang đi,3.8,
GD00683,22/02/2025 08:34,CN01,KH0182,SP03,2,Mang đi,1.8,Bình thường
GD00684,22/02/2025 08:44,CN02,KH0100,SP14,2,Tại quán,5.6,
GD00685,22/02/2025 08:45,CN02,KH0038,SP12,3,Tại quán,14.2,Bình thường
GD00686,22/02/2025 10:01,CN02,KH0036,SP07,1,Tại quán,4.4,Rất tốt
GD00687,22/02/2025 11:01,CN02,,SP16,1, Tại quán,10.6,
GD00688,22/02/2025 12:23,CN02,KH0164,SP01,2,TẠI QUÁN,4.5,Tốt
GD00689,22/02/2025 14:01,CN01,KH0142,SP02,1,Mang đi,1.8,Tốt
GD00690,22/02/2025 17:39,CN01,KH0291,SP07,1,Tại quán,3.2,Tốt
GD00691,22/02/2025 17:44,CN03,KH0242,SP10,1,Tại quán,9.9,Tốt
GD00692,22/02/2025 18:31,CN01,KH0276,SP03,1,Mang đi,4.4,Tốt
GD00693,22/02/2025 18:50,CN03,,SP12,3,Mang đi,3.3,Tốt
GD00694,22/02/2025 19:04,CN01,KH0364,SP08,2,Mang đi,2.4,Rất tốt
GD00695,22/02/2025 19:06,CN02,,SP07,3,Mang đi  ,4.9,
GD00696,22/02/2025 19:18,CN01,KH0165,SP14,1,Mang đi,4.6,Bình thường
GD00697,22/02/2025 19:35,CN04,KH0261,SP02,2,Tại quán,2.7,Rất tốt
GD00698,23/02/2025 07:31,CN04,,SP04,1,Giao hàng,23.0,Tệ
GD00699,23/02/2025 08:43,CN01,KH0160,SP08,2,Mang đi,2.6,Rất tốt
GD00700,23/02/2025 09:03,CN03,,SP16,1,Mang đi,6.0,Bình thường
GD00701,23/02/2025 09:10,CN01,KH0291,SP07,1,Tại quán,3.1,Rất tốt
GD00702,23/02/2025 11:21,CN02,KH0198,SP01,1,mang đi,4.9,Rất tốt
GD00703,23/02/2025 12:18,CN01,KH0137,SP04,2,Tại quán,2.3,Tốt
GD00704,23/02/2025 13:25,CN02,KH0294,SP02,2,Giao hàng,27.1,Bình thường
GD00705,23/02/2025 14:49,CN01,,SP03,2,Tại quán,11.8,Bình thường
GD00706,23/02/2025 15:02,CN01,KH0100,SP07,1,giao hàng,25.9,
GD00707,23/02/2025 16:35,CN03,KH0345,SP03,1,Tại quán,3.5,Bình thường
GD00708,23/02/2025 16:47,CN02,KH0338,SP13,2,Tại quán,6.8,Tốt
GD00709,23/02/2025 17:21,CN03,KH0396,SP06,1,Tại quán,7.2,Rất tốt
GD00710,24/02/2025 08:02,CN04,KH0010,SP18,3,Tại quán,1.8,Bình thường
GD00711,24/02/2025 08:33,CN01,KH0145,SP13,1,Giao hàng,22.7,Bình thường
GD00712,24/02/2025 08:36,CN01,,SP13,1,Tại quán,5.0,
GD00713,24/02/2025 09:00,CN02,,SP04,2,Mang đi,10.6,Tốt
GD00714,24/02/2025 09:16,CN02,,SP10,1,Mang đi,1.5,Bình thường
GD00715,24/02/2025 10:10,CN02,KH0179,SP05,2,mang đi,2.9,
GD00716,24/02/2025 10:59,CN01,KH0071,SP05,4,Mang đi,2.8,Bình thường
GD00717,24/02/2025 11:28,CN03,KH0179,SP02,2,Tại quán,13.7,Tốt
GD00718,24/02/2025 12:56,CN01,KH0081,SP12,1,Tại quán,3.7,Rất tốt
GD00719,24/02/2025 13:02,CN01,,SP01,,mang đi,4.9,Tốt
GD00720,24/02/2025 16:15,CN01,,SP02,1,Tại quán,11.6,Tốt
GD00721,24/02/2025 17:40,CN03,,SP10,2,Tại quán,3.7,Tốt
GD00722,24/02/2025 19:06,CN03,,SP03,1,Tại quán,6.8,Rất tốt
GD00723,24/02/2025 19:52,CN03,,SP04,1,Giao hàng,15.5,Tốt
GD00724,25/02/2025 08:47,CN01,KH0360,SP09,2,Mang đi,8.0,Tốt
GD00725,25/02/2025 14:03,CN01,KH0165,SP10,3,Tại quán,16.7,Bình thường
GD00726,25/02/2025 14:50,CN01,KH0279,SP09,2,Mang đi,5.4,Bình thường
GD00727,25/02/2025 16:34,CN01,KH0312,SP06,1,Mang đi,7.7,Rất tốt
GD00728,25/02/2025 17:06,CN01,KH0284,SP12,3,Tại quán,8.5,
GD00729,25/02/2025 18:24,CN04,KH0123,SP04,2,Mang đi,2.9,Bình thường
GD00730,25/02/2025 19:22,CN02,KH0231,SP14,2,Tại quán,16.5,Rất tốt
GD00731,25/02/2025 20:23,CN01,KH0110,SP12,3,Tại quán,6.6,
GD00732,25/02/2025 21:22,CN01,KH0366,SP07,1,Mang di,6.4,Tốt
GD00733,26/02/2025 07:13,CN02,KH0105,SP03,2,Tại quán,3.6,Rất tốt
GD00734,26/02/2025 07:53,CN04,KH0232,SP15,2,Giao hang,37.4,Bình thường
GD00735,26/02/2025 07:57,CN04,KH0277,SP07,1,Mang đi,1.9,Rất tốt
GD00736,26/02/2025 11:12,CN01,KH0097,SP10,1,Tại quán,5.5,Tốt
GD00737,26/02/2025 11:46,CN03,KH0229,SP10,2,Mang đi,4.8,
GD00738,26/02/2025 13:46,CN04,,SP06,1,Tại quán,4.4,
GD00739,26/02/2025 20:01,CN03,,SP16,2,Tại quán,4.6,
GD00740,27/02/2025 08:25,CN01,KH0080,SP02,1,Mang đi,7.4,Tốt
GD00741,27/02/2025 08:53,CN04,KH0090,SP15,2,Mang đi,5.6,
GD00742,27/02/2025 10:13,CN01,KH0227,SP15,2,Tại quán,5.9,Tốt
GD00743,27/02/2025 15:22,CN04,KH0306,SP09,3,Tại quán,5.7,Bình thường
GD00744,27/02/2025 15:46,CN02,KH0136,SP09,3,Mang đi,2.1,Tốt
GD00745,27/02/2025 15:50,CN02,KH0123,SP01,2,Tại quán,2.7,Bình thường
GD00746,27/02/2025 17:38,CN03,KH0184,SP01,2,Giao hàng,19.1,Tốt
GD00747,27/02/2025 18:48,CN03,KH0129,SP04,1,Tại quán,2.7,Rất tốt
GD00748,27/02/2025 19:24,CN04,KH0162,SP09,1,MANG ĐI,13.5,Bình thường
GD00749,27/02/2025 19:52,CN04,KH0375,SP07,3,Tại quán,3.5,Tốt
GD00750,27/02/2025 20:12,CN01,KH0071,SP13,5,Mang đi,5.1,Tốt
GD00751,27/02/2025 21:42,CN01,KH0381,SP14,3,Mang đi,8.7,Tốt
GD00752,28/02/2025 07:27,CN04,,SP11,2,Giao hàng,44.7,Tệ
GD00753,28/02/2025 11:02,CN01,KH0030,SP03,1,Tại quán,6.4,
GD00754,28/02/2025 13:16,CN01,,SP03,1,Mang đi,2.7,
GD00755,28/02/2025 13:37,CN04,,SP03,1,Tại quán,5.3,Rất tốt
GD00756,28/02/2025 14:30,CN04,KH0109,SP16,3,Tại quán,4.4,Bình thường
GD00757,28/02/2025 16:08,CN01,,SP06,1,Tai quan,3.9,Rất tốt
GD00758,28/02/2025 16:19,CN04,,SP03,1,Mang đi,3.1,
GD00759,28/02/2025 17:17,CN03,KH0135,SP05,5,Tại quán,7.3,Tốt
GD00760,28/02/2025 18:20,CN04,KH0331,SP06,1,mang đi,3.3,Tốt
GD00761,28/02/2025 18:51,CN01,KH0026,SP03,2,Mang đi,10.9,Tốt
GD00761,28/02/2025 18:51,CN01,KH0026,SP03,2,Mang đi,10.9,Tốt
GD00762,28/02/2025 19:08,CN01,KH0033,SP04,1,Mang đi,4.1,Rất tốt
GD00763,28/02/2025 19:34,CN04,KH0313,SP06,1,Mang đi,5.3,Bình thường
GD00764,28/02/2025 20:31,CN02,KH0114,SP01,1,Mang đi  ,2.1,
GD00765,01/03/2025 07:42,CN01,KH0186,SP08,2,Mang đi,1.5,Tốt
GD00766,01/03/2025 09:03,CN03,KH0335,SP02,1,Tại quán,14.1,
GD00767,01/03/2025 09:33,CN04,,SP15,4,Giao hàng,20.4,
GD00768,01/03/2025 11:50,CN03,KH0201,SP10,1,Tai quan,20.1,Tệ
GD00769,01/03/2025 11:55,CN01,KH0282,SP03,1,Tại quán,2.4,Rất tốt
GD00770,01/03/2025 12:10,CN03,KH0241,SP01,3,Tại quán,1.7,Rất tốt
GD00771,01/03/2025 12:43,CN03,KH0302,SP01,3,Giao hàng,34.1,
GD00772,01/03/2025 13:57,CN01,,SP02,1,Tại quán,9.5,Tốt
GD00773,01/03/2025 14:16,CN04,KH0310,SP09,1,Mang di,4.6,
GD00774,01/03/2025 14:58,CN01,,SP04,2,Tại quán,15.5,Rất tốt
GD00775,01/03/2025 15:21,CN03,KH0180,SP15,2,Tại quán,9.0,Rất tốt
GD00776,01/03/2025 16:30,CN02,KH0305,SP05,1,Mang đi,2.7,Bình thường
GD00777,01/03/2025 16:49,CN04,,SP01,2,Giao hàng,33.6,Rất tốt
GD00778,01/03/2025 17:15,CN02,KH0310,SP03,1,Tại quán,11.1,Tốt
GD00779,01/03/2025 17:56,CN04,KH0124,SP10,2,Giao hàng,16.2,Bình thường
GD00780,01/03/2025 17:59,CN01,KH0234,SP09,3,Tại quán,3.4,Bình thường
GD00781,01/03/2025 19:29,CN03,KH0320,SP01,2,Tại quán,3.6,Tốt
GD00782,02/03/2025 07:52,CN01,,SP01,2,Tại quán,3.0,Tốt
GD00783,02/03/2025 08:31,CN03,KH0191,SP01,1,Tại quán,2.5,Bình thường
GD00784,02/03/2025 10:03,CN02,KH0071,SP02,2,Tại quán,8.6,Rất tốt
GD00785,02/03/2025 10:45,CN02,KH0064,SP03,2,Tại quán,5.8,Bình thường
GD00786,02/03/2025 11:33,CN02,,SP06,2,Tại quán,8.3,Rất tốt
GD00787,02/03/2025 12:18,CN02,,SP02,2,Giao hàng,15.9,Bình thường
GD00788,02/03/2025 12:53,CN03,KH0080,SP07,2,Mang đi,2.7,Tốt
GD00789,02/03/2025 12:54,CN03,KH0325,SP15,2,Giao hàng,25.8,Rất tệ
GD00790,02/03/2025 13:02,CN01,KH0210,SP02,3,Giao hàng,23.6,Tốt
GD00791,02/03/2025 14:51,CN04,KH0097,SP09,2,Giao hàng,13.2,Tốt
GD00792,02/03/2025 16:17,CN04,KH0130,SP05,,Mang đi,3.7,Bình thường
GD00793,02/03/2025 16:20,CN03,,SP02,1,Tại quán,4.4,Tốt
GD00794,02/03/2025 17:46,CN04,KH0186,SP18,1,Mang đi,2.3,
GD00795,02/03/2025 18:22,CN01,KH0234,SP05,2,Mang đi,6.2,Rất tốt
GD00796,02/03/2025 18:33,CN04,,SP16,1,Tại quán,11.0,Bình thường
GD00797,03/03/2025 09:55,CN02,KH0218,SP11,3,TẠI QUÁN,8.7,Rất tốt
GD00798,03/03/2025 12:34,CN01,,SP10,2, Giao hàng,19.5,Bình thường
GD00799,03/03/2025 13:31,CN02,KH0163,SP03,1,Mang đi  ,5.3,Tốt
GD00800,03/03/2025 14:22,CN03,,SP07,2,Tại quán,9.4,
GD00801,03/03/2025 15:12,CN03,KH0392,SP01,3,Tại quán,9.0,
GD00802,03/03/2025 15:13,CN04,KH0336,SP09,2,Mang đi,4.0,Rất tốt
GD00803,03/03/2025 16:48,CN03,KH0297,SP07,1,Tại quán,2.6,
GD00804,03/03/2025 17:20,CN03,KH0296,SP09,3,Tại quán,9.9,
GD00805,03/03/2025 17:53,CN04,,SP08,1,Tai quan,7.2,Bình thường
GD00806,03/03/2025 18:00,CN03,KH0321,SP06,1,Giao hàng,37.1,Bình thường
GD00807,03/03/2025 18:19,CN01,KH0051,SP06,3,Mang đi,6.9,Tốt
GD00808,03/03/2025 18:47,CN03,,SP02,2,Giao hàng,43.2,Bình thường
GD00809,03/03/2025 19:02,CN04,KH0383,SP06,1,Mang đi,5.7,Rất tốt
GD00810,03/03/2025 19:28,CN02,KH0290,SP04,3,Mang đi  ,5.0,Rất tốt
GD00811,03/03/2025 19:30,CN01,KH0179,SP12,2,Tại quán,4.4,Tốt
GD00812,03/03/2025 21:13,CN01,,SP03,2,Tại quán,6.2,Rất tốt
GD00813,04/03/2025 07:06,CN01,KH0172,SP10,2,mang đi,9.3,Tốt
GD00814,04/03/2025 09:30,CN01,KH0041,SP06,1,TẠI QUÁN,9.3,Rất tệ
GD00815,04/03/2025 11:07,CN01,,SP08,1,Tại quán,1.2,
GD00816,04/03/2025 12:19,CN02,KH0376,SP06,3,Tai quan,9.6,Bình thường
GD00817,04/03/2025 13:08,CN03,KH0155,SP16,1,mang đi,4.3,Rất tốt
GD00818,04/03/2025 13:17,CN02,KH0311,SP10,2,Tại quán,4.9,Bình thường
GD00819,04/03/2025 13:40,CN03,,SP02,5, Giao hàng,14.9,Tốt
GD00820,04/03/2025 14:02,CN03,,SP03,1,Tại quán,10.8,
GD00821,04/03/2025 14:14,CN01,KH0140,SP02,1,Tại quán,5.9,
GD00822,04/03/2025 17:17,CN03,KH0180,SP11,2,Mang đi,4.1,Bình thường
GD00823,04/03/2025 18:14,CN01,,SP11,1,Tại quán,3.4,Tốt
GD00824,05/03/2025 07:03,CN02,KH0029,SP02,1,Tại quán,1.4,Bình thường
GD00825,05/03/2025 09:10,CN03,KH0308,SP09,120,TẠI QUÁN,2.5,Bình thường
GD00826,05/03/2025 09:35,CN02,KH0074,SP03,2,Giao hàng,31.7,Tệ
GD00827,05/03/2025 10:49,CN02,,SP10,1,Mang đi,1.7,Tốt
GD00828,05/03/2025 11:01,CN02,KH0070,SP02,3,Tại quán,4.3,Rất tốt
GD00829,05/03/2025 13:41,CN04,KH0154,SP15,2,Tại quán,2.2,
GD00830,05/03/2025 13:55,CN03,KH0353,SP11,2,Tại quán,4.3,Rất tốt
GD00831,05/03/2025 18:20,CN03,,SP02,2,Giao hàng,19.1,
GD00832,05/03/2025 19:16,CN03,KH0034,SP02,1,Mang đi,4.3,Tốt
GD00833,05/03/2025 19:41,CN03,KH0204,SP06,1,Giao hàng,16.8,Rất tốt
GD00834,06/03/2025 08:32,CN03,KH0416,SP06,1,Tại quán,7.2,Bình thường
GD00835,06/03/2025 08:34,CN03,KH0050,SP03,1,mang đi,5.1,Rất tốt
GD00836,06/03/2025 10:00,CN01,,SP08,1,Tại quán,4.9,
GD00837,06/03/2025 10:09,CN04,KH0047,SP18,2,MANG ĐI,4.4,Rất tốt
GD00838,06/03/2025 10:20,CN01,KH0187,SP13,1,Mang đi  ,4.9,Rất tốt
GD00839,06/03/2025 11:20,CN03,KH0390,SP16,1,Tại quán,4.4,
GD00840,06/03/2025 11:57,CN01,,SP02,2, Giao hàng,13.9,
GD00841,06/03/2025 14:41,CN02,KH0051,SP11,3,Mang đi,2.6,Rất tốt
GD00842,06/03/2025 14:55,CN01,KH0069,SP01,2,Mang đi,3.3,Tốt
GD00843,06/03/2025 16:44,CN03,,SP13,2,Giao hàng,22.2,Tệ
GD00844,06/03/2025 17:09,CN03,KH0223,SP14,1,Tại quán,3.9,
GD00845,06/03/2025 17:21,CN04,KH0224,SP03,1, Tại quán,3.1,Rất tốt
GD00846,06/03/2025 19:58,CN01,KH0146,SP14,3,TẠI QUÁN,2.5,Bình thường
GD00847,07/03/2025 09:36,CN03,,SP06,3,giao hàng,12.1,Bình thường
GD00848,07/03/2025 11:17,CN01,KH0046,SP03,1,Mang đi,11.0,Tệ
GD00849,07/03/2025 12:57,CN02,KH0313,SP01,1,Tại quán,6.3,Tốt
GD00850,07/03/2025 12:58,CN03,KH0158,SP01,2,Tại quán,5.6,Tốt
GD00851,07/03/2025 13:15,CN04,KH0312,SP14,1,Tại quán,4.4,Tốt
GD00852,07/03/2025 13:58,CN01,KH0389,SP08,2,Mang đi,3.5,Rất tốt
GD00853,07/03/2025 16:32,CN02,KH0409,SP14,2,Tại quán,3.8,Tốt
GD00854,07/03/2025 16:51,CN01,,SP03,2,Mang đi,1.8,
GD00855,07/03/2025 18:28,CN02,,SP13,1,Tại quán,4.3,Rất tốt
GD00856,07/03/2025 18:51,CN01,KH0133,SP01,1,Tại quán,10.4,Tốt
GD00857,07/03/2025 19:04,CN01,KH0225,SP05,3, Tại quán,5.0,Tốt
GD00858,07/03/2025 19:12,CN04,KH0160,SP01,1,Tại quán,3.3,Tốt
GD00859,07/03/2025 20:06,CN01,KH0084,SP04,1,mang đi,2.9,Bình thường
GD00860,07/03/2025 21:03,CN01,KH0282,SP09,2,Tại quán,2.2,Tốt
GD00861,08/03/2025 07:12,CN02,KH0025,SP14,3,Mang đi,9.8,
GD00862,08/03/2025 08:02,CN04,KH0121,SP04,5,Mang đi,5.3,Rất tốt
GD00863,08/03/2025 08:05,CN02,KH0318,SP01,2,Tại quán,4.0,Tốt
GD00864,08/03/2025 08:40,CN04,,SP05,1,Mang đi,9.8,Tốt
GD00865,08/03/2025 08:49,CN02,KH0216,SP05,1, Tại quán,-2.5,Rất tốt
GD00866,08/03/2025 08:56,CN02,KH0267,SP04,2,Tại quán,6.8,Rất tốt
GD00867,08/03/2025 09:00,CN04,,SP13,2,Mang đi,2.5,Tốt
GD00868,08/03/2025 10:33,CN02,,SP14,1,Mang đi,5.8,
GD00869,08/03/2025 10:51,CN01,,SP12,1,mang đi,3.4,Tệ
GD00870,08/03/2025 12:41,CN02,KH0378,SP07,1,mang đi,4.1,Tốt
GD00871,08/03/2025 13:13,CN01,KH0148,SP01,1,Tại quán,4.7,Rất tốt
GD00871,08/03/2025 13:13,CN01,KH0148,SP01,1,Tại quán,4.7,Rất tốt
GD00872,08/03/2025 15:13,CN01,KH0241,SP11,1,Mang đi,3.8,Bình thường
GD00873,08/03/2025 15:19,CN01,KH0239,SP15,3,Tại quán,4.1,Tốt
GD00874,08/03/2025 15:52,CN01,,SP07,1,Mang đi,3.9,Tốt
GD00875,08/03/2025 16:37,CN01,KH0233,SP10,1,Mang đi,5.0,Tốt
GD00876,08/03/2025 18:23,CN03,,SP02,1,Tại quán,1.9,Rất tốt
GD00877,08/03/2025 18:35,CN03,,SP13,2,Mang đi,3.6,Tốt
GD00878,08/03/2025 18:54,CN04,KH0391,SP18,1,Giao hàng,22.3,
GD00879,08/03/2025 18:56,CN01,,SP02,,Giao hàng,32.9,Tệ
GD00880,08/03/2025 19:01,CN01,,SP02,1,Tại quán,2.5,
GD00881,08/03/2025 19:37,CN02,,SP09,,Mang đi,3.1,Tốt
GD00882,08/03/2025 19:41,CN04,KH0238,SP06,3,Tại quán,2.4,Bình thường
GD00883,08/03/2025 19:58,CN01,KH0081,SP10,1,Giao hàng,30.3,Bình thường
GD00884,08/03/2025 20:45,CN02,,SP07,1,Mang đi,5.2,
GD00885,08/03/2025 21:08,CN01,,SP12,2,Tại quán,5.8,Tốt
GD00886,09/03/2025 07:32,CN04,KH0382,SP13,2,Tại quán,7.5,Tốt
GD00887,09/03/2025 07:51,CN03,KH0456,SP02,2, Tại quán,5.3,
GD00888,09/03/2025 08:29,CN02,KH0443,SP10,2,Mang đi,3.7,Bình thường
GD00889,09/03/2025 09:06,CN02,KH0265,SP03,1,Mang đi,14.0,Rất tốt
GD00890,09/03/2025 09:24,CN04,KH0225,SP09,1,Mang đi,4.6,
GD00891,09/03/2025 12:23,CN04,KH0010,SP03,2,GIAO HÀNG,24.1,Bình thường
GD00892,09/03/2025 13:34,CN03,KH0142,SP06,1,Tại quán,3.1,Bình thường
GD00893,09/03/2025 13:56,CN03,,SP16,2,Giao hàng,17.0,Bình thường
GD00894,09/03/2025 16:14,CN04,,SP11,1,Tại quán,9.2,Bình thường
GD00895,09/03/2025 18:20,CN04,,SP11,2,Giao hàng,12.5,Bình thường
GD00896,10/03/2025 07:31,CN01,KH0178,SP01,1,Mang đi,5.2,Rất tốt
GD00897,10/03/2025 07:56,CN04,,SP06,1,Mang đi,5.7,Tốt
GD00897,10/03/2025 07:56,CN04,,SP06,1,Mang đi,5.7,Tốt
GD00898,10/03/2025 09:44,CN03,,SP05,1,Mang đi  ,3.1,
GD00899,10/03/2025 10:37,CN03,KH0137,SP12,1,Tại quán,10.9,Rất tốt
GD00900,10/03/2025 12:28,CN03,KH0400,SP12,,Mang đi,5.4,
GD00901,10/03/2025 14:40,CN04,KH0002,SP01,999,MANG ĐI,3.2,Bình thường
GD00902,10/03/2025 17:45,CN03,,SP04,1,Tại quán,3.7,Bình thường
GD00903,10/03/2025 19:42,CN03,KH0270,SP08,1,Tại quán,2.9,Rất tốt
GD00904,10/03/2025 19:45,CN04,,SP08,1, Tại quán,5.0,Tốt
GD00905,11/03/2025 07:31,CN01,KH0198,SP04,4,Giao hàng,18.4,Bình thường
GD00906,11/03/2025 09:22,CN02,KH0247,SP02,4,Giao hàng,22.6,Bình thường
GD00907,11/03/2025 09:25,CN03,,SP09,2,Tại quán,13.1,Rất tốt
GD00908,11/03/2025 09:48,CN01,KH0400,SP13,1, Giao hàng,14.8,Bình thường
GD00909,11/03/2025 13:48,CN01,,SP05,3,Mang đi,4.1,Bình thường
GD00910,11/03/2025 13:51,CN02,KH0014,SP04,4,mang đi,2.2,Bình thường
GD00911,11/03/2025 14:33,CN03,KH0058,SP01,1,Tại quán,3.4,
GD00912,11/03/2025 15:55,CN03,KH0257,SP05,3,Giao hàng,15.8,
GD00913,11/03/2025 16:28,CN03,KH0041,SP01,2,Mang đi,2.3,Rất tốt
GD00914,11/03/2025 17:09,CN04,KH0169,SP14,3,Tại quán,11.7,Bình thường
GD00915,11/03/2025 18:03,CN03,KH0302,SP15,2,MANG ĐI,3.3,Tốt
GD00916,11/03/2025 20:57,CN03,,SP02,,Mang đi,3.2,Tốt
GD00917,12/03/2025 07:36,CN01,KH0060,SP12,2,Tại quán,6.3,Rất tốt
GD00918,12/03/2025 08:46,CN04,,SP02,1,tại quán,4.0,Tốt
GD00919,12/03/2025 10:48,CN01,KH0092,SP03,2,Giao hàng,19.6,Bình thường
GD00920,12/03/2025 13:23,CN03,,SP07,2,Tại quán,9.1,Tốt
GD00921,12/03/2025 14:13,CN01,KH0087,SP07,999,Giao hàng,15.4,
GD00922,12/03/2025 18:11,CN03,,SP03,3,Giao hàng,31.1,
GD00923,12/03/2025 18:48,CN04,,SP09,2,Tại quán,5.2,Tốt
GD00924,12/03/2025 18:57,CN04,KH0239,SP09,1,Mang đi,3.2,
GD00925,13/03/2025 08:38,CN01,,SP06,1,Tại quán,3.4,Bình thường
GD00926,13/03/2025 10:04,CN03,KH0107,SP01,1,Tại quán,3.7,Tốt
GD00927,13/03/2025 12:33,CN01,KH0087,SP11,1,Giao hàng,19.3,Bình thường
GD00927,13/03/2025 12:33,CN01,KH0087,SP11,1,Giao hàng,19.3,Bình thường
GD00928,13/03/2025 13:09,CN04,KH0334,SP11,3,MANG ĐI,4.1,Tốt
GD00929,13/03/2025 15:58,CN04,KH0312,SP09,1,Tại quán,5.6,Bình thường
GD00930,13/03/2025 17:56,CN04,,SP04,1,Tại quán,6.8,Rất tốt
GD00931,13/03/2025 19:14,CN03,,SP10,1,Tại quán,5.9,
GD00932,13/03/2025 20:37,CN02,,SP04,2,Tại quán,4.5,Tốt
GD00933,14/03/2025 08:04,CN01,KH0322,SP05,1,Tại quán,4.5,Rất tốt
GD00934,14/03/2025 08:34,CN01,KH0199,SP06,,Mang đi,3.9,Bình thường
GD00935,14/03/2025 09:25,CN01,KH0164,SP18,1,Mang đi,3.7,Tốt
GD00936,14/03/2025 11:05,CN01,KH0441,SP01,2,Mang đi,7.9,
GD00937,14/03/2025 12:06,CN02,KH0079,SP02,1,Tại quán,2.9,Bình thường
GD00938,14/03/2025 14:55,CN03,KH0449,SP07,3,Giao hàng,27.7,Bình thường
GD00939,14/03/2025 15:56,CN03,KH0056,SP02,1,Tại quán,4.8,Tốt
GD00940,14/03/2025 16:09,CN04,,SP01,2,Mang đi,2.9,Rất tốt
GD00941,14/03/2025 18:02,CN03,,SP02,2,Tại quán,4.4,Bình thường
GD00942,14/03/2025 18:29,CN03,KH0179,SP14,1,Giao hàng,16.4,Bình thường
GD00943,14/03/2025 18:58,CN03,KH0252,SP01,2,Tai quan,7.1,Tốt
GD00944,14/03/2025 19:32,CN01,KH0188,SP09,1,Tại quán,5.9,
GD00945,15/03/2025 07:10,CN03,KH0337,SP13,1,Mang đi,3.2,Tốt
GD00946,15/03/2025 07:15,CN04,,SP02,1,Mang đi,7.1,Rất tốt
GD00947,15/03/2025 07:44,CN04,KH0143,SP06,2,Mang đi,3.4,
GD00948,15/03/2025 07:58,CN01,,SP05,2,Tại quán,6.6,Tốt
GD00949,15/03/2025 08:21,CN03,KH0340,SP03,2, Giao hàng,36.4,
GD00950,15/03/2025 08:23,CN01,,SP06,3,Mang đi,3.9,Tốt
GD00951,15/03/2025 08:42,CN02,KH0159,SP03,3,Tại quán,6.2,Tốt
GD00952,15/03/2025 08:45,CN03,KH0083,SP14,1,Tại quán,4.6,Rất tốt
GD00953,15/03/2025 09:18,CN04,KH0395,SP03,1,Tại quán,15.7,Bình thường
GD00954,15/03/2025 09:27,CN04,KH0298,SP15,1,Tại quán,7.2,
GD00955,15/03/2025 09:33,CN01,KH0085,SP16,1,Tại quán,6.2,Tốt
GD00956,15/03/2025 09:44,CN04,KH0132,SP06,1,Mang đi,4.4,Tốt
GD00957,15/03/2025 10:41,CN04,KH0241,SP03,1,Mang đi,3.5,Tốt
GD00958,15/03/2025 11:56,CN04,KH0395,SP08,1,Tại quán,5.0,Tốt
GD00959,15/03/2025 12:26,CN01,KH0225,SP01,4,Giao hàng,20.3,Bình thường
GD00960,15/03/2025 13:39,CN03,KH0157,SP13,2,Tại quán,7.5,Rất tốt
GD00961,15/03/2025 13:50,CN03,KH0205,SP15,1,Tại quán,3.2,
GD00962,15/03/2025 14:51,CN03,KH0259,SP09,2,Giao hàng,13.6,Bình thường
GD00963,15/03/2025 15:36,CN01,,SP07,1,Tại quán,4.5,Rất tốt
GD00964,15/03/2025 16:12,CN02,KH0099,SP06,2,Mang đi,9.6,
GD00965,15/03/2025 17:40,CN04,KH0083,SP10,2,Tại quán,4.1,
GD00966,15/03/2025 18:05,CN01,KH0283,SP12,1,Giao hàng,27.6,Tệ
GD00966,15/03/2025 18:05,CN01,KH0283,SP12,1,Giao hàng,27.6,Tệ
GD00967,15/03/2025 18:14,CN01,KH0332,SP02,1,Mang đi,2.6,Tốt
GD00968,15/03/2025 18:52,CN01,KH0172,SP07,1,Mang đi,4.9,Tốt
GD00969,15/03/2025 20:08,CN03,KH0336,SP02,6,Giao hàng,-4.0,Rất tốt
GD00970,16/03/2025 08:12,CN04,KH0133,SP13,2,Giao hàng,18.9,Bình thường
GD00971,16/03/2025 09:14,CN01,,SP16,2,Tại quán,6.4,Tốt
GD00972,16/03/2025 10:25,CN02,KH0210,SP09,2,Mang đi,2.3,Rất tốt
GD00973,16/03/2025 11:23,CN01,KH0065,SP14,1,Mang đi,3.2,Rất tốt
GD00974,16/03/2025 12:29,CN01,KH0066,SP06,2,Tại quán,5.4,
GD00975,16/03/2025 15:17,CN01,KH0340,SP13,1,Tại quán,4.2,Rất tốt
GD00976,16/03/2025 15:26,CN04,KH0224,SP04,1,Mang đi,7.4,Tốt
GD00977,16/03/2025 16:34,CN01,KH0176,SP04,1,Tại quán,5.1,
GD00978,16/03/2025 16:51,CN03,,SP08,,giao hàng,43.0,Tệ
GD00979,16/03/2025 16:58,CN04,KH0224,SP10,2,Mang đi,10.4,
GD00980,16/03/2025 18:00,CN02,,SP14,1,Tại quán,10.4,Tốt
GD00981,16/03/2025 18:14,CN01,KH0115,SP02,2,Tại quán,3.3,Tốt
GD00982,17/03/2025 08:03,CN04,,SP13,1,Tại quán,5.4,
GD00983,17/03/2025 10:05,CN04,,SP02,1,Giao hàng,21.2,Rất tốt
GD00984,17/03/2025 12:48,CN01,KH0294,SP14,2,Tại quán,4.6,
GD00985,17/03/2025 13:04,CN02,KH0170,SP02,2,Giao hàng,32.2,Bình thường
GD00986,17/03/2025 15:28,CN04,,SP02,2,Tại quán,1.0,
GD00987,17/03/2025 15:41,CN01,KH0161,SP11,1,Mang đi,2.7,Tệ
GD00988,17/03/2025 18:08,CN02,KH0049,SP10,1,Mang đi,12.4,Tốt
GD00989,17/03/2025 19:52,CN03,KH0103,SP15,2,mang đi,10.6,Tốt
GD00990,17/03/2025 20:34,CN01,KH0127,SP01,1,Giao hàng,19.8,Bình thường
GD00991,18/03/2025 08:18,CN04,KH0367,SP04,1,Tại quán,4.9,Tốt
GD00992,18/03/2025 08:42,CN03,KH0379,SP04,1,Giao hàng,34.9,Bình thường
GD00993,18/03/2025 08:49,CN04,KH0252,SP01,1,Mang đi  ,2.6,Tốt
GD00994,18/03/2025 09:24,CN03,KH0103,SP06,3,Tại quán,3.3,
GD00995,18/03/2025 09:53,CN02,KH0224,SP09,2,Tại quán,7.5,Tốt
GD00996,18/03/2025 10:02,CN01,,SP18,1,Mang đi,3.7,
GD00997,18/03/2025 12:21,CN03,,SP07,1,MANG ĐI,4.0,Tốt
GD00998,18/03/2025 12:49,CN02,KH0078,SP11,1,Giao hàng,18.3,Bình thường
GD00999,18/03/2025 12:49,CN02,KH0131,SP06,1,MANG ĐI,8.7,Bình thường
GD01000,18/03/2025 15:17,CN01,KH0054,SP01,2,Tại quán,4.4,Bình thường
GD01001,18/03/2025 17:08,CN03,KH0043,SP03,1,Giao hàng,26.6,Tốt
GD01002,18/03/2025 18:40,CN04,KH0397,SP01,4,mang đi,5.6,
GD01003,19/03/2025 07:39,CN04,KH0082,SP03,1,Mang đi,5.3,Rất tốt
GD01004,19/03/2025 08:09,CN03,KH0184,SP01,1,Tại quán,7.4,Tốt
GD01005,19/03/2025 09:55,CN01,KH0252,SP12,1,Mang đi,2.2,
GD01006,19/03/2025 10:47,CN04,KH0296,SP09,1,Mang đi,3.6,Tốt
GD01007,19/03/2025 11:50,CN01,,SP02,1,mang đi,5.1,
GD01008,19/03/2025 12:19,CN02,KH0308,SP02,1,Tại quán,6.0,Rất tốt
GD01009,19/03/2025 13:07,CN02,KH0044,SP13,1,Mang đi,3.7,Tốt
GD01010,19/03/2025 13:15,CN03,,SP14,1,Tại quán,14.0,Tốt
GD01011,19/03/2025 15:55,CN02,KH0008,SP09,4,giao hàng,29.2,Bình thường
GD01012,19/03/2025 16:21,CN02,,SP10,1,Tại quán,6.7,Rất tốt
GD01013,19/03/2025 18:22,CN03,,SP14,1,Tại quán,12.3,Bình thường
GD01014,19/03/2025 18:52,CN02,KH0382,SP07,1,Tại quán,5.2,
GD01015,19/03/2025 21:50,CN01,,SP01,2,Tại quán,11.5,Tệ
GD01016,20/03/2025 07:05,CN01,KH0354,SP05,1,Tại quán,5.2,Rất tốt
GD01017,20/03/2025 09:18,CN01,,SP07,1,Tại quán,4.5,Tốt
GD01018,20/03/2025 09:20,CN04,,SP13,4,Giao hàng,19.3,Tốt
GD01019,20/03/2025 09:51,CN01,KH0389,SP06,2,Mang đi,11.3,Tốt
GD01020,20/03/2025 10:08,CN04,KH0284,SP12,3,Giao hàng,33.8,Bình thường
GD01021,20/03/2025 10:21,CN03,KH0069,SP16,2, Tại quán,7.3,Rất tốt
GD01022,20/03/2025 12:26,CN03,KH0299,SP02,2,Tại quán,5.4,Tệ
GD01023,20/03/2025 12:27,CN01,KH0211,SP03,1,Mang đi,4.7,Tốt
GD01024,20/03/2025 13:15,CN01,,SP04,1,Mang đi  ,5.4,Tốt
GD01025,20/03/2025 13:42,CN02,KH0374,SP10,2,Giao hàng,29.8,Tốt
GD01026,20/03/2025 15:00,CN01,KH0175,SP12,3,Mang đi,3.1,Tốt
GD01027,20/03/2025 16:10,CN04,KH0287,SP09,1,Tại quán,2.9,Rất tốt
GD01028,20/03/2025 16:16,CN03,KH0115,SP01,1,Tại quán,4.4,Tốt
GD01029,20/03/2025 16:24,CN01,KH0071,SP01,2,Giao hàng,44.9,
GD01030,20/03/2025 16:48,CN02,KH0175,SP11,2,Giao hang,47.1,Rất tệ
GD01031,20/03/2025 17:30,CN03,,SP08,2,mang đi,2.7,Rất tốt
GD01032,20/03/2025 17:39,CN03,KH0007,SP11,3,Mang đi,2.4,Tốt
GD01033,20/03/2025 17:58,CN03,KH0302,SP04,3,Mang đi,1.7,
GD01034,20/03/2025 18:02,CN04,,SP07,1,Mang đi,3.0,
GD01035,20/03/2025 18:05,CN01,,SP09,1,Mang đi,6.0,Bình thường
GD01036,20/03/2025 19:09,CN04,,SP02,2,Tại quán,5.1,Tốt
GD01037,21/03/2025 07:31,CN03,KH0124,SP13,1,Mang đi,3.7,Rất tốt
GD01038,21/03/2025 08:34,CN04,KH0405,SP03,1,mang đi,2.4,Tốt
GD01039,21/03/2025 09:24,CN01,KH0136,SP06,2,Tại quán,3.2,Rất tốt
GD01040,21/03/2025 12:08,CN01,KH0399,SP12,2,Tại quán,2.7,
GD01041,21/03/2025 12:24,CN04,,SP03,1,Tại quán,5.7,
GD01042,21/03/2025 13:44,CN03,KH0264,SP02,1,Giao hang,26.0,Rất tốt
GD01043,21/03/2025 16:41,CN01,KH0140,SP05,2,Tại quán,2.9,Rất tốt
GD01044,21/03/2025 19:29,CN02,KH0162,SP01,2,Giao hàng,36.6,Tệ
GD01045,21/03/2025 21:29,CN03,,SP07,1,Tại quán,9.4,Tốt
GD01046,21/03/2025 21:47,CN03,,SP01,1,Mang đi,9.8,
GD01047,22/03/2025 07:00,CN03,,SP09,1,Tại quán,6.9,Tốt
GD01048,22/03/2025 09:02,CN04,KH0372,SP09,1,Mang đi,2.9,Tốt
GD01049,22/03/2025 09:52,CN04,KH0173,SP01,1, Tại quán,2.6,Bình thường
GD01050,22/03/2025 10:49,CN03,,SP13,1,Tại quán,9.2,Rất tốt
GD01051,22/03/2025 10:50,CN04,KH0118,SP05,2,Giao hàng,24.7,
GD01052,22/03/2025 13:38,CN03,KH0129,SP03,1,Giao hàng,29.0,
GD01053,22/03/2025 13:53,CN03,KH0209,SP10,1,Tại quán,5.9,Rất tốt
GD01054,22/03/2025 15:35,CN01,KH0286,SP04,2,Tai quan,5.1,
GD01055,22/03/2025 16:49,CN03,,SP03,1,TẠI QUÁN,4.7,Tốt
GD01056,22/03/2025 16:50,CN03,KH0300,SP02,2,Mang đi,5.0,Rất tốt
GD01057,22/03/2025 16:56,CN01,,SP01,1,Tại quán,5.3,
GD01058,22/03/2025 17:49,CN03,KH0365,SP09,1,Tại quán,6.6,Bình thường
GD01059,23/03/2025 07:14,CN03,KH0052,SP10,1,Mang đi,2.5,Tốt
GD01060,23/03/2025 07:21,CN04,KH0091,SP08,2, Tại quán,5.2,Bình thường
GD01061,23/03/2025 07:31,CN03,KH0023,SP12,1,Mang đi,2.8,Bình thường
GD01062,23/03/2025 08:03,CN04,KH0261,SP13,1,Mang đi,3.8,Rất tốt
GD01063,23/03/2025 08:04,CN01,KH0160,SP13,,Mang đi  ,3.8,Rất tốt
GD01064,23/03/2025 08:30,CN04,KH0086,SP16,2,Mang di,4.9,Rất tốt
GD01065,23/03/2025 09:04,CN01,,SP05,1,Tại quán,9.8,Tốt
GD01066,23/03/2025 10:09,CN02,KH0162,SP12,5,Mang đi,4.3,Tốt
GD01067,23/03/2025 12:05,CN01,KH0078,SP09,1,Mang đi,3.7,Bình thường
GD01068,23/03/2025 12:14,CN01,KH0224,SP02,2,Tại quán,6.0,Tốt
GD01069,23/03/2025 12:54,CN01,KH0100,SP01,2,Tai quan,4.7,Bình thường
GD01070,23/03/2025 13:34,CN03,,SP03,1,Mang đi,5.4,Rất tốt
GD01071,23/03/2025 13:34,CN02,KH0275,SP07,2,Giao hàng,9.7,Rất tốt
GD01072,23/03/2025 13:54,CN03,KH0397,SP09,3,mang đi,3.3,
GD01073,23/03/2025 16:47,CN03,KH0162,SP11,2,Tại quán,7.0,
GD01074,23/03/2025 18:25,CN01,KH0061,SP15,2,Tại quán,9.7,Bình thường
GD01075,23/03/2025 18:45,CN04,KH0002,SP12,3,Giao hàng,45.7,Tốt
GD01076,24/03/2025 08:57,CN01,,SP01,3,Giao hàng,27.6,Bình thường
GD01077,24/03/2025 09:04,CN03,KH0396,SP14,2,Tại quán,4.3,Bình thường
GD01078,24/03/2025 09:46,CN04,KH0137,SP01,1,Giao hàng,13.5,Rất tệ
GD01079,24/03/2025 12:11,CN01,,SP02,2,Tại quán,8.7,
GD01080,24/03/2025 13:10,CN04,,SP04,1,Tại quán,8.8,Tốt
GD01081,24/03/2025 13:27,CN04,KH0158,SP05,2,Tại quán,5.1,Rất tốt
GD01082,24/03/2025 13:31,CN03,KH0149,SP05,1,Tại quán,4.1,Tốt
GD01083,24/03/2025 15:25,CN04,,SP18,2,Tại quán,2.1,Tốt
GD01084,24/03/2025 16:01,CN04,KH0103,SP13,1,Tại quán,6.2,Rất tốt
GD01085,24/03/2025 17:19,CN01,KH0280,SP06,2,Tại quán,3.8,Tốt
GD01086,24/03/2025 18:04,CN04,KH0072,SP01,3,Mang đi,3.5,Bình thường
GD01087,24/03/2025 18:18,CN01,,SP06,3,Tại quán,7.7,
GD01088,25/03/2025 09:26,CN01,KH0033,SP12,3,Mang đi,9.0,Tốt
GD01089,25/03/2025 09:35,CN01,,SP02,1,Tại quán,8.6,Bình thường
GD01090,25/03/2025 10:05,CN03,KH0015,SP01,3, Giao hàng,18.2,Tốt
GD01091,25/03/2025 11:18,CN01,KH0169,SP04,,Mang đi,4.2,Rất tốt
GD01092,25/03/2025 11:43,CN02,KH0153,SP15,2,Mang đi,4.8,Tệ
GD01093,25/03/2025 12:26,CN01,KH0299,SP13,1,Tại quán,7.2,Rất tốt
GD01094,25/03/2025 12:53,CN03,KH0035,SP10,4,Mang đi,3.7,
GD01095,25/03/2025 15:06,CN03,KH0365,SP10,3,Mang đi,5.5,Rất tốt
GD01096,25/03/2025 15:25,CN03,,SP06,2,Mang di,5.1,Bình thường
GD01097,25/03/2025 16:19,CN03,KH0266,SP06,1,Mang đi,1.9,Tốt
GD01098,25/03/2025 17:11,CN01,,SP06,3,Tại quán,5.1,Tốt
GD01099,25/03/2025 19:08,CN02,KH0256,SP14,1, Tại quán,2.8,Rất tốt
GD01100,25/03/2025 20:32,CN03,,SP16,1,Tại quán,3.5,
GD01101,26/03/2025 07:09,CN03,KH0198,SP02,3,Giao hang,24.7,Bình thường
GD01102,26/03/2025 07:10,CN03,KH0178,SP03,1,Tại quán,9.7,Rất tốt
GD01103,26/03/2025 08:17,CN04,,SP03,1,Mang đi,5.2,Bình thường
GD01104,26/03/2025 09:44,CN03,,SP09,5,Giao hàng,28.9,Tốt
GD01105,26/03/2025 10:55,CN04,,SP07,1,Mang đi,3.7,Tốt
GD01106,26/03/2025 13:48,CN02,KH0058,SP02,1,Tại quán,7.0,Bình thường
GD01107,26/03/2025 14:20,CN02,,SP03,1,Tại quán,8.3,Bình thường
GD01108,26/03/2025 15:20,CN01,,SP09,3,MANG ĐI,7.8,
GD01109,26/03/2025 18:32,CN02,KH0153,SP04,2,Giao hàng,25.1,Tốt
GD01110,26/03/2025 19:16,CN01,,SP12,2,Tại quán,5.6,Rất tốt
GD01111,26/03/2025 19:43,CN02,KH0362,SP11,1,Mang di,3.2,Bình thường
GD01112,26/03/2025 19:54,CN01,KH0366,SP06,1,Mang đi,5.2,Bình thường
GD01113,26/03/2025 21:01,CN01,KH0286,SP01,2,Giao hàng,22.6,Tốt
GD01114,27/03/2025 08:13,CN02,,SP06,2,Giao hàng,30.1,Bình thường
GD01115,27/03/2025 08:36,CN03,KH0098,SP05,1,Mang đi,10.5,Tốt
GD01116,27/03/2025 08:43,CN04,,SP07,2,Mang đi,6.0,Tệ
GD01117,27/03/2025 08:55,CN04,,SP07,2,Tại quán,7.0,Bình thường
GD01118,27/03/2025 09:28,CN03,KH0377,SP02,3,Mang đi,2.9,Rất tốt
GD01119,27/03/2025 09:29,CN03,KH0362,SP02,2,Mang đi,2.8,Rất tốt
GD01120,27/03/2025 12:15,CN04,KH0190,SP02,1,Mang đi,3.3,
GD01121,27/03/2025 13:12,CN03,KH0394,SP12,3,Giao hàng,26.1,Bình thường
GD01122,27/03/2025 13:53,CN01,KH0255,SP08,5,Giao hàng,18.3,Bình thường
GD01123,27/03/2025 15:57,CN02,KH0011,SP06,3,Mang đi,6.5,Tốt
GD01124,27/03/2025 17:42,CN03,KH0099,SP07,1,Giao hàng,16.4,
GD01125,27/03/2025 18:32,CN02,,SP02,2,Giao hàng,16.6,Tốt
GD01126,27/03/2025 18:42,CN03,KH0273,SP09,1,Tại quán,8.0,Rất tốt
GD01127,27/03/2025 18:54,CN04,KH0221,SP05,2, Giao hàng,10.7,Bình thường
GD01128,27/03/2025 20:55,CN02,KH0114,SP01,2,Mang đi,2.3,Rất tốt
GD01129,28/03/2025 09:49,CN01,KH0338,SP07,2,Tại quán,5.1,
GD01130,28/03/2025 11:44,CN02,,SP02,1,TẠI QUÁN,6.3,Tốt
GD01131,28/03/2025 13:49,CN01,KH0017,SP01,,Tại quán,7.4,Tốt
GD01132,28/03/2025 14:14,CN01,KH0360,SP04,1,Tại quán,6.4,Tốt
GD01133,28/03/2025 17:02,CN03,KH0389,SP05,2,Tại quán,4.8,
GD01134,28/03/2025 17:04,CN03,KH0214,SP02,2,Giao hàng,22.4,
GD01135,29/03/2025 08:13,CN02,,SP14,1,Tại quán,4.9,Rất tốt
GD01136,29/03/2025 08:40,CN03,,SP08,1,tại quán,7.7,Tốt
GD01137,29/03/2025 10:02,CN04,KH0112,SP03,2,MANG ĐI,4.0,Rất tốt
GD01138,29/03/2025 10:11,CN04,,SP10,2,Tại quán,5.1,Rất tốt
GD01139,29/03/2025 10:23,CN03,KH0256,SP06,1,Tại quán,5.6,Rất tốt
GD01140,29/03/2025 11:34,CN02,,SP16,1,Mang đi,5.7,Tốt
GD01141,29/03/2025 13:39,CN03,KH0267,SP02,2,Mang đi,5.7,
GD01142,29/03/2025 14:01,CN03,KH0046,SP09,1, Tại quán,3.2,
GD01143,29/03/2025 14:03,CN01,,SP09,2,Giao hàng,28.2,Tệ
GD01144,29/03/2025 14:45,CN03,,SP10,1,Tai quan,7.0,
GD01145,29/03/2025 14:55,CN03,,SP01,1,Mang đi,3.8,
GD01146,29/03/2025 15:06,CN03,,SP15,2,TẠI QUÁN,4.9,
GD01147,29/03/2025 15:08,CN03,KH0255,SP05,100,Giao hàng,13.7,
GD01148,29/03/2025 16:35,CN04,KH0017,SP06,2,tại quán,2.6,Rất tốt
GD01149,29/03/2025 17:14,CN01,,SP03,1,Mang đi,3.8,Rất tốt
GD01150,29/03/2025 18:06,CN01,KH0047,SP15,1,Mang đi,4.6,Tốt
GD01151,29/03/2025 20:03,CN02,,SP07,2,Tại quán,5.1,Rất tốt
GD01152,29/03/2025 21:22,CN03,KH0173,SP03,1,Tại quán,11.0,Tốt
GD01153,30/03/2025 07:23,CN04,KH0293,SP02,1,Tai quan,5.2,Bình thường
GD01154,30/03/2025 07:40,CN03,KH0398,SP13,3,Tai quan,4.6,
GD01155,30/03/2025 08:21,CN02,KH0096,SP14,2,Giao hàng,27.6,Tốt
GD01156,30/03/2025 08:32,CN01,KH0093,SP03,1,Mang đi,7.2,
GD01157,30/03/2025 09:05,CN01,KH0199,SP14,2,Giao hàng,12.3,Rất tốt
GD01158,30/03/2025 10:57,CN01,,SP10,1,Tai quan,6.5,Tốt
GD01159,30/03/2025 13:46,CN04,KH0284,SP02,3,Tai quan,2.9,Bình thường
GD01160,30/03/2025 13:56,CN04,KH0377,SP06,1,Mang đi,4.3,
GD01161,30/03/2025 14:51,CN03,KH0168,SP04,3,Giao hàng,19.4,Tốt
GD01162,30/03/2025 17:37,CN04,KH0133,SP06,1,Mang đi  ,7.5,Tốt
GD01163,30/03/2025 17:52,CN04,,SP07,2,GIAO HÀNG,23.8,Tệ
GD01164,30/03/2025 18:02,CN03,KH0092,SP13,1,Giao hàng,41.6,
GD01165,30/03/2025 19:05,CN03,KH0052,SP01,2,Giao hàng,19.8,Tốt
GD01166,30/03/2025 20:04,CN04,,SP06,1,Giao hàng,18.3,Bình thường
GD01167,31/03/2025 07:32,CN02,KH0277,SP15,1,GIAO HÀNG,22.3,
GD01168,31/03/2025 08:02,CN01,KH0030,SP12,2,Tại quán,13.1,Tốt
GD01169,31/03/2025 10:18,CN02,,SP15,2,Giao hàng,6.9,Tốt
GD01170,31/03/2025 11:06,CN03,,SP05,1,Mang di,6.3,Bình thường
GD01171,31/03/2025 14:20,CN03,,SP07,3,Mang đi,3.5,Tốt
GD01172,31/03/2025 17:32,CN03,,SP07,1,Tại quán,3.7,Rất tốt
GD01173,31/03/2025 17:50,CN04,,SP10,1,Mang đi,3.6,Tốt
GD01174,31/03/2025 18:56,CN01,KH0374,SP15,1,tại quán,6.0,Tốt
GD01175,31/03/2025 19:06,CN01,KH0102,SP02,2,Tại quán,1.5,Rất tốt
GD01176,31/03/2025 19:18,CN03,KH0195,SP02,5,Tại quán,2.8,Tốt
GD01177,31/03/2025 19:52,CN02,KH0243,SP13,1,TẠI QUÁN,1.5,Rất tốt
GD01177,31/03/2025 19:52,CN02,KH0243,SP13,1,TẠI QUÁN,1.5,Rất tốt
GD01178,31/03/2025 20:44,CN02,KH0226,SP01,1,Mang đi,4.3,
GD01179,01/04/2025 08:14,CN01,,SP04,1,Tại quán,9.3,Tốt
GD01180,01/04/2025 08:18,CN04,,SP03,1,Giao hàng,25.0,
GD01181,01/04/2025 09:11,CN04,KH0344,SP01,2,TẠI QUÁN,1.7,
GD01182,01/04/2025 12:01,CN02,KH0342,SP13,,Tại quán,6.1,Tốt
GD01183,01/04/2025 12:16,CN02,,SP06,2,Mang đi,2.7,Rất tốt
GD01184,01/04/2025 13:19,CN02,KH0302,SP02,4,Mang đi,5.8,Bình thường
GD01185,01/04/2025 13:35,CN01,KH0352,SP05,1,Tại quán,3.0,Rất tốt
GD01186,01/04/2025 13:57,CN03,,SP13,1,Mang đi,2.0,
GD01187,01/04/2025 14:09,CN02,KH0348,SP13,1,Tại quán,4.8,Rất tốt
GD01188,01/04/2025 14:30,CN04,KH0104,SP01,2,Giao hàng,15.9,
GD01189,01/04/2025 14:44,CN01,,SP06,1,Giao hàng,-5.0,Tệ
GD01190,01/04/2025 16:59,CN03,,SP07,1,Mang đi,3.9,
GD01191,01/04/2025 17:26,CN01,KH0324,SP08,1,Tại quán,5.3,
GD01192,01/04/2025 18:32,CN03,KH0059,SP01,2,Giao hàng,26.6,Rất tệ
GD01193,01/04/2025 19:06,CN03,KH0318,SP03,1,Tại quán,6.6,Tốt
GD01194,01/04/2025 21:17,CN01,KH0070,SP05,3,Giao hàng,17.7,Bình thường
GD01195,02/04/2025 11:28,CN01,KH0022,SP09,3,Tại quán,12.1,Bình thường
GD01196,02/04/2025 13:49,CN01,,SP02,1,Mang đi,3.0,Rất tốt
GD01197,02/04/2025 13:50,CN02,KH0069,SP06,2,Mang đi,2.1,Rất tốt
GD01198,02/04/2025 16:43,CN04,,SP09,4,Mang đi,3.8,
GD01199,02/04/2025 19:37,CN01,KH0296,SP05,1,Mang đi,4.2,Bình thường
GD01200,03/04/2025 07:49,CN02,,SP01,2,TẠI QUÁN,6.0,
GD01201,03/04/2025 08:18,CN04,,SP09,1,Tại quán,4.6,
GD01202,03/04/2025 09:29,CN03,KH0104,SP05,3,Tại quán,9.9,Tốt
GD01203,03/04/2025 09:44,CN03,KH0261,SP06,1, Tại quán,10.7,Tốt
GD01204,03/04/2025 12:19,CN01,KH0103,SP09,3,Giao hàng,18.4,
GD01205,03/04/2025 13:48,CN02,,SP13,1,Tại quán,7.9,Tốt
GD01206,03/04/2025 14:44,CN01,,SP01,1,Tại quán,3.7,Bình thường
GD01207,03/04/2025 16:07,CN03,,SP18,1,Tại quán,4.8,Bình thường
GD01208,03/04/2025 18:21,CN04,KH0298,SP02,4,Tại quán,3.8,Tốt
GD01209,03/04/2025 19:50,CN01,KH0198,SP05,2,Mang đi,3.1,Tốt
GD01210,04/04/2025 07:15,CN03,KH0361,SP15,3,Giao hàng,28.0,Tốt
GD01211,04/04/2025 08:52,CN03,KH0231,SP10,2,Mang đi,6.5,
GD01212,04/04/2025 09:34,CN01,,SP06,1,Mang đi,1.9,Bình thường
GD01213,04/04/2025 10:14,CN04,KH0009,SP15,1,mang đi,3.9,Rất tốt
GD01214,04/04/2025 10:20,CN04,KH0191,SP09,1,Tại quán,5.6,Tốt
GD01215,04/04/2025 10:22,CN01,KH0345,SP03,1,Tại quán,5.9,
GD01216,04/04/2025 10:30,CN02,KH0308,SP03,1,Tại quán,3.0,
GD01217,04/04/2025 12:12,CN03,KH0286,SP01,3,Tại quán,5.5,
GD01218,04/04/2025 13:21,CN04,,SP09,1,Mang đi,2.9,Bình thường
GD01219,04/04/2025 13:23,CN03,KH0210,SP13,2,Mang đi,6.4,Rất tốt
GD01220,04/04/2025 13:52,CN01,KH0104,SP07,1,Tại quán,2.6,Tốt
GD01221,04/04/2025 16:02,CN01,KH0147,SP05,1,Giao hàng,30.1,Tốt
GD01222,04/04/2025 17:19,CN04,,SP02,,Mang đi,4.2,Tốt
GD01223,04/04/2025 17:33,CN04,,SP04,1,Tại quán,8.6,
GD01223,04/04/2025 17:33,CN04,,SP04,1,Tại quán,8.6,
GD01224,04/04/2025 18:05,CN03,KH0172,SP14,1,Tại quán,4.8,
GD01225,04/04/2025 19:07,CN03,,SP14,1,Mang đi,3.6,Bình thường
GD01226,04/04/2025 19:43,CN02,KH0233,SP08,1,mang đi,3.1,Tốt
GD01227,04/04/2025 20:29,CN01,KH0380,SP06,2,Mang đi,5.6,Bình thường
GD01228,05/04/2025 08:51,CN02,KH0090,SP10,3,Mang đi,2.8,
GD01229,05/04/2025 09:39,CN03,KH0209,SP08,1,Tại quán,2.9,Rất tốt
GD01230,05/04/2025 10:33,CN01,KH0373,SP06,2,Mang đi,3.3,Rất tốt
GD01231,05/04/2025 13:31,CN03,,SP18,1,Tại quán,4.6,Tốt
GD01232,05/04/2025 13:58,CN01,KH0147,SP02,1,Mang đi,2.6,Tốt
GD01233,05/04/2025 14:44,CN01,KH0160,SP01,2,Mang đi,9.3,Bình thường
GD01234,05/04/2025 16:42,CN01,KH0210,SP04,2,Tại quán,6.9,Tốt
GD01235,05/04/2025 17:45,CN03,KH0319,SP07,1,Giao hàng,21.8,Bình thường
GD01236,05/04/2025 18:00,CN02,KH0323,SP06,1,Mang đi,3.7,Rất tốt
GD01237,05/04/2025 19:40,CN01,,SP01,2,Mang đi,6.9,Bình thường
GD01238,05/04/2025 20:45,CN04,KH0361,SP07,2,Tại quán,3.6,Bình thường
GD01239,06/04/2025 09:43,CN03,,SP01,1,Mang đi,5.6,
GD01240,06/04/2025 10:53,CN01,KH0396,SP03,2,Mang đi,9.5,
GD01241,06/04/2025 10:57,CN01,KH0351,SP03,2,Mang đi,4.0,
GD01242,06/04/2025 12:06,CN04,KH0326,SP02,2,MANG ĐI,2.1,Tốt
GD01243,06/04/2025 15:40,CN01,KH0234,SP06,2,Giao hàng,21.2,Tốt
GD01244,06/04/2025 16:13,CN01,KH0348,SP13,1,Tại quán,8.8,Tốt
GD01245,06/04/2025 16:15,CN01,KH0073,SP10,2,Mang đi,5.0,
GD01246,06/04/2025 16:39,CN01,KH0365,SP13,3,Giao hàng,20.3,Tốt
GD01247,06/04/2025 17:32,CN03,KH0381,SP10,1,Tại quán,12.6,Bình thường
GD01248,06/04/2025 19:43,CN01,,SP03,1,Giao hàng,38.8,Bình thường
GD01249,07/04/2025 08:13,CN03,KH0273,SP01,2,Mang đi,3.4,Tốt
GD01250,07/04/2025 09:13,CN03,KH0055,SP07,2,Giao hàng,31.5,Tệ
GD01251,07/04/2025 09:17,CN02,KH0310,SP14,3,GIAO HÀNG,27.6,
GD01252,07/04/2025 10:04,CN04,KH0098,SP14,2,Mang đi,8.6,Tốt
GD01253,07/04/2025 10:22,CN04,,SP15,2,Mang di,4.5,Tốt
GD01254,07/04/2025 10:24,CN03,KH0122,SP10,1,Mang di,5.0,Bình thường
GD01255,07/04/2025 10:36,CN02,KH0248,SP15,2,Tại quán,5.1,
GD01256,07/04/2025 11:55,CN01,KH0209,SP08,2,Tại quán,5.3,Tốt
GD01257,07/04/2025 12:08,CN03,,SP01,2,TẠI QUÁN,3.1,
GD01258,07/04/2025 12:26,CN04,KH0281,SP10,1,Mang đi,4.2,Bình thường
GD01259,07/04/2025 12:49,CN03,KH0155,SP01,2,Mang đi,6.7,Tốt
GD01260,07/04/2025 15:39,CN01,KH0328,SP02,1,Mang đi,2.9,
GD01261,07/04/2025 17:47,CN01,KH0056,SP13,3,Mang đi,3.8,Tốt
GD01262,07/04/2025 18:21,CN03,KH0096,SP16,2,Giao hàng,23.2,
GD01263,07/04/2025 19:02,CN01,,SP04,3,Mang đi,10.5,Tốt
GD01264,07/04/2025 19:37,CN01,,SP06,1,Tại quán,4.8,Rất tốt
GD01265,07/04/2025 20:02,CN01,KH0218,SP10,3,Giao hàng,40.4,Tệ
GD01266,08/04/2025 08:06,CN04,KH0066,SP12,3, Giao hàng,19.0,Bình thường
GD01267,08/04/2025 08:59,CN03,KH0286,SP11,2,Giao hàng,22.8,
GD01268,08/04/2025 10:50,CN03,,SP09,1,Giao hàng,37.2,Bình thường
GD01269,08/04/2025 11:08,CN02,KH0003,SP05,3,Giao hàng,25.1,Tệ
GD01270,08/04/2025 11:34,CN03,KH0104,SP07,2,Mang đi,4.9,Rất tốt
GD01271,08/04/2025 11:44,CN02,KH0151,SP02,1,Tại quán,6.1,Tốt
GD01272,08/04/2025 13:28,CN02,KH0116,SP13,1,Tai quan,4.1,Tốt
GD01273,08/04/2025 18:00,CN01,,SP11,5,Giao hàng,24.6,
GD01274,09/04/2025 13:48,CN03,KH0319,SP09,1,Mang đi,4.6,
GD01275,09/04/2025 13:51,CN02,,SP07,1,Mang đi,3.3,Rất tốt
GD01276,09/04/2025 14:24,CN02,,SP01,1,MANG ĐI,3.2,Tốt
GD01277,09/04/2025 14:56,CN04,KH0330,SP01,2,Tại quán,25.6,Rất tệ
GD01278,09/04/2025 18:27,CN04,KH0264,SP12,3,Mang di,4.7,Tốt
GD01279,09/04/2025 18:59,CN02,,SP15,1,Tại quán,8.3,Tốt
GD01280,09/04/2025 19:09,CN02,KH0087,SP02,3,Mang đi,8.6,
GD01281,09/04/2025 19:17,CN02,,SP01,4,Tại quán,5.7,
GD01282,09/04/2025 20:36,CN02,KH0291,SP13,4,Mang đi,6.8,
GD01283,10/04/2025 07:57,CN02,KH0001,SP15,2,Mang di,3.6,Rất tốt
GD01284,10/04/2025 09:12,CN01,,SP02,3,Giao hàng,17.6,Tốt
GD01285,10/04/2025 10:34,CN01,KH0385,SP12,1,Mang đi,5.7,Tốt
GD01286,10/04/2025 12:14,CN03,KH0019,SP16,2,Mang đi,8.3,Tốt
GD01287,10/04/2025 13:42,CN02,KH0168,SP07,5,Tại quán,6.4,Bình thường
GD01288,10/04/2025 14:40,CN02,KH0291,SP09,1,Giao hàng,48.2,Tệ
GD01289,10/04/2025 15:59,CN03,KH0191,SP04,3,Tại quán,3.4,
GD01290,10/04/2025 21:18,CN01,KH0238,SP06,1,Giao hàng,10.7,Tốt
GD01291,11/04/2025 07:02,CN04,KH0040,SP13,1,Giao hàng,27.6,
GD01292,11/04/2025 09:01,CN01,KH0047,SP06,1,Giao hàng,21.9,Bình thường
GD01293,11/04/2025 10:45,CN03,KH0147,SP09,1,Mang đi,7.4,Rất tốt
GD01294,11/04/2025 12:29,CN01,,SP13,2,Mang đi,3.1,Tốt
GD01295,11/04/2025 13:28,CN04,KH0145,SP01,1,MANG ĐI,3.4,Rất tốt
GD01296,11/04/2025 14:31,CN04,KH0058,SP02,1,Tại quán,5.0,Tốt
GD01297,11/04/2025 14:58,CN02,KH0002,SP01,2,GIAO HÀNG,19.4,Tốt
GD01298,11/04/2025 15:04,CN01,KH0125,SP02,2,Tại quán,11.5,Tốt
GD01299,11/04/2025 16:42,CN04,KH0306,SP08,4,Giao hàng,26.7,Bình thường
GD01300,11/04/2025 18:57,CN04,KH0310,SP03,1,Giao hàng,35.5,
GD01301,11/04/2025 20:09,CN03,KH0371,SP01,1,Tại quán,3.4,Tốt
GD01302,11/04/2025 20:55,CN02,KH0194,SP04,1,Tại quán,6.1,Tốt
GD01303,12/04/2025 08:31,CN01,KH0084,SP09,1,Tại quán,3.0,
GD01304,12/04/2025 08:52,CN03,KH0387,SP13,2,Mang đi,4.0,Tốt
GD01305,12/04/2025 12:14,CN03,KH0308,SP02,1,Tại quán,4.3,Bình thường
GD01306,12/04/2025 14:01,CN01,KH0450,SP07,2,Tại quán,6.1,Rất tốt
GD01307,12/04/2025 14:31,CN03,,SP08,1,Mang đi,4.7,
GD01308,12/04/2025 17:01,CN02,KH0168,SP06,2,Tại quán,5.7,Bình thường
GD01309,12/04/2025 17:09,CN02,,SP12,1,Tại quán,4.3,Tốt
GD01310,12/04/2025 17:26,CN03,KH0046,SP01,2,Tại quán,4.2,Bình thường
GD01311,12/04/2025 18:16,CN03,KH0114,SP01,1,Mang đi,5.8,Tốt
GD01312,12/04/2025 19:37,CN03,KH0320,SP06,3,Tại quán,4.4,Bình thường
GD01313,12/04/2025 19:37,CN03,KH0173,SP03,, Giao hàng,24.7,Bình thường
GD01314,12/04/2025 19:42,CN01,KH0300,SP12,1,Tại quán,5.9,Tốt
GD01315,12/04/2025 19:43,CN02,,SP08,1,Giao hàng,26.3,Bình thường
GD01316,13/04/2025 08:21,CN03,,SP08,1,TẠI QUÁN,4.3,Rất tốt
GD01317,13/04/2025 09:12,CN03,KH0073,SP15,1,Tại quán,5.4,Tốt
GD01318,13/04/2025 09:24,CN04,,SP03,1,Mang đi,3.4,Tốt
GD01319,13/04/2025 10:40,CN02,KH0324,SP02,2,Tại quán,6.2,
GD01320,13/04/2025 12:15,CN03,KH0021,SP14,2,Tại quán,3.7,Rất tốt
GD01321,13/04/2025 12:25,CN01,KH0168,SP08,2,Giao hàng,16.3,Rất tốt
GD01322,13/04/2025 12:34,CN02,KH0049,SP02,1,Giao hàng,34.2,Tốt
GD01323,13/04/2025 13:54,CN03,KH0285,SP11,1,Mang đi,2.2,Tốt
GD01324,13/04/2025 15:09,CN04,,SP12,1,GIAO HÀNG,19.6,Tốt
GD01325,13/04/2025 15:59,CN02,KH0278,SP14,2,Tại quán,3.9,Tốt
GD01326,13/04/2025 16:27,CN02,KH0224,SP13,1,Mang đi,3.2,
GD01327,13/04/2025 17:16,CN01,KH0202,SP13,1,Tại quán,4.6,Tốt
GD01328,13/04/2025 19:10,CN01,KH0044,SP09,1,Tại quán,3.7,Bình thường
GD01329,13/04/2025 21:45,CN01,,SP03,2,Tại quán,6.0,Tốt
GD01330,14/04/2025 08:24,CN01,,SP02,1,Giao hàng,37.0,Bình thường
GD01331,14/04/2025 08:54,CN01,,SP13,1,Tại quán,2.3,
GD01332,14/04/2025 12:30,CN02,,SP06,4,Mang đi,2.4,Rất tốt
GD01333,14/04/2025 12:38,CN01,,SP07,1,Tại quán,11.0,Tốt
GD01334,14/04/2025 13:51,CN01,KH0349,SP11,, Giao hàng,35.1,Bình thường
GD01335,14/04/2025 16:39,CN01,KH0105,SP02,1,MANG ĐI,2.3,Tốt
GD01336,14/04/2025 17:23,CN02,KH0208,SP14,3,Tại quán,7.2,Tốt
GD01337,14/04/2025 18:41,CN02,,SP12,1,Mang đi,2.8,
GD01338,14/04/2025 18:46,CN04,KH0398,SP12,2,Mang đi,2.7,Bình thường
GD01339,15/04/2025 08:01,CN01,KH0172,SP04,2,Mang đi,3.9,
GD01340,15/04/2025 08:15,CN01,KH0155,SP03,2,Mang đi,4.6,Rất tốt
GD01341,15/04/2025 08:37,CN03,KH0198,SP05,1,Mang đi,5.7,Tốt
GD01342,15/04/2025 08:57,CN04,KH0014,SP04,2,Tại quán,7.3,Tốt
GD01343,15/04/2025 09:15,CN01,KH0064,SP05,1, Tại quán,4.2,Rất tốt
GD01344,15/04/2025 12:51,CN01,KH0157,SP05,3,Giao hàng,18.6,Rất tốt
GD01345,15/04/2025 13:27,CN03,KH0246,SP12,2,Giao hàng,43.4,Bình thường
GD01346,15/04/2025 17:26,CN01,KH0343,SP01,2,Giao hàng,30.6,Bình thường
GD01347,15/04/2025 19:18,CN03,KH0263,SP10,2,Tại quán,6.7,Tốt
GD01348,16/04/2025 07:13,CN04,KH0420,SP04,3,Mang đi,3.7,Rất tốt
GD01349,16/04/2025 07:46,CN03,KH0235,SP16,3,Giao hàng,18.5,Tệ
GD01350,16/04/2025 07:53,CN02,,SP10,1,Mang di,7.5,Rất tốt
GD01351,16/04/2025 09:27,CN01,KH0253,SP03,1,TẠI QUÁN,3.9,Tốt
GD01352,16/04/2025 09:29,CN02,KH0199,SP12,3,Tại quán,6.0,Bình thường
GD01353,16/04/2025 12:44,CN03,KH0251,SP05,1,Mang đi,3.1,Tốt
GD01354,16/04/2025 14:50,CN01,KH0351,SP01,,Mang đi,3.3,Tệ
GD01355,16/04/2025 16:02,CN03,KH0173,SP04,4, Tại quán,8.1,Tốt
GD01356,17/04/2025 07:32,CN01,KH0126,SP03,1,Giao hàng,30.8,
GD01357,17/04/2025 08:02,CN01,KH0057,SP06,1,Tại quán,7.1,Rất tốt
GD01358,17/04/2025 09:29,CN04,KH0332,SP04,2,Mang đi,3.7,Tốt
GD01359,17/04/2025 10:55,CN01,KH0231,SP13,1,Tại quán,2.9,
GD01360,17/04/2025 11:16,CN02,KH0068,SP06,5,Giao hàng,13.4,Bình thường
GD01361,17/04/2025 12:35,CN02,KH0035,SP04,4,Mang đi,5.0,
GD01362,17/04/2025 13:29,CN04,KH0380,SP12,1,Tại quán,9.6,
GD01363,17/04/2025 14:47,CN03,KH0302,SP10,2,Tại quán,6.7,Tốt
GD01364,17/04/2025 16:32,CN01,KH0249,SP04,3,Giao hàng,15.5,Bình thường
GD01365,17/04/2025 16:52,CN01,KH0164,SP03,1,Tại quán,6.4,Rất tốt
GD01366,17/04/2025 18:05,CN03,,SP11,1,Giao hàng,17.5,Bình thường
GD01367,17/04/2025 18:48,CN03,KH0136,SP09,1,Mang đi,1.3,Bình thường
GD01368,17/04/2025 18:52,CN03,KH0012,SP16,2,Mang đi,2.1,Tốt
GD01369,17/04/2025 18:57,CN03,KH0038,SP04,1,Mang đi,5.2,Tốt
GD01370,18/04/2025 08:19,CN03,KH0297,SP07,3,Giao hàng,17.1,Bình thường
GD01371,18/04/2025 10:02,CN03,KH0130,SP01,2,Giao hàng,31.4,
GD01372,18/04/2025 11:08,CN01,KH0016,SP05,1, Tại quán,4.3,Tốt
GD01373,18/04/2025 13:12,CN01,,SP13,1,Tại quán,5.2,
GD01374,18/04/2025 15:24,CN04,KH0103,SP09,2,GIAO HÀNG,33.8,Tốt
GD01375,18/04/2025 18:49,CN03,,SP05,1,Mang đi,2.8,Tốt
GD01376,18/04/2025 19:30,CN01,KH0174,SP07,3,Giao hàng,22.0,Tệ
GD01377,18/04/2025 20:34,CN03,,SP09,1,Mang đi,3.0,Tốt
GD01378,19/04/2025 07:12,CN01,,SP09,1,Tại quán,9.5,Tốt
GD01379,19/04/2025 08:14,CN01,,SP03,2,Mang đi,3.4,Rất tốt
GD01380,19/04/2025 08:28,CN02,KH0218,SP02,3,Giao hàng,36.1,Bình thường
GD01381,19/04/2025 10:05,CN01,KH0295,SP01,2,Giao hàng,33.6,Tệ
GD01382,19/04/2025 10:14,CN04,KH0009,SP03,2, Giao hàng,34.7,
GD01383,19/04/2025 10:30,CN01,KH0084,SP04,3,Tại quán,2.8,Tốt
GD01384,19/04/2025 10:40,CN02,KH0027,SP06,1,Mang đi,7.9,Rất tốt
GD01385,19/04/2025 11:07,CN01,KH0135,SP02,1,Tại quán,7.5,Rất tốt
GD01386,19/04/2025 14:13,CN01,KH0237,SP15,3,mang đi,7.1,
GD01387,19/04/2025 16:32,CN01,KH0152,SP09,1,Giao hàng,20.5,Bình thường
GD01388,19/04/2025 16:39,CN01,KH0282,SP06,1,Tại quán,5.8,
GD01389,19/04/2025 17:57,CN04,KH0156,SP03,1,Mang đi,7.0,Rất tốt
GD01390,19/04/2025 18:16,CN01,KH0245,SP11,2,Giao hàng,16.1,
GD01391,19/04/2025 18:49,CN04,,SP06,2,Giao hàng,27.2,Rất tệ
GD01392,19/04/2025 19:14,CN01,KH0229,SP05,1,Giao hàng,18.9,Bình thường
GD01393,19/04/2025 19:27,CN02,,SP13,1,Mang đi,2.1,Tốt
GD01394,20/04/2025 07:10,CN01,,SP01,1,Mang đi,5.4,
GD01395,20/04/2025 07:30,CN04,,SP06,3,Tại quán,3.8,Tốt
GD01396,20/04/2025 08:26,CN04,KH0063,SP03,1,Tai quan,3.9,Bình thường
GD01397,20/04/2025 08:42,CN01,KH0262,SP04,4,Giao hàng,23.4,Bình thường
GD01398,20/04/2025 08:58,CN04,KH0005,SP14,1,Tại quán,4.8,Tốt
GD01399,20/04/2025 09:19,CN02,KH0174,SP02,2,mang đi,6.5,Tốt
GD01400,20/04/2025 10:34,CN01,KH0120,SP07,1, Tại quán,3.3,Rất tốt
GD01401,20/04/2025 11:11,CN02,KH0153,SP07,3,Mang đi,4.4,Rất tốt
GD01402,20/04/2025 11:28,CN01,,SP03,1,Mang đi,13.8,
GD01403,20/04/2025 12:38,CN01,KH0246,SP02,5,Mang đi,8.4,Tốt
GD01404,20/04/2025 13:02,CN01,KH0097,SP02,3,Mang đi,2.4,Rất tốt
GD01405,20/04/2025 13:33,CN01,KH0353,SP04,3, Tại quán,4.5,Tốt
GD01406,20/04/2025 13:43,CN01,KH0226,SP02,1,Mang đi,3.2,Rất tốt
GD01407,20/04/2025 15:07,CN03,KH0449,SP13,1,Tại quán,4.4,Bình thường
GD01408,20/04/2025 16:32,CN01,,SP04,1,Tại quán,2.1,
GD01409,20/04/2025 19:30,CN03,KH0334,SP15,4,Tại quán,2.5,Tốt
GD01410,20/04/2025 19:34,CN01,KH0369,SP16,1,Tai quan,7.2,Tốt
GD01411,20/04/2025 19:56,CN01,KH0229,SP11,2,Tại quán,7.3,Bình thường
GD01412,20/04/2025 19:59,CN02,KH0367,SP01,2,Mang đi,4.0,Rất tốt
GD01413,20/04/2025 20:27,CN04,KH0290,SP02,1,Giao hàng,32.3,Tệ
GD01414,20/04/2025 21:11,CN01,,SP06,2,Mang đi,3.8,Bình thường
GD01415,21/04/2025 07:40,CN04,KH0190,SP03,1,Giao hàng,16.0,Tốt
GD01416,21/04/2025 09:33,CN04,KH0117,SP07,2,Tại quán,7.1,
GD01417,21/04/2025 10:00,CN02,KH0241,SP03,4,Tại quán,7.6,Tốt
GD01418,21/04/2025 10:32,CN02,KH0246,SP07,1,Mang đi,3.7,Rất tốt
GD01419,21/04/2025 12:29,CN01,KH0375,SP02,4,Giao hàng,42.0,
GD01420,21/04/2025 14:28,CN01,,SP15,1,Tại quán,5.4,Bình thường
GD01421,21/04/2025 18:11,CN01,KH0096,SP09,1,Tại quán,5.4,Bình thường
GD01422,21/04/2025 18:14,CN01,KH0070,SP06,1,Mang đi,3.4,
GD01423,22/04/2025 07:12,CN02,KH0295,SP07,3,Giao hàng,21.2,
GD01424,22/04/2025 08:51,CN04,KH0276,SP16,1,Mang đi,4.9,Rất tốt
GD01425,22/04/2025 09:50,CN01,KH0014,SP13,2,Mang đi,4.4,Rất tốt
GD01426,22/04/2025 13:52,CN03,KH0028,SP03,2,Tai quan,9.0,Tốt
GD01427,22/04/2025 14:36,CN01,KH0346,SP11,1,Tại quán,3.7,Rất tốt
GD01428,22/04/2025 16:14,CN03,,SP10,1,Tại quán,4.8,
GD01429,22/04/2025 16:55,CN03,,SP13,1,Mang di,14.7,Rất tốt
GD01430,22/04/2025 17:47,CN03,KH0230,SP06,1,mang đi,5.3,Tốt
GD01431,22/04/2025 18:48,CN02,KH0084,SP01,5,Mang đi,3.0,Tốt
GD01432,22/04/2025 20:39,CN03,KH0208,SP04,1,TẠI QUÁN,2.9,Tốt
GD01433,23/04/2025 07:40,CN01,,SP03,1,Mang đi,4.7,Bình thường
GD01434,23/04/2025 08:55,CN03,,SP02,1,Tại quán,9.1,Tốt
GD01435,23/04/2025 09:10,CN03,,SP12,1,Tại quán,6.0,Tốt
GD01436,23/04/2025 09:31,CN02,KH0214,SP01,2,Mang đi,5.7,Tốt
GD01437,23/04/2025 09:59,CN02,,SP10,2,Giao hàng,33.2,Bình thường
GD01438,23/04/2025 10:44,CN04,KH0093,SP03,1,Tại quán,8.0,Tốt
GD01439,23/04/2025 12:43,CN02,KH0179,SP09,3,GIAO HÀNG,18.5,Tốt
GD01440,23/04/2025 13:24,CN02,KH0090,SP01,4,Mang đi,9.0,Tốt
GD01441,23/04/2025 13:44,CN02,KH0226,SP06,2,Giao hàng,19.9,
GD01442,23/04/2025 17:13,CN01,KH0204,SP09,1, Tại quán,6.1,Tệ
GD01443,23/04/2025 17:15,CN01,KH0047,SP03,1,Mang đi,3.6,Tốt
GD01444,23/04/2025 19:13,CN01,KH0255,SP15,1,Mang đi,2.1,Rất tốt
GD01445,23/04/2025 19:19,CN03,,SP10,3,Tại quán,2.6,Rất tốt
GD01446,23/04/2025 19:49,CN01,KH0391,SP07,1,Tại quán,2.4,Tốt
GD01447,24/04/2025 07:09,CN02,KH0213,SP01,4,Giao hàng,28.8,Tốt
GD01448,24/04/2025 08:32,CN04,KH0071,SP03,3,Mang đi,2.4,Rất tốt
GD01449,24/04/2025 09:05,CN02,KH0035,SP16,1,Tại quán,5.5,Rất tốt
GD01450,24/04/2025 09:11,CN04,KH0049,SP10,2,Mang đi,3.7,Tốt
GD01451,24/04/2025 12:45,CN02,KH0059,SP15,1,Giao hàng,18.3,Bình thường
GD01452,24/04/2025 16:27,CN02,KH0288,SP10,,Giao hàng,13.8,Bình thường
GD01453,24/04/2025 17:04,CN01,KH0121,SP03,3,mang đi,2.7,Rất tốt
GD01454,24/04/2025 17:09,CN04,KH0186,SP01,1,Tại quán,8.9,
GD01455,24/04/2025 19:00,CN02,KH0142,SP07,2,Giao hàng,21.3,Rất tốt
GD01456,24/04/2025 19:21,CN03,KH0018,SP18,1,Tại quán,4.4,Tốt
GD01457,24/04/2025 19:22,CN01,KH0237,SP05,1,Mang đi,5.3,Tốt
GD01458,24/04/2025 20:30,CN01,,SP14,,TẠI QUÁN,4.4,
GD01459,24/04/2025 20:48,CN04,KH0189,SP13,1,Tại quán,5.9,Bình thường
GD01460,25/04/2025 07:50,CN04,KH0361,SP08,1,Mang đi,5.2,Tốt
GD01461,25/04/2025 08:09,CN02,KH0267,SP07,3,Mang đi,1.6,Tốt
GD01462,25/04/2025 09:18,CN04,KH0267,SP16,1,Mang đi,4.9,Tốt
GD01463,25/04/2025 09:38,CN03,KH0432,SP06,2,Mang đi,5.3,Bình thường
GD01464,25/04/2025 10:30,CN04,KH0094,SP02,1,Giao hàng,28.8,Bình thường
GD01465,25/04/2025 13:01,CN04,KH0020,SP09,3,Giao hàng,17.3,Tốt
GD01466,25/04/2025 13:28,CN04,KH0164,SP09,1,Tại quán,4.7,
GD01467,25/04/2025 13:47,CN02,KH0365,SP06,2,Giao hàng,23.3,Tốt
GD01468,25/04/2025 17:28,CN04,KH0210,SP01,3,Tại quán,3.8,Tốt
GD01469,25/04/2025 17:47,CN02,KH0031,SP09,1,Mang đi,7.9,Tốt
GD01470,25/04/2025 19:18,CN04,KH0324,SP14,1,Tại quán,3.6,Tốt
GD01471,26/04/2025 08:31,CN03,KH0115,SP16,2,Tại quán,2.5,
GD01472,26/04/2025 08:36,CN04,KH0399,SP07,1,tại quán,7.6,Tốt
GD01473,26/04/2025 08:56,CN03,KH0218,SP01,3,MANG ĐI,4.9,Rất tốt
GD01474,26/04/2025 10:17,CN01,KH0262,SP06,2,Tai quan,4.3,Bình thường
GD01475,26/04/2025 10:21,CN03,KH0038,SP11,2,TẠI QUÁN,12.4,Tốt
GD01476,26/04/2025 10:36,CN02,KH0182,SP13,1,Mang đi,2.8,Tệ
GD01477,26/04/2025 13:04,CN01,KH0133,SP07,1,Giao hàng,17.8,Bình thường
GD01478,26/04/2025 13:34,CN04,KH0125,SP13,1,Tại quán,2.6,
GD01479,26/04/2025 13:36,CN04,KH0321,SP15,2,TẠI QUÁN,4.5,
GD01480,26/04/2025 15:29,CN01,,SP13,,mang đi,4.3,Tốt
GD01481,26/04/2025 16:32,CN01,KH0036,SP06,1,Tại quán,4.7,Bình thường
GD01482,26/04/2025 18:27,CN01,KH0339,SP14,3,Mang đi,3.1,Tốt
GD01483,26/04/2025 19:06,CN03,,SP16,1,Mang đi  ,5.8,Tốt
GD01484,26/04/2025 20:34,CN02,KH0241,SP02,3,Tại quán,5.1,Tốt
GD01485,27/04/2025 07:06,CN02,KH0267,SP03,2,Mang đi,7.7,Tốt
GD01486,27/04/2025 08:24,CN01,KH0303,SP13,2,Giao hàng,27.5,Bình thường
GD01487,27/04/2025 09:00,CN01,KH0178,SP12,1,Giao hàng,16.1,Tốt
GD01488,27/04/2025 09:25,CN04,KH0009,SP08,1,Mang đi,9.5,
GD01489,27/04/2025 11:12,CN02,KH0111,SP04,4,Tại quán,4.8,Tốt
GD01490,27/04/2025 12:16,CN03,KH0028,SP09,2,Mang đi,3.9,
GD01491,27/04/2025 13:12,CN03,KH0023,SP03,1,Mang đi,3.1,Tốt
GD01492,27/04/2025 14:10,CN04,,SP04,1,Tại quán,3.7,Tốt
GD01493,27/04/2025 14:25,CN01,KH0288,SP07,1,Tại quán,8.8,Bình thường
GD01494,27/04/2025 15:30,CN01,KH0023,SP09,,Mang đi,4.7,Rất tốt
GD01495,27/04/2025 16:46,CN03,KH0231,SP07,4,Giao hàng,24.2,Tốt
GD01496,27/04/2025 17:07,CN01,,SP04,3,Tại quán,2.0,
GD01497,27/04/2025 19:08,CN01,,SP07,1,Giao hàng,25.0,
GD01498,27/04/2025 19:10,CN02,KH0392,SP07,3,Tại quán,5.2,Tốt
GD01499,27/04/2025 19:11,CN02,KH0021,SP06,2,Tại quán,15.7,
GD01500,27/04/2025 20:21,CN01,KH0238,SP10,1,Tai quan,2.6,Rất tốt
GD01501,27/04/2025 20:38,CN03,KH0161,SP02,4,Mang đi,13.1,
GD01502,28/04/2025 09:42,CN03,KH0294,SP10,1,Tại quán,2.4,Rất tốt
GD01503,28/04/2025 11:20,CN01,KH0244,SP13,2,Tai quan,2.9,Tốt
GD01504,28/04/2025 13:19,CN04,,SP05,3,tại quán,8.9,Tốt
GD01505,28/04/2025 14:16,CN04,KH0375,SP13,1,Tại quán,3.9,Tốt
GD01506,28/04/2025 14:44,CN03,,SP07,1,Tại quán,4.8,Rất tốt
GD01507,28/04/2025 14:45,CN03,KH0272,SP08,1,Mang đi,1.8,
GD01508,28/04/2025 16:44,CN01,KH0209,SP10,2,tại quán,6.0,Rất tốt
GD01509,28/04/2025 17:22,CN04,KH0252,SP07,3,mang đi,7.5,Tệ
GD01510,28/04/2025 17:27,CN04,,SP02,1,Mang đi,3.7,Tệ
GD01511,28/04/2025 18:49,CN02,,SP08,1,Mang đi,2.4,Rất tốt
GD01512,28/04/2025 19:27,CN03,KH0373,SP03,1,Giao hàng,16.9,Tốt
GD01513,29/04/2025 10:08,CN03,KH0274,SP05,1,Giao hàng,22.2,Tốt
GD01514,29/04/2025 11:27,CN03,,SP06,2,Giao hàng,24.8,Tốt
GD01515,29/04/2025 12:39,CN03,,SP16,1,Tai quan,3.0,
GD01516,29/04/2025 12:56,CN01,,SP06,2,Tại quán,3.7,
GD01517,29/04/2025 13:24,CN01,,SP10,1,Mang đi,3.2,Rất tốt
GD01518,29/04/2025 13:30,CN04,KH0323,SP08,1,Mang đi,4.3,Tốt
GD01519,29/04/2025 14:05,CN01,KH0213,SP11,2,Mang đi,3.2,Bình thường
GD01520,29/04/2025 14:55,CN01,KH0132,SP05,3,Mang đi,4.7,Tốt
GD01520,29/04/2025 14:55,CN01,KH0132,SP05,3,Mang đi,4.7,Tốt
GD01521,29/04/2025 15:00,CN02,KH0162,SP03,2,Giao hàng,36.6,
GD01522,29/04/2025 15:30,CN02,KH0019,SP13,1,Tại quán,8.1,Tốt
GD01523,29/04/2025 16:35,CN03,KH0118,SP07,2,Mang đi,4.0,Rất tốt
GD01524,29/04/2025 18:44,CN01,KH0029,SP02,3,Mang đi,2.4,Tốt
GD01525,29/04/2025 19:02,CN04,KH0106,SP03,2,Giao hàng,32.1,Bình thường
GD01526,29/04/2025 19:44,CN04,KH0393,SP01,1,Mang đi,5.1,Tốt
GD01527,30/04/2025 07:05,CN01,KH0039,SP12,2,Mang đi,2.4,Tốt
GD01528,30/04/2025 10:19,CN02,KH0399,SP15,3,Tại quán,1.5,Tốt
GD01529,30/04/2025 11:37,CN04,KH0236,SP02,2,Giao hàng,29.4,Bình thường
GD01530,30/04/2025 11:50,CN02,KH0283,SP04,2,Giao hang,28.1,Bình thường
GD01531,30/04/2025 12:40,CN01,,SP01,2,Tai quan,8.5,Rất tốt
GD01532,30/04/2025 13:37,CN02,KH0120,SP05,1,Giao hàng,19.6,
GD01533,30/04/2025 14:29,CN04,,SP15,1,Tại quán,3.4,Rất tốt
GD01534,30/04/2025 15:35,CN01,KH0210,SP03,4,Tại quán,7.9,Tốt
GD01535,30/04/2025 16:25,CN03,,SP08,1,Giao hàng,53.0,Tốt
GD01536,30/04/2025 17:02,CN03,KH0231,SP03,1,Tại quán,0.7,Tốt
GD01537,30/04/2025 18:08,CN03,KH0355,SP10,1,Tại quán,4.7,Tốt
GD01538,30/04/2025 20:49,CN01,,SP13,1,Mang đi,4.4,
GD01539,30/04/2025 20:54,CN01,,SP10,1,Tại quán,3.0,Tốt
GD01540,30/04/2025 20:58,CN03,,SP05,2,Giao hàng,12.2,
GD01541,01/05/2025 07:13,CN03,KH0371,SP11,3,mang đi,5.3,Rất tốt
GD01542,01/05/2025 09:46,CN01,KH0047,SP06,3,Tại quán,7.0,Tốt
GD01543,01/05/2025 10:20,CN02,KH0022,SP13,,Tại quán,3.0,Rất tốt
GD01544,01/05/2025 12:11,CN02,KH0023,SP04,2,MANG ĐI,2.0,Tốt
GD01545,01/05/2025 12:43,CN01,KH0078,SP13,1,Tại quán,5.9,Tốt
GD01546,01/05/2025 13:54,CN01,,SP09,1,Tại quán,4.5,Bình thường
GD01547,01/05/2025 14:03,CN03,,SP01,1,Giao hàng,31.1,Bình thường
GD01548,01/05/2025 14:55,CN01,KH0095,SP03,1,Tại quán,9.3,Tốt
GD01549,01/05/2025 14:57,CN03,KH0365,SP09,4,Tại quán,11.6,Bình thường
GD01550,01/05/2025 15:10,CN01,KH0064,SP05,2,Mang đi,5.4,Rất tốt
GD01551,01/05/2025 19:24,CN01,KH0228,SP11,1,Tại quán,5.2,Tốt
GD01552,01/05/2025 19:51,CN04,KH0439,SP02,1,Mang đi,3.7,Rất tốt
GD01553,01/05/2025 21:15,CN03,KH0208,SP11,1,Giao hàng,13.1,Tốt
GD01554,02/05/2025 08:55,CN02,,SP03,2,Mang đi,5.5,Tốt
GD01555,02/05/2025 10:22,CN03,KH0212,SP05,1,Giao hàng,16.5,
GD01556,02/05/2025 10:38,CN01,KH0295,SP08,1,Mang đi,4.5,Tệ
GD01557,02/05/2025 11:44,CN02,,SP09,3,Giao hàng,18.4,Tốt
GD01558,02/05/2025 12:08,CN03,KH0271,SP15,3,Mang đi,5.7,Rất tốt
GD01559,02/05/2025 12:11,CN02,,SP12,3,GIAO HÀNG,14.4,Rất tốt
GD01560,02/05/2025 12:17,CN03,KH0253,SP04,1,Giao hàng,13.2,Bình thường
GD01561,02/05/2025 13:22,CN03,,SP12,1,Giao hàng,22.5,Bình thường
GD01562,02/05/2025 14:15,CN02,KH0128,SP02,3,Tại quán,3.0,Tốt
GD01563,02/05/2025 16:05,CN03,KH0250,SP14,1,Mang đi,2.2,Tốt
GD01564,02/05/2025 17:01,CN02,KH0172,SP04,1,Mang đi,2.1,
GD01565,02/05/2025 17:29,CN01,KH0240,SP06,2,Giao hàng,33.1,Bình thường
GD01566,02/05/2025 17:46,CN01,KH0079,SP15,1,Tại quán,5.9,Rất tốt
GD01567,02/05/2025 18:01,CN04,KH0123,SP08,3,Tại quán,4.4,Bình thường
GD01568,02/05/2025 18:27,CN02,KH0109,SP12,2,Tại quán,9.1,
GD01569,02/05/2025 18:58,CN02,,SP09,2,Giao hàng,20.7,
GD01570,02/05/2025 19:40,CN04,KH0295,SP02,1,Giao hàng,29.0,Bình thường
GD01571,02/05/2025 20:06,CN03,KH0035,SP05,3,Tại quán,3.2,Rất tốt
GD01572,02/05/2025 20:30,CN03,KH0074,SP04,1,Mang đi,6.1,Tốt
GD01573,02/05/2025 21:58,CN01,KH0242,SP01,2,Tại quán,8.6,Bình thường
GD01574,03/05/2025 08:25,CN03,KH0328,SP12,2,giao hàng,23.1,Tốt
GD01575,03/05/2025 09:15,CN03,,SP05,1,Tại quán,12.6,Tốt
GD01576,03/05/2025 11:21,CN03,KH0282,SP14,1,Tại quán,4.8,Bình thường
GD01577,03/05/2025 12:02,CN02,,SP11,2,Giao hàng,20.7,
GD01578,03/05/2025 12:20,CN03,KH0214,SP05,1,Mang di,2.2,Rất tốt
GD01579,03/05/2025 12:34,CN01,KH0161,SP01,3,Tại quán,3.1,Bình thường
GD01580,03/05/2025 12:53,CN03,,SP15,3,Giao hàng,16.8,Bình thường
GD01581,03/05/2025 13:04,CN03,KH0238,SP01,2,Giao hàng,71.5,Bình thường
GD01582,03/05/2025 13:09,CN02,KH0159,SP05,1,Mang đi,5.4,Bình thường
GD01583,03/05/2025 13:27,CN03,KH0074,SP03,1,giao hàng,16.7,Tốt
GD01584,03/05/2025 13:30,CN02,KH0164,SP16,2, Tại quán,1.9,Rất tốt
GD01585,03/05/2025 13:44,CN03,KH0346,SP13,2,Mang di,5.4,Tốt
GD01586,03/05/2025 14:40,CN02,KH0055,SP03,1,Giao hàng,22.0,
GD01587,03/05/2025 16:42,CN04,KH0251,SP02,2, Tại quán,6.6,Tốt
GD01588,03/05/2025 16:59,CN01,KH0248,SP01,3,Tai quan,6.5,Bình thường
GD01589,03/05/2025 17:02,CN02,KH0388,SP01,1,Tại quán,5.2,Bình thường
GD01590,03/05/2025 17:51,CN03,KH0253,SP02,1,Mang đi,2.1,
GD01591,03/05/2025 18:43,CN04,,SP06,1,Tại quán,4.7,Rất tốt
GD01592,03/05/2025 20:00,CN04,,SP05,2,Mang đi,5.3,Tốt
GD01593,04/05/2025 07:48,CN01,KH0162,SP09,1,Tại quán,4.8,Tốt
GD01594,04/05/2025 08:00,CN03,,SP01,1,Mang đi,5.2,Tốt
GD01595,04/05/2025 08:19,CN01,,SP02,1,Mang đi,9.0,Rất tốt
GD01596,04/05/2025 10:16,CN03,,SP07,2,Giao hàng,11.4,Tốt
GD01597,04/05/2025 11:43,CN02,KH0310,SP01,4,Giao hàng,27.2,
GD01598,04/05/2025 16:55,CN03,,SP04,1,Mang đi,7.8,
GD01599,04/05/2025 17:23,CN01,KH0088,SP15,3,Giao hàng,31.6,Bình thường
GD01600,04/05/2025 19:01,CN02,KH0402,SP02,1,Tại quán,6.2,Rất tốt
GD01601,04/05/2025 19:14,CN03,,SP05,1,Tại quán,7.3,Rất tốt
GD01602,04/05/2025 19:58,CN01,KH0059,SP06,3,Giao hàng,32.4,Tệ
GD01603,04/05/2025 20:43,CN03,KH0113,SP08,3,Tại quán,5.3,
GD01604,04/05/2025 21:56,CN01,KH0188,SP12,1,Tại quán,9.6,
GD01605,04/05/2025 21:58,CN04,KH0328,SP04,2,Giao hàng,21.6,Tốt
GD01606,05/05/2025 07:49,CN04,KH0124,SP07,1,Tại quán,3.4,
GD01607,05/05/2025 08:14,CN03,KH0381,SP01,4,Giao hàng,21.8,Bình thường
GD01608,05/05/2025 08:17,CN01,KH0183,SP04,2,Tại quán,6.1,Bình thường
GD01609,05/05/2025 09:15,CN02,,SP04,1,Giao hàng,39.9,Rất tệ
GD01610,05/05/2025 10:49,CN03,KH0315,SP04,1,Giao hàng,36.8,Tốt
GD01611,05/05/2025 10:57,CN01,KH0271,SP09,2,Tại quán,6.5,Rất tốt
GD01612,05/05/2025 11:57,CN04,KH0353,SP12,2,Tại quán,2.9,
GD01613,05/05/2025 13:21,CN04,KH0272,SP09,1,Mang đi,3.3,Rất tốt
GD01614,05/05/2025 14:42,CN01,KH0124,SP10,2,Giao hang,13.4,Tốt
GD01615,05/05/2025 14:59,CN03,KH0284,SP01,1,Mang đi,2.4,Rất tốt
GD01616,05/05/2025 17:06,CN04,KH0337,SP09,1,Tại quán,3.5,Tốt
GD01617,05/05/2025 17:19,CN01,KH0247,SP02,1,Mang đi,8.0,Bình thường
GD01618,05/05/2025 17:29,CN02,,SP12,2,Tại quán,6.6,Rất tốt
GD01619,05/05/2025 18:33,CN03,KH0069,SP03,1,Tại quán,7.1,Tốt
GD01620,06/05/2025 11:49,CN03,KH0210,SP02,3,Mang đi,4.6,Rất tốt
GD01621,06/05/2025 14:32,CN03,,SP07,80, Giao hàng,16.5,Tốt
GD01622,06/05/2025 15:27,CN02,KH0455,SP06,1,Mang đi,4.1,Tốt
GD01623,06/05/2025 16:13,CN01,KH0108,SP02,3,Giao hàng,31.6,Tệ
GD01624,06/05/2025 16:53,CN04,KH0377,SP01,2,Tại quán,4.9,Tốt
GD01624,06/05/2025 16:53,CN04,KH0377,SP01,2,Tại quán,4.9,Tốt
GD01625,06/05/2025 18:47,CN01,KH0227,SP01,2,Mang đi,4.9,Tốt
GD01626,06/05/2025 20:06,CN02,KH0225,SP06,3,Giao hàng,23.8,Bình thường
GD01627,06/05/2025 20:30,CN03,KH0264,SP04,2,Giao hàng,25.4,Rất tốt
GD01628,06/05/2025 20:55,CN03,KH0377,SP01,3,Tại quán,9.1,Bình thường
GD01629,07/05/2025 07:02,CN04,KH0180,SP14,2,Tại quán,5.4,
GD01630,07/05/2025 08:16,CN03,,SP02,2,Giao hàng,28.5,Bình thường
GD01631,07/05/2025 10:07,CN04,,SP03,1,Giao hàng,31.4,Tốt
GD01632,07/05/2025 13:03,CN03,KH0388,SP12,4,Giao hàng,24.7,Bình thường
GD01633,07/05/2025 13:15,CN01,,SP10,1,mang đi,2.6,Bình thường
GD01634,07/05/2025 13:32,CN01,KH0173,SP08,1, Tại quán,5.7,Tốt
GD01635,07/05/2025 15:03,CN04,KH0277,SP11,2, Giao hàng,29.5,Bình thường
GD01636,07/05/2025 15:38,CN03,KH0093,SP07,3,Giao hàng,15.3,
GD01637,07/05/2025 17:45,CN01,KH0199,SP05,2,Giao hàng,14.7,Bình thường
GD01638,07/05/2025 19:15,CN02,,SP16,2,Tại quán,15.4,
GD01639,07/05/2025 19:30,CN03,KH0124,SP01,1,Tại quán,8.4,Bình thường
GD01640,08/05/2025 09:33,CN03,KH0049,SP02,,Tại quán,6.8,Rất tốt
GD01641,08/05/2025 10:43,CN01,KH0361,SP15,1,Tại quán,4.0,Tốt
GD01642,08/05/2025 10:49,CN03,KH0313,SP05,2,Giao hàng,26.2,Bình thường
GD01643,08/05/2025 12:55,CN01,KH0100,SP09,1,Tại quán,4.7,Rất tốt
GD01644,08/05/2025 13:55,CN02,,SP03,60,Giao hàng,34.8,Bình thường
GD01645,08/05/2025 14:41,CN01,KH0370,SP05,1,Tại quán,4.1,Tốt
GD01646,08/05/2025 15:31,CN02,KH0280,SP06,,Mang đi,10.1,Tốt
GD01647,08/05/2025 18:27,CN03,KH0162,SP15,2,Giao hàng,19.4,Tốt
GD01648,08/05/2025 21:05,CN03,KH0237,SP10,4,Mang đi,5.1,Tốt
GD01649,09/05/2025 08:17,CN04,,SP11,1,Mang đi,5.5,Tốt
GD01650,09/05/2025 10:05,CN01,KH0170,SP14,2,Mang đi,6.3,Tốt
GD01651,09/05/2025 13:14,CN02,KH0255,SP02,1,TẠI QUÁN,2.0,Bình thường
GD01652,09/05/2025 14:06,CN01,,SP01,3,Giao hàng,13.6,
GD01653,09/05/2025 17:11,CN01,,SP08,3,Tại quán,3.5,
GD01654,09/05/2025 17:50,CN02,,SP16,3,Giao hàng,28.5,Bình thường
GD01655,09/05/2025 18:42,CN01,KH0275,SP01,2,Tại quán,4.1,Tốt
GD01656,09/05/2025 19:59,CN01,KH0166,SP14,1,Mang đi,3.3,Rất tốt
GD01657,09/05/2025 21:21,CN03,KH0134,SP03,2,Tai quan,4.9,Tốt
GD01658,10/05/2025 07:50,CN02,KH0372,SP03,2,Tai quan,6.5,Tốt
GD01659,10/05/2025 08:13,CN03,,SP07,1,Tại quán,3.4,Tốt
GD01660,10/05/2025 09:15,CN02,KH0108,SP04,3,Mang đi,7.1,Bình thường
GD01661,10/05/2025 09:55,CN02,KH0153,SP05,4, Giao hàng,16.5,Tốt
GD01662,10/05/2025 10:18,CN03,KH0187,SP02,2,Tại quán,3.8,Rất tốt
GD01663,10/05/2025 11:32,CN04,KH0118,SP08,3,Mang đi,6.1,
GD01664,10/05/2025 11:52,CN03,KH0284,SP05,1,Tại quán,10.6,Bình thường
GD01665,10/05/2025 12:53,CN04,,SP13,,MANG ĐI,2.9,Tốt
GD01666,10/05/2025 13:50,CN03,KH0350,SP13,2,Tại quán,5.2,
GD01667,10/05/2025 13:53,CN03,KH0396,SP04,2,Tại quán,4.3,Tốt
GD01668,10/05/2025 15:03,CN02,KH0296,SP08,2,Mang đi,6.7,
GD01669,10/05/2025 16:46,CN01,,SP11,2,Tại quán,6.0,Bình thường
GD01670,10/05/2025 17:10,CN01,KH0337,SP05,1,mang đi,6.6,
GD01671,10/05/2025 17:28,CN01,KH0127,SP14,2,Mang đi,4.1,
GD01672,10/05/2025 17:29,CN03,KH0309,SP09,1,Tại quán,7.3,Tốt
GD01673,10/05/2025 17:55,CN01,,SP13,2,Tại quán,6.6,
GD01674,10/05/2025 18:31,CN02,KH0201,SP01,1,Mang đi,6.4,
GD01675,10/05/2025 19:28,CN01,KH0119,SP01,1,Mang đi,3.1,
GD01676,10/05/2025 20:12,CN01,,SP07,1,mang đi,5.4,
GD01677,11/05/2025 08:32,CN01,KH0012,SP03,1,Giao hàng,32.4,Tệ
GD01678,11/05/2025 09:46,CN04,KH0142,SP15,,Tại quán,8.6,Rất tốt
GD01679,11/05/2025 10:00,CN01,KH0273,SP03,1,Tại quán,3.8,Tốt
GD01680,11/05/2025 10:09,CN04,KH0393,SP01,1,Tại quán,9.9,Tốt
GD01681,11/05/2025 10:49,CN04,,SP01,1,Mang đi,4.2,Tốt
GD01682,11/05/2025 12:21,CN01,KH0389,SP10,1,Tại quán,4.2,Rất tốt
GD01683,11/05/2025 13:49,CN02,,SP07,1,Mang đi,2.8,Rất tốt
GD01684,11/05/2025 15:25,CN03,,SP02,1,Tại quán,4.0,Tốt
GD01685,11/05/2025 16:54,CN01,KH0290,SP02,2,Tại quán,5.3,
GD01686,11/05/2025 17:45,CN03,KH0083,SP05,1, Giao hàng,21.4,
GD01687,11/05/2025 17:47,CN04,KH0217,SP14,4,Giao hàng,23.9,Bình thường
GD01688,11/05/2025 20:32,CN02,KH0421,SP08,2,Tại quán,12.0,Rất tốt
GD01689,12/05/2025 10:55,CN04,KH0035,SP07,4,Giao hàng,23.4,Bình thường
GD01690,12/05/2025 12:14,CN01,KH0246,SP03,1,Giao hàng,20.5,Bình thường
GD01691,12/05/2025 12:46,CN04,,SP14,1,Mang đi,4.6,Tốt
GD01692,12/05/2025 12:56,CN03,KH0072,SP12,2,Mang đi,2.8,Bình thường
GD01693,12/05/2025 13:55,CN04,KH0151,SP03,2,Giao hàng,17.8,Rất tốt
GD01694,12/05/2025 14:24,CN01,KH0298,SP11,1,Tại quán,7.2,Bình thường
GD01695,12/05/2025 17:11,CN02,KH0064,SP03,1,Giao hàng,30.6,
GD01696,12/05/2025 18:10,CN03,KH0365,SP09,2,Mang đi  ,4.0,Rất tốt
GD01697,12/05/2025 19:33,CN04,KH0156,SP02,2,Giao hàng,19.8,Bình thường
GD01698,12/05/2025 19:37,CN04,KH0015,SP07,1,Tại quán,4.4,Tốt
GD01699,12/05/2025 19:39,CN03,KH0026,SP11,2,MANG ĐI,2.5,Rất tốt
GD01700,12/05/2025 20:19,CN04,,SP01,1,mang đi,2.0,Tốt
GD01700,12/05/2025 20:19,CN04,,SP01,1,mang đi,2.0,Tốt
GD01701,13/05/2025 08:30,CN03,KH0027,SP10,1,Tại quán,6.7,Tốt
GD01702,13/05/2025 08:38,CN01,,SP05,1,Tai quan,2.5,Bình thường
GD01703,13/05/2025 08:45,CN04,KH0187,SP13,1,Mang đi,2.9,Rất tốt
GD01704,13/05/2025 08:45,CN01,KH0001,SP10,3,mang đi,3.6,Rất tốt
GD01705,13/05/2025 08:54,CN02,KH0353,SP05,1,Tại quán,6.3,
GD01706,13/05/2025 09:25,CN03,KH0336,SP10,3,Tại quán,3.7,
GD01707,13/05/2025 10:08,CN03,KH0326,SP16,1,Mang đi,3.6,Rất tốt
GD01708,13/05/2025 12:22,CN04,KH0300,SP12,1,Tại quán,9.9,Rất tốt
GD01709,13/05/2025 14:55,CN03,KH0360,SP09,4,Mang đi  ,2.8,
GD01710,13/05/2025 15:42,CN04,KH0283,SP13,1, Giao hàng,13.1,Rất tốt
GD01711,13/05/2025 15:47,CN02,,SP07,3,MANG ĐI,3.6,Rất tốt
GD01712,13/05/2025 17:02,CN03,KH0059,SP13,2,Mang đi,5.1,Tốt
GD01713,13/05/2025 18:26,CN04,,SP06,1,Tại quán,4.7,Tốt
GD01714,13/05/2025 18:29,CN02,KH0132,SP10,2,Giao hàng,17.1,Tốt
GD01715,13/05/2025 18:37,CN01,,SP01,1,Tại quán,11.4,Bình thường
GD01716,13/05/2025 18:46,CN01,KH0381,SP07,1,Tại quán,5.4,Rất tốt
GD01717,13/05/2025 19:03,CN03,KH0385,SP08,1,Mang đi  ,5.5,Rất tốt
GD01718,13/05/2025 19:47,CN01,,SP03,3,Giao hàng,37.3,Bình thường
GD01719,13/05/2025 21:04,CN03,KH0034,SP06,1,Giao hàng,22.3,Bình thường
GD01720,14/05/2025 10:02,CN02,,SP03,1,Tại quán,5.6,Bình thường
GD01721,14/05/2025 10:10,CN04,,SP18,1,Mang đi,4.3,Bình thường
GD01722,14/05/2025 10:56,CN02,KH0177,SP09,1,Tại quán,2.8,Tốt
GD01723,14/05/2025 10:57,CN01,KH0095,SP15,2,Mang đi,4.1,Tốt
GD01724,14/05/2025 12:17,CN01,,SP12,2,Mang đi,4.3,Tốt
GD01725,14/05/2025 13:17,CN03,KH0057,SP06,3,Mang đi,2.9,Tốt
GD01725,14/05/2025 13:17,CN03,KH0057,SP06,3,Mang đi,2.9,Tốt
GD01726,14/05/2025 13:35,CN01,KH0310,SP16,2, Tại quán,5.4,Rất tốt
GD01727,14/05/2025 18:14,CN02,,SP16,1,Tại quán,6.4,
GD01728,14/05/2025 18:16,CN01,KH0057,SP08,3,Tại quán,5.3,
GD01729,14/05/2025 20:04,CN04,KH0129,SP10,5,Giao hàng,50.9,Tệ
GD01730,14/05/2025 20:22,CN03,KH0324,SP02,4,Mang đi,4.5,
GD01731,15/05/2025 07:53,CN03,KH0125,SP07,2,Giao hàng,13.3,
GD01732,15/05/2025 07:59,CN04,,SP02,1,Tại quán,12.4,Bình thường
GD01733,15/05/2025 08:55,CN03,KH0269,SP08,2,Tại quán,5.5,Rất tốt
GD01734,15/05/2025 11:29,CN04,KH0267,SP02,2,Tại quán,7.3,Tốt
GD01735,15/05/2025 15:17,CN01,KH0167,SP06,1,Mang đi,4.4,Rất tốt
GD01736,15/05/2025 15:57,CN02,KH0179,SP08,2,Tại quán,6.5,Bình thường
GD01737,15/05/2025 19:44,CN04,,SP01,2,Giao hàng,18.9,Bình thường
GD01738,15/05/2025 20:28,CN02,,SP04,2,Mang đi,8.7,Tốt
GD01739,15/05/2025 20:50,CN01,KH0249,SP02,3,Tại quán,9.6,Rất tốt
GD01740,15/05/2025 21:09,CN03,,SP06,1,Tại quán,2.2,Tốt
GD01741,16/05/2025 08:47,CN04,,SP05,1,Giao hàng,24.6,Tốt
GD01742,16/05/2025 09:18,CN01,KH0226,SP03,1,Mang di,1.7,
GD01743,16/05/2025 10:26,CN03,,SP09,2,Tại quán,4.3,Bình thường
GD01744,16/05/2025 10:38,CN04,KH0310,SP16,2,Mang đi,4.5,
GD01745,16/05/2025 10:55,CN04,KH0322,SP03,1,Tại quán,4.9,Rất tốt
GD01746,16/05/2025 11:55,CN02,,SP04,2,Giao hàng,28.1,Bình thường
GD01747,16/05/2025 12:46,CN04,KH0233,SP15,1,Giao hàng,23.2,Tốt
GD01748,16/05/2025 14:03,CN04,KH0392,SP03,1,Tại quán,7.2,Bình thường
GD01749,16/05/2025 14:59,CN01,KH0368,SP06,2,Giao hàng,32.0,
GD01750,16/05/2025 15:03,CN03,KH0439,SP06,2,MANG ĐI,2.3,Tốt
GD01751,16/05/2025 16:01,CN02,KH0013,SP06,1,Giao hàng,15.6,Rất tốt
GD01752,16/05/2025 16:20,CN01,KH0038,SP06,1, Tại quán,3.4,Tốt
GD01753,16/05/2025 18:54,CN01,KH0289,SP06,,GIAO HÀNG,16.5,Tốt
GD01754,16/05/2025 19:42,CN01,KH0199,SP18,2,Mang đi,2.9,Tốt
GD01755,16/05/2025 19:43,CN03,KH0310,SP13,2,Giao hàng,18.5,Tốt
GD01756,16/05/2025 20:07,CN02,KH0226,SP01,1,Mang đi,3.8,Tốt
GD01757,17/05/2025 07:14,CN02,KH0110,SP07,3,Mang đi,5.7,Bình thường
GD01758,17/05/2025 07:18,CN03,,SP09,1,Giao hàng,35.7,Bình thường
GD01759,17/05/2025 07:30,CN01,,SP01,2,Mang đi,8.4,Rất tốt
GD01760,17/05/2025 07:35,CN01,KH0335,SP02,2, Giao hàng,19.0,Tốt
GD01761,17/05/2025 08:52,CN03,,SP09,2,Giao hàng,23.3,Rất tốt
GD01762,17/05/2025 09:00,CN02,,SP04,1,Tại quán,7.8,
GD01763,17/05/2025 09:11,CN01,,SP13,2,Tại quán,5.6,Bình thường
GD01764,17/05/2025 09:46,CN01,KH0212,SP01,2,Tại quán,3.6,Bình thường
GD01765,17/05/2025 09:56,CN01,KH0122,SP07,1,Mang đi,4.3,Bình thường
GD01766,17/05/2025 10:41,CN04,,SP16,2,Mang đi,2.8,Rất tốt
GD01767,17/05/2025 12:50,CN01,KH0158,SP05,1,Mang đi,2.2,Rất tốt
GD01768,17/05/2025 14:00,CN02,KH0053,SP02,1,Tại quán,5.8,Rất tốt
GD01769,17/05/2025 15:44,CN04,,SP12,1,MANG ĐI,3.6,Tệ
GD01770,17/05/2025 17:32,CN03,KH0222,SP02,1,Giao hàng,35.0,Tốt
GD01771,17/05/2025 17:34,CN02,,SP01,2,Giao hàng,19.7,
GD01772,17/05/2025 18:42,CN04,KH0195,SP03,1,Tại quán,6.1,Tốt
GD01773,17/05/2025 19:27,CN03,KH0215,SP12,1,Giao hàng,24.6,
GD01774,17/05/2025 20:04,CN01,,SP16,1,Mang đi,2.0,Bình thường
GD01775,17/05/2025 20:07,CN04,KH0135,SP14,2,Tại quán,3.5,Rất tốt
GD01776,18/05/2025 08:15,CN04,KH0159,SP04,2,tại quán,5.4,Tốt
GD01777,18/05/2025 08:34,CN04,KH0291,SP06,1,Mang đi,2.4,Tốt
GD01778,18/05/2025 11:58,CN03,KH0054,SP03,2,Giao hàng,16.0,Tốt
GD01779,18/05/2025 13:13,CN01,KH0180,SP02,1,Tại quán,5.8,
GD01780,18/05/2025 16:00,CN02,KH0115,SP02,3,Giao hàng,31.1,Tệ
GD01781,18/05/2025 16:21,CN01,KH0317,SP11,1,Mang đi,3.8,Rất tốt
GD01782,18/05/2025 17:23,CN01,,SP10,1,Mang đi  ,3.5,Rất tốt
GD01783,18/05/2025 19:07,CN03,KH0308,SP07,1,Tại quán,11.9,
GD01784,18/05/2025 19:29,CN03,KH0303,SP07,3,Giao hàng,20.3,Tốt
GD01785,18/05/2025 19:31,CN02,,SP07,2,Giao hàng,14.8,Rất tốt
GD01786,18/05/2025 19:48,CN01,,SP10,1,Tại quán,4.3,
GD01787,18/05/2025 19:56,CN04,,SP15,4,Mang đi,3.7,Tốt
GD01788,18/05/2025 21:04,CN01,KH0116,SP06,1,Tại quán,2.1,Tốt
GD01789,18/05/2025 21:05,CN01,KH0116,SP15,1,Mang đi,4.3,
GD01790,19/05/2025 07:05,CN01,,SP14,2,Giao hàng,11.9,
GD01791,19/05/2025 08:13,CN01,KH0069,SP06,2,Giao hàng,21.6,Tốt
GD01792,19/05/2025 08:43,CN03,,SP05,1,Giao hàng,23.7,Bình thường
GD01793,19/05/2025 10:41,CN04,,SP03,1,GIAO HÀNG,12.6,Tốt
GD01794,19/05/2025 11:33,CN03,KH0159,SP01,1,Mang đi,10.7,
GD01795,19/05/2025 15:07,CN04,,SP16,2,Mang đi,7.5,Tốt
GD01796,19/05/2025 15:10,CN03,,SP05,4,Giao hàng,33.5,
GD01797,19/05/2025 15:25,CN01,,SP13,1,Tại quán,9.0,Tốt
GD01798,19/05/2025 18:44,CN02,KH0351,SP11,3,Tại quán,4.8,Rất tốt
GD01799,19/05/2025 19:33,CN04,KH0368,SP11,1, Tại quán,5.8,Tốt
GD01800,19/05/2025 19:52,CN02,KH0098,SP04,, Giao hàng,22.2,
GD01801,20/05/2025 07:24,CN01,KH0128,SP04,2,Tại quán,7.1,Rất tốt
GD01802,20/05/2025 08:09,CN01,KH0008,SP10,2,Tại quán,4.9,Rất tốt
GD01803,20/05/2025 08:10,CN03,KH0326,SP12,1,Mang đi,5.9,
GD01804,20/05/2025 08:51,CN04,KH0132,SP04,1,Tại quán,8.9,Bình thường
GD01805,20/05/2025 08:53,CN03,KH0384,SP11,2,Tại quán,9.6,Tốt
GD01806,20/05/2025 09:40,CN04,KH0114,SP05,2,Giao hàng,34.0,Bình thường
GD01807,20/05/2025 12:27,CN02,KH0301,SP16,2,Tại quán,5.1,Rất tốt
GD01808,20/05/2025 12:36,CN01,KH0381,SP15,3,Mang đi,6.1,
GD01809,20/05/2025 12:41,CN02,,SP04,1,Mang đi,5.6,
GD01810,20/05/2025 16:01,CN03,,SP02,1,Tại quán,8.2,Rất tốt
GD01811,20/05/2025 16:40,CN02,,SP09,1,TẠI QUÁN,6.9,
GD01812,20/05/2025 16:50,CN04,KH0075,SP08,2,Tại quán,7.3,Tốt
GD01813,20/05/2025 18:44,CN02,,SP02,1,GIAO HÀNG,29.3,Bình thường
GD01814,20/05/2025 21:17,CN01,,SP01,1,Mang đi,3.6,
GD01815,21/05/2025 08:24,CN01,,SP04,4,Giao hàng,29.7,Tốt
GD01816,21/05/2025 08:40,CN04,KH0282,SP08,3,GIAO HÀNG,24.8,
GD01817,21/05/2025 08:52,CN03,KH0349,SP13,2,Tại quán,6.5,
GD01818,21/05/2025 09:37,CN03,,SP05,3,GIAO HÀNG,19.7,
GD01819,21/05/2025 09:57,CN02,KH0255,SP03,1,Mang di,4.8,Tốt
GD01820,21/05/2025 10:25,CN03,KH0108,SP01,1,Tại quán,9.0,Bình thường
GD01821,21/05/2025 13:58,CN01,KH0088,SP04,1, Tại quán,6.4,Rất tốt
GD01822,21/05/2025 14:11,CN01,KH0110,SP13,3,Giao hàng,25.1,Tốt
GD01823,21/05/2025 14:41,CN04,,SP14,1,Tại quán,5.6,
GD01824,21/05/2025 15:19,CN03,,SP07,2,Mang đi,5.2,
GD01825,21/05/2025 15:46,CN02,KH0127,SP04,3,Giao hàng,21.9,Bình thường
GD01826,21/05/2025 16:25,CN02,KH0127,SP15,3,Giao hàng,35.3,Tệ
GD01827,21/05/2025 17:40,CN02,KH0003,SP01,1,Giao hàng,34.2,
GD01828,21/05/2025 18:19,CN04,KH0281,SP08,1,Mang đi,6.8,Tốt
GD01829,21/05/2025 18:32,CN01,KH0345,SP02,2,Mang đi,8.2,Tốt
GD01830,21/05/2025 18:41,CN03,,SP07,3,Tai quan,4.1,Tốt
GD01831,21/05/2025 19:23,CN03,KH0405,SP12,1,Mang đi,3.2,Tốt
GD01832,22/05/2025 07:51,CN03,KH0334,SP10,4,Giao hàng,19.6,Bình thường
GD01833,22/05/2025 08:48,CN02,,SP08,2,Mang đi,6.2,
GD01834,22/05/2025 10:12,CN01,,SP10,1,Mang đi,2.0,
GD01835,22/05/2025 10:20,CN03,,SP08,2,Giao hàng,27.5,Bình thường
GD01836,22/05/2025 10:49,CN03,KH0430,SP08,1,Mang đi,2.1,Rất tốt
GD01837,22/05/2025 11:14,CN04,KH0397,SP18,3,Giao hàng,15.5,Tệ
GD01838,22/05/2025 12:12,CN04,KH0165,SP10,4,Mang đi,3.0,Rất tốt
GD01839,22/05/2025 13:07,CN03,,SP01,1,Giao hàng,27.0,Bình thường
GD01840,22/05/2025 14:11,CN02,KH0361,SP03,2,Mang đi,6.4,
GD01841,22/05/2025 15:03,CN03,KH0209,SP12,1,Giao hàng,32.3,Tốt
GD01842,22/05/2025 15:22,CN02,,SP14,2,Tại quán,4.5,Tốt
GD01843,22/05/2025 15:55,CN02,KH0295,SP07,2,Giao hàng,46.3,
GD01844,22/05/2025 18:55,CN02,,SP04,1,Tại quán,2.7,Rất tốt
GD01845,22/05/2025 20:00,CN03,KH0010,SP09,2,Mang đi,8.5,Tốt
GD01846,22/05/2025 20:34,CN02,KH0381,SP01,1,Mang đi,2.5,Rất tốt
GD01847,22/05/2025 21:38,CN01,KH0181,SP01,2,Tại quán,4.5,Tốt
GD01848,23/05/2025 08:41,CN02,,SP01,1,Tai quan,12.4,
GD01849,23/05/2025 08:54,CN01,,SP16,3,Giao hàng,25.0,Bình thường
GD01850,23/05/2025 09:23,CN02,,SP09,2,Giao hàng,35.0,Bình thường
GD01851,23/05/2025 13:34,CN02,,SP01,1,Giao hàng,26.4,Tệ
GD01852,23/05/2025 14:40,CN03,KH0035,SP06,2,Tại quán,6.5,Tốt
GD01853,23/05/2025 15:40,CN04,,SP15,1,Mang đi,6.0,Tốt
GD01854,23/05/2025 16:02,CN01,KH0213,SP01,1,Tại quán,5.3,Tốt
GD01855,23/05/2025 16:50,CN01,KH0190,SP13,1,Tại quán,8.5,Bình thường
GD01856,23/05/2025 20:44,CN01,KH0040,SP06,2, Giao hàng,21.7,Bình thường
GD01857,24/05/2025 08:33,CN04,,SP11,2,Mang đi,7.5,
GD01858,24/05/2025 09:12,CN02,KH0288,SP09,2,Tại quán,4.2,Tốt
GD01859,24/05/2025 11:08,CN01,,SP04,2,Giao hàng,37.6,Bình thường
GD01860,24/05/2025 11:38,CN04,,SP04,,Mang đi,3.6,Tốt
GD01861,24/05/2025 12:03,CN02,KH0196,SP02,2,Mang đi,4.6,
GD01862,24/05/2025 14:00,CN04,,SP01,1,Tại quán,4.5,Rất tốt
GD01863,24/05/2025 14:03,CN01,KH0160,SP07,1,Giao hàng,36.8,Bình thường
GD01864,24/05/2025 17:00,CN02,,SP01,1,Giao hàng,32.0,Bình thường
GD01865,24/05/2025 18:58,CN01,KH0224,SP04,3,Mang đi,5.3,
GD01866,24/05/2025 19:10,CN03,KH0192,SP02,1,Mang đi,5.9,Tốt
GD01867,24/05/2025 19:26,CN04,KH0052,SP16,3, Tại quán,4.0,Bình thường
GD01868,24/05/2025 20:26,CN03,KH0320,SP08,4,Giao hàng,29.6,Tệ
GD01869,25/05/2025 08:48,CN02,KH0221,SP02,3,Giao hàng,27.4,Tốt
GD01870,25/05/2025 09:11,CN03,KH0324,SP01,2,Mang đi,2.7,Rất tốt
GD01871,25/05/2025 09:16,CN01,,SP04,1,Giao hàng,15.7,
GD01872,25/05/2025 09:23,CN02,KH0370,SP06,2,Tại quán,6.0,Rất tốt
GD01873,25/05/2025 09:37,CN03,KH0246,SP06,1,Mang đi,6.5,Tốt
GD01874,25/05/2025 10:29,CN04,KH0321,SP05,1,Tại quán,8.8,Tốt
GD01875,25/05/2025 13:55,CN03,KH0269,SP08,2,GIAO HÀNG,24.7,Bình thường
GD01876,25/05/2025 15:53,CN03,KH0381,SP10,,Mang đi,3.9,Tốt
GD01877,25/05/2025 17:07,CN02,,SP05,1,Mang đi,4.4,Rất tốt
GD01878,25/05/2025 17:33,CN02,KH0295,SP02,5,Tại quán,6.6,
GD01879,25/05/2025 20:24,CN02,,SP09,1,Mang đi,6.7,Tốt
GD01880,25/05/2025 20:54,CN01,,SP08,1, Tại quán,3.0,Rất tốt
GD01881,26/05/2025 08:29,CN01,KH0169,SP05,3,Tại quán,10.0,Tốt
GD01882,26/05/2025 09:49,CN01,KH0139,SP04,1,Giao hàng,27.0,Bình thường
GD01883,26/05/2025 10:11,CN02,,SP03,2,Mang đi,4.2,
GD01884,26/05/2025 11:20,CN03,KH0054,SP09,2,Tại quán,3.9,
GD01885,26/05/2025 14:10,CN04,,SP03,2,tại quán,6.0,Tốt
GD01886,26/05/2025 15:02,CN02,KH0150,SP12,1,Tại quán,7.7,Tốt
GD01887,26/05/2025 17:46,CN04,,SP16,2, Tại quán,3.9,Rất tốt
GD01888,26/05/2025 19:08,CN02,KH0148,SP01,2,Tại quán,4.3,
GD01889,26/05/2025 19:10,CN03,KH0056,SP01,3,Giao hàng,16.4,Rất tốt
GD01890,26/05/2025 20:11,CN01,KH0286,SP12,1,Giao hàng,26.2,Tốt
GD01891,26/05/2025 20:18,CN01,,SP13,2,Tại quán,6.1,Tốt
GD01892,26/05/2025 20:34,CN03,KH0052,SP07,,Mang đi,5.6,Tốt
GD01893,27/05/2025 09:25,CN01,KH0062,SP02,,tại quán,6.9,Rất tốt
GD01894,27/05/2025 09:49,CN03,KH0360,SP07,1,Mang đi,2.8,Bình thường
GD01895,27/05/2025 12:07,CN02,KH0264,SP04,1,Giao hàng,16.2,Tốt
GD01896,27/05/2025 12:46,CN01,KH0097,SP03,1,Giao hàng,15.5,Tệ
GD01897,27/05/2025 14:05,CN03,,SP03,1,Tại quán,3.0,Tốt
GD01898,27/05/2025 17:52,CN04,KH0052,SP01,2,Tại quán,8.6,Rất tốt
GD01899,27/05/2025 18:05,CN01,KH0256,SP02,1,Tại quán,11.9,Tốt
GD01900,27/05/2025 18:07,CN01,,SP04,5,Giao hàng,16.9,Tệ
GD01901,27/05/2025 18:43,CN03,,SP01,2,tại quán,5.1,
GD01902,27/05/2025 20:22,CN04,,SP02,1,MANG ĐI,3.2,Bình thường
GD01903,27/05/2025 20:54,CN01,,SP02,2,Tại quán,6.8,Tốt
GD01904,28/05/2025 08:01,CN04,KH0253,SP02,2,Tại quán,6.5,
GD01905,28/05/2025 08:48,CN04,,SP05,4,Tại quán,7.9,Bình thường
GD01906,28/05/2025 09:11,CN01,KH0079,SP10,2,Tại quán,5.0,Rất tốt
GD01907,28/05/2025 12:35,CN03,,SP13,1,Tại quán,2.0,Tốt
GD01908,28/05/2025 12:47,CN03,KH0103,SP06,,Tại quán,4.2,
GD01909,28/05/2025 12:48,CN01,KH0300,SP11,2,Tại quán,7.6,Tốt
GD01910,28/05/2025 13:12,CN03,KH0090,SP04,1,Giao hàng,-3.0,Tốt
GD01911,28/05/2025 13:57,CN04,KH0321,SP09,1, Tại quán,2.9,Rất tốt
GD01912,28/05/2025 14:26,CN03,,SP03,1,Mang đi,6.6,
GD01913,28/05/2025 16:03,CN03,KH0252,SP06,2,Mang đi,7.9,Tốt
GD01914,28/05/2025 16:06,CN01,KH0308,SP08,2,Tại quán,3.6,Tốt
GD01915,28/05/2025 16:38,CN03,,SP03,1,Mang đi,3.5,Rất tốt
GD01916,28/05/2025 17:20,CN01,,SP05,2,Giao hàng,28.4,Tốt
GD01917,28/05/2025 18:43,CN01,,SP04,1,Tại quán,7.1,
GD01918,29/05/2025 08:18,CN01,,SP02,1,Giao hàng,24.9,
GD01919,29/05/2025 08:33,CN02,,SP13,1, Tại quán,10.3,Tốt
GD01920,29/05/2025 08:41,CN03,KH0258,SP03,2,tại quán,8.0,Rất tốt
GD01921,29/05/2025 09:11,CN01,KH0308,SP01,1,Tại quán,7.3,
GD01922,29/05/2025 12:02,CN02,KH0258,SP09,1,Tại quán,10.2,Tốt
GD01923,29/05/2025 16:18,CN03,KH0096,SP03,2,Tại quán,5.3,Tốt
GD01924,29/05/2025 16:19,CN02,KH0224,SP03,2,Mang đi,2.2,Rất tốt
GD01925,29/05/2025 18:05,CN03,KH0457,SP14,2,Giao hàng,44.5,Tệ
GD01926,29/05/2025 18:16,CN03,,SP06,2,Tại quán,4.1,
GD01927,29/05/2025 18:32,CN01,KH0034,SP02,6,Giao hàng,14.5,Tốt
GD01928,30/05/2025 08:47,CN04,,SP07,1,Tại quán,3.8,Tốt
GD01929,30/05/2025 09:41,CN04,,SP16,2,Mang đi,6.1,Rất tốt
GD01930,30/05/2025 11:53,CN01,,SP15,2,Mang đi,4.0,Tốt
GD01931,30/05/2025 12:45,CN02,KH0381,SP03,2,Mang đi,5.0,
GD01932,30/05/2025 15:19,CN03,,SP08,,Tại quán,4.3,Tốt
GD01933,30/05/2025 16:36,CN03,KH0164,SP04,2,Giao hàng,21.0,Bình thường
GD01934,30/05/2025 17:30,CN02,,SP12,2,Giao hàng,12.6,
GD01935,30/05/2025 19:41,CN01,KH0214,SP09,2,Mang đi,3.4,Tốt
GD01936,31/05/2025 07:19,CN04,KH0116,SP03,2,Tại quán,2.8,Tốt
GD01937,31/05/2025 07:55,CN01,KH0242,SP02,3,Tại quán,3.2,Rất tốt
GD01938,31/05/2025 11:39,CN01,KH0202,SP16,2,Tại quán,4.0,Tốt
GD01939,31/05/2025 11:44,CN02,,SP04,3,Tại quán,3.3,Bình thường
GD01940,31/05/2025 11:57,CN03,KH0362,SP09,1,Mang đi,2.9,Tốt
GD01941,31/05/2025 12:01,CN03,KH0151,SP14,1,Mang đi,1.8,
GD01942,31/05/2025 13:57,CN03,,SP03,1,TẠI QUÁN,3.1,
GD01943,31/05/2025 15:07,CN02,,SP09,5,Giao hàng,23.5,Bình thường
GD01944,31/05/2025 16:30,CN01,KH0424,SP04,3,Giao hàng,21.7,Tốt
GD01945,31/05/2025 17:12,CN01,KH0192,SP09,1,Tại quán,9.2,Bình thường
GD01946,31/05/2025 17:44,CN03,KH0279,SP06,2,Mang đi,4.5,
GD01947,31/05/2025 19:01,CN01,KH0122,SP04,2,Giao hàng,28.8,Tốt
GD01948,31/05/2025 21:10,CN04,,SP15,3,Mang đi,5.4,Tốt
GD01949,01/06/2025 07:18,CN04,KH0174,SP06,2,Giao hàng,21.7,Bình thường
GD01950,01/06/2025 08:25,CN04,KH0429,SP10,4,Giao hàng,13.1,Tốt
GD01951,01/06/2025 08:29,CN03,KH0428,SP04,1,Giao hàng,25.3,
GD01952,01/06/2025 09:08,CN02,KH0161,SP04,3,Mang đi,4.7,
GD01953,01/06/2025 10:07,CN03,,SP15,3,Mang đi,4.5,Rất tốt
GD01954,01/06/2025 10:16,CN01,KH0349,SP10,2,Mang đi,5.8,Rất tốt
GD01955,01/06/2025 10:52,CN01,,SP11,1,Mang đi,3.3,Tốt
GD01956,01/06/2025 11:55,CN02,KH0312,SP08,1,Mang đi  ,3.5,Rất tốt
GD01957,01/06/2025 12:09,CN02,KH0093,SP11,4,Mang đi,1.9,Tốt
GD01958,01/06/2025 13:00,CN04,KH0157,SP08,4,Mang đi,1.5,Tốt
GD01959,01/06/2025 13:19,CN04,KH0141,SP12,2,Mang đi,2.0,Rất tốt
GD01960,01/06/2025 14:46,CN03,KH0231,SP07,3,Mang di,7.1,Bình thường
GD01961,01/06/2025 15:01,CN03,KH0153,SP10,1,Tại quán,2.8,Tốt
GD01962,01/06/2025 15:15,CN04,KH0066,SP07,1,Mang đi,3.2,Tốt
GD01963,01/06/2025 15:23,CN02,KH0036,SP10,5,MANG ĐI,3.1,Tốt
GD01964,01/06/2025 17:11,CN02,KH0378,SP07,2,Mang đi,1.4,Rất tốt
GD01965,01/06/2025 19:42,CN04,KH0028,SP03,1,Tại quán,4.0,Rất tốt
GD01966,01/06/2025 19:59,CN04,KH0076,SP14,1,Mang đi,5.8,Bình thường
GD01967,01/06/2025 20:14,CN02,KH0448,SP02,2,Mang đi,2.2,
GD01968,01/06/2025 20:22,CN04,KH0082,SP08,3,Tại quán,4.5,Tốt
GD01969,01/06/2025 20:52,CN02,KH0210,SP04,1,MANG ĐI,7.7,Bình thường
GD01970,02/06/2025 07:09,CN02,KH0300,SP03,1, Tại quán,9.9,Rất tốt
GD01971,02/06/2025 08:17,CN04,KH0437,SP15,1,MANG ĐI,5.0,Tốt
GD01972,02/06/2025 08:23,CN04,KH0036,SP15,5,Giao hàng,17.2,Tốt
GD01973,02/06/2025 10:06,CN04,KH0210,SP16,4,Giao hàng,16.5,Bình thường
GD01974,02/06/2025 13:08,CN03,KH0325,SP07,1,Mang đi,4.9,
GD01975,02/06/2025 13:58,CN01,,SP08,3,GIAO HÀNG,32.1,
GD01976,03/06/2025 07:43,CN02,KH0088,SP05,1,Tại quán,14.9,
GD01977,03/06/2025 08:19,CN04,,SP06,1,Giao hàng,36.1,Rất tệ
GD01978,03/06/2025 09:59,CN01,KH0298,SP05,1,Tại quán,5.4,Tốt
GD01979,03/06/2025 11:01,CN01,KH0009,SP09,2,Tại quán,5.6,Bình thường
GD01980,03/06/2025 11:08,CN03,KH0133,SP06,2,Tại quán,4.5,Rất tốt
GD01981,03/06/2025 12:26,CN01,KH0135,SP02,1,Mang đi,3.9,
GD01982,03/06/2025 13:16,CN01,,SP02,2,Giao hàng,9.3,Tốt
GD01983,03/06/2025 13:17,CN01,KH0002,SP01,2,Giao hàng,15.1,
GD01984,03/06/2025 19:34,CN04,KH0150,SP06,1,Mang di,4.1,Bình thường
GD01985,03/06/2025 20:07,CN02,KH0321,SP03,2,Mang đi,3.4,Tốt
GD01986,03/06/2025 21:29,CN02,,SP06,2,Tại quán,5.6,Tốt
GD01987,04/06/2025 08:10,CN03,,SP04,1,Mang đi,6.0,Tốt
GD01988,04/06/2025 09:23,CN03,KH0386,SP12,2,Mang đi,3.7,Bình thường
GD01989,04/06/2025 09:56,CN04,KH0213,SP13,1,Tại quán,8.3,Rất tốt
GD01990,04/06/2025 10:01,CN01,,SP01,1,GIAO HÀNG,33.4,Bình thường
GD01991,04/06/2025 10:06,CN03,KH0120,SP14,1,Tại quán,4.7,Rất tốt
GD01992,04/06/2025 12:13,CN01,,SP04,2,mang đi,1.8,
GD01993,04/06/2025 12:51,CN04,KH0353,SP06,2,Giao hàng,16.6,Tốt
GD01994,04/06/2025 12:52,CN03,,SP02,1,Mang đi,9.2,Tốt
GD01995,04/06/2025 13:33,CN01,KH0238,SP01,1,MANG ĐI,4.7,Tốt
GD01996,04/06/2025 15:59,CN04,KH0070,SP13,2,Mang đi,8.1,Rất tốt
GD01997,04/06/2025 16:18,CN03,KH0377,SP05,1,Mang đi,2.3,Tốt
GD01998,04/06/2025 18:01,CN03,KH0151,SP02,2,Mang đi,5.5,Tốt
GD01999,04/06/2025 18:19,CN03,KH0334,SP12,5,Mang đi,5.9,Tốt
GD02000,04/06/2025 19:14,CN04,,SP08,1,Tại quán,7.2,
GD02001,04/06/2025 20:08,CN04,KH0018,SP11,2,Giao hàng,22.6,Tệ
GD02002,04/06/2025 20:11,CN03,KH0074,SP06,1,Tại quán,10.7,Tốt
GD02003,04/06/2025 20:31,CN04,KH0396,SP05,3,Giao hàng,14.1,Bình thường
GD02004,04/06/2025 21:35,CN04,KH0084,SP12,1,Mang đi,4.9,Rất tốt
GD02005,05/06/2025 08:49,CN01,KH0190,SP07,2,Tại quán,6.4,
GD02006,05/06/2025 10:04,CN03,,SP07,1,Tại quán,2.3,Tốt
GD02007,05/06/2025 10:43,CN04,KH0387,SP03,1,Tai quan,9.0,Rất tốt
GD02008,05/06/2025 10:45,CN01,KH0001,SP06,1,Tại quán,8.1,Tốt
GD02009,05/06/2025 12:27,CN01,KH0330,SP05,1,tại quán,4.2,Tốt
GD02010,05/06/2025 12:36,CN01,KH0386,SP04,2,Mang đi,3.2,Rất tốt
GD02011,05/06/2025 12:47,CN02,,SP15,1,Mang đi,3.3,
GD02012,05/06/2025 12:52,CN01,KH0234,SP10,2,Mang đi,2.1,Rất tốt
GD02012,05/06/2025 12:52,CN01,KH0234,SP10,2,Mang đi,2.1,Rất tốt
GD02013,05/06/2025 13:38,CN01,KH0201,SP03,2,Tại quán,7.7,
GD02014,05/06/2025 17:21,CN01,KH0182,SP14,3,Tại quán,6.6,Bình thường
GD02015,05/06/2025 18:39,CN03,KH0283,SP18,1,Mang đi,9.0,
GD02016,05/06/2025 18:55,CN01,KH0036,SP01,3,Tại quán,6.5,Rất tốt
GD02016,05/06/2025 18:55,CN01,KH0036,SP01,3,Tại quán,6.5,Rất tốt
GD02017,05/06/2025 19:12,CN04,,SP15,3,GIAO HÀNG,51.8,Tệ
GD02018,05/06/2025 19:38,CN01,KH0231,SP10,,Mang đi,3.2,Tốt
GD02019,05/06/2025 20:47,CN03,KH0375,SP13,4,Mang đi,4.5,Bình thường
GD02020,05/06/2025 21:06,CN02,KH0360,SP16,1,TẠI QUÁN,4.3,Rất tốt
GD02021,06/06/2025 07:05,CN01,,SP06,1,TẠI QUÁN,4.7,Bình thường
GD02022,06/06/2025 08:32,CN02,KH0091,SP13,1,Mang đi,5.0,Tốt
GD02023,06/06/2025 09:06,CN03,,SP04,1,Tại quán,4.6,Tốt
GD02024,06/06/2025 10:35,CN03,KH0103,SP08,2,TẠI QUÁN,4.7,Tốt
GD02025,06/06/2025 10:51,CN01,KH0114,SP16,2,Mang đi  ,3.7,Tốt
GD02026,06/06/2025 12:57,CN02,KH0338,SP15,2,Giao hàng,26.2,
GD02027,06/06/2025 13:21,CN01,KH0378,SP04,1,Tại quán,9.1,Rất tốt
GD02028,06/06/2025 13:22,CN01,KH0261,SP03,1,Giao hàng,17.9,Rất tốt
GD02029,06/06/2025 13:31,CN01,,SP14,1,Tại quán,2.2,Rất tốt
GD02030,06/06/2025 13:39,CN01,KH0084,SP14,4,Tại quán,6.5,Bình thường
GD02031,06/06/2025 13:47,CN02,KH0037,SP03,1,mang đi,4.1,
GD02032,06/06/2025 14:06,CN03,KH0358,SP02,3,Giao hàng,21.6,Tốt
GD02033,06/06/2025 17:53,CN01,KH0322,SP03,2,Tại quán,4.8,Tốt
GD02034,06/06/2025 18:28,CN03,,SP06,1,Giao hàng,12.2,Bình thường
GD02035,06/06/2025 18:38,CN01,,SP01,2,Tại quán,7.0,Bình thường
GD02036,06/06/2025 19:45,CN04,KH0071,SP12,1,giao hàng,16.8,Tệ
GD02037,06/06/2025 19:58,CN01,,SP11,2,TẠI QUÁN,3.0,Tốt
GD02038,07/06/2025 07:41,CN03,,SP05,2,GIAO HÀNG,24.9,Tốt
GD02039,07/06/2025 08:06,CN03,KH0013,SP07,3,Mang đi,3.0,Tốt
GD02040,07/06/2025 08:22,CN01,KH0187,SP09,1,Tại quán,6.6,
GD02041,07/06/2025 08:26,CN02,KH0257,SP01,1,Tại quán,3.6,Tốt
GD02042,07/06/2025 09:17,CN03,,SP03,1,Tại quán,3.4,Tốt
GD02043,07/06/2025 09:46,CN04,KH0254,SP06,2,Tại quán,10.2,
GD02044,07/06/2025 09:58,CN02,KH0129,SP01,2,Tại quán,2.2,Rất tốt
GD02045,07/06/2025 12:00,CN01,KH0378,SP01,2,Giao hàng,23.4,Tốt
GD02046,07/06/2025 12:49,CN03,KH0388,SP15,2,Giao hàng,15.6,
GD02047,07/06/2025 13:04,CN01,,SP16,1,Giao hàng,20.4,Tốt
GD02048,07/06/2025 13:10,CN03,KH0314,SP09,3,Tại quán,4.9,Rất tốt
GD02049,07/06/2025 14:30,CN01,KH0342,SP11,1,Tại quán,3.1,
GD02050,07/06/2025 16:04,CN02,,SP02,2,Giao hàng,21.8,Tệ
GD02051,07/06/2025 16:46,CN02,,SP12,1,Mang đi,4.8,Bình thường
GD02052,07/06/2025 17:04,CN02,KH0329,SP01,1,Mang đi,3.1,Bình thường
GD02053,07/06/2025 17:26,CN03,KH0346,SP08,1, Tại quán,2.6,Tốt
GD02054,07/06/2025 17:32,CN02,KH0412,SP04,1,Mang đi,6.4,Tốt
GD02055,07/06/2025 18:21,CN04,KH0281,SP14,1,Tại quán,3.4,Tốt
GD02056,07/06/2025 18:34,CN03,KH0056,SP13,2,Tại quán,4.8,Tốt
GD02057,07/06/2025 20:03,CN02,KH0248,SP06,3,Giao hàng,20.2,
GD02058,08/06/2025 08:41,CN01,KH0225,SP06,1,Mang đi,5.7,Rất tốt
GD02059,08/06/2025 08:52,CN01,,SP08,1,Giao hàng,35.3,Rất tệ
GD02060,08/06/2025 10:56,CN01,,SP08,1,TẠI QUÁN,9.5,Rất tốt
GD02061,08/06/2025 12:15,CN04,KH0215,SP02,1,Mang đi,8.9,Rất tốt
GD02062,08/06/2025 13:08,CN01,KH0161,SP02,3,Tại quán,9.9,
GD02063,08/06/2025 13:13,CN03,KH0358,SP08,2,Mang đi  ,7.1,Tốt
GD02064,08/06/2025 13:23,CN02,KH0103,SP04,2,Mang đi,8.7,
GD02065,08/06/2025 15:29,CN02,KH0383,SP08,2,Tại quán,8.3,Bình thường
GD02066,08/06/2025 18:10,CN03,KH0191,SP07,1,Tại quán,3.6,Rất tốt
GD02067,08/06/2025 18:34,CN04,KH0267,SP02,2,Giao hàng,15.9,Bình thường
GD02068,08/06/2025 18:47,CN03,,SP06,2,Tại quán,10.7,Bình thường
GD02069,08/06/2025 19:30,CN03,KH0105,SP13,1,Tại quán,10.7,Bình thường
GD02070,08/06/2025 19:40,CN04,KH0114,SP01,3,Giao hàng,23.8,Tốt
GD02071,08/06/2025 19:41,CN03,KH0043,SP11,1,Tại quán,3.5,Tốt
GD02072,08/06/2025 21:09,CN01,,SP03,1,Mang di,6.7,
GD02073,09/06/2025 07:15,CN01,KH0439,SP11,3,Giao hang,21.0,
GD02074,09/06/2025 08:09,CN01,KH0212,SP05,1,mang đi,4.8,Rất tốt
GD02075,09/06/2025 08:20,CN03,KH0288,SP07,1,Tại quán,2.7,Rất tốt
GD02076,09/06/2025 08:34,CN04,KH0229,SP03,2,Mang đi,9.2,
GD02077,09/06/2025 09:05,CN01,,SP14,2,Tại quán,5.5,Tốt
GD02078,09/06/2025 10:01,CN01,,SP02,2,tại quán,3.4,Rất tốt
GD02079,09/06/2025 10:50,CN02,KH0220,SP06,1,Tại quán,4.1,Tốt
GD02080,09/06/2025 14:38,CN01,KH0309,SP07,2,Giao hàng,26.1,
GD02081,09/06/2025 15:13,CN02,,SP03,1,Mang đi,6.4,Tốt
GD02082,09/06/2025 16:20,CN02,,SP05,1,Tai quan,5.5,
GD02083,09/06/2025 18:23,CN03,KH0030,SP15,5,tại quán,3.8,
GD02084,09/06/2025 19:31,CN01,,SP06,1,Mang đi,2.1,Rất tốt
GD02085,10/06/2025 08:44,CN03,KH0165,SP12,1,Mang đi,5.6,Rất tốt
GD02086,10/06/2025 09:34,CN02,KH0334,SP14,3,Tại quán,5.2,Rất tốt
GD02087,10/06/2025 11:00,CN01,KH0372,SP06,1,GIAO HÀNG,20.0,
GD02088,10/06/2025 11:42,CN04,,SP12,1,Tại quán,5.2,
GD02089,10/06/2025 12:34,CN02,KH0286,SP01,2,Tại quán,5.9,Rất tốt
GD02090,10/06/2025 12:57,CN03,KH0162,SP15,2,Mang đi,2.1,Rất tốt
GD02091,10/06/2025 13:31,CN03,KH0059,SP06,3,Giao hàng,15.0,Tốt
GD02092,10/06/2025 13:47,CN01,,SP02,5,Tại quán,2.4,
GD02093,10/06/2025 14:42,CN03,KH0112,SP01,2,Giao hàng,26.0,Bình thường
GD02094,10/06/2025 15:00,CN01,KH0112,SP04,2,Giao hàng,19.7,Tốt
GD02095,11/06/2025 08:09,CN01,,SP07,1,MANG ĐI,3.9,Rất tốt
GD02096,11/06/2025 08:25,CN04,KH0357,SP13,3,Mang đi,8.9,Tốt
GD02097,11/06/2025 08:49,CN01,KH0073,SP09,1,Mang đi,4.0,
GD02098,11/06/2025 09:10,CN03,,SP03,3,Tại quán,2.9,Bình thường
GD02099,11/06/2025 09:55,CN04,KH0443,SP15,2, Giao hàng,19.2,
GD02100,11/06/2025 10:30,CN02,KH0268,SP06,2,Giao hàng,23.7,Bình thường
GD02101,11/06/2025 10:48,CN01,KH0032,SP13,1,Giao hàng,23.9,
GD02102,11/06/2025 10:57,CN04,,SP13,3,Mang đi,14.9,
GD02103,11/06/2025 18:01,CN03,KH0296,SP01,,Mang đi,4.3,Tốt
GD02104,11/06/2025 19:08,CN03,,SP02,1,Mang đi,6.8,Rất tốt
GD02105,11/06/2025 19:38,CN01,,SP07,1,GIAO HÀNG,18.0,Tốt
GD02106,11/06/2025 19:38,CN03,,SP05,1,Mang đi,5.0,Tốt
GD02107,11/06/2025 20:07,CN03,KH0121,SP01,2,Tại quán,6.0,Tốt
GD02108,11/06/2025 21:56,CN01,KH0182,SP04,1,Tại quán,8.0,Bình thường
GD02109,12/06/2025 08:45,CN01,KH0396,SP05,3,Giao hàng,33.4,Tệ
GD02110,12/06/2025 10:10,CN03,KH0335,SP11,,Tại quán,6.3,Rất tốt
GD02111,12/06/2025 10:28,CN04,KH0183,SP01,1,Mang đi,2.7,Tốt
GD02112,12/06/2025 12:55,CN02,KH0186,SP13,,Giao hàng,11.1,
GD02113,12/06/2025 13:07,CN01,,SP15,1,Tại quán,3.9,
GD02114,12/06/2025 13:11,CN03,KH0125,SP11,3, Giao hàng,26.4,Bình thường
GD02115,12/06/2025 13:41,CN02,KH0074,SP02,1,Tại quán,2.0,Tốt
GD02116,12/06/2025 15:21,CN02,,SP13,1,Mang đi,2.6,Tốt
GD02117,12/06/2025 15:24,CN02,KH0350,SP15,1,Mang đi,4.5,
GD02118,12/06/2025 16:28,CN01,,SP01,1,Tại quán,2.6,Tốt
GD02119,12/06/2025 17:52,CN02,,SP03,3,Mang đi,2.6,Tốt
GD02120,12/06/2025 21:04,CN01,,SP01,2,Tại quán,2.5,Tốt
GD02121,13/06/2025 07:25,CN03,KH0379,SP13,2,Tại quán,8.4,
GD02122,13/06/2025 09:26,CN04,,SP14,2,MANG ĐI,4.4,Tốt
GD02123,13/06/2025 11:54,CN02,KH0380,SP05,1,Tại quán,1.9,Rất tốt
GD02124,13/06/2025 14:34,CN03,KH0222,SP02,1,Mang đi,4.5,Rất tốt
GD02125,13/06/2025 14:36,CN01,KH0004,SP14,1,Giao hàng,21.4,Tệ
GD02126,13/06/2025 15:42,CN01,KH0423,SP16,2,Tại quán,8.6,Rất tốt
GD02127,13/06/2025 18:18,CN01,KH0388,SP13,1,Mang đi,3.2,Bình thường
GD02128,14/06/2025 07:51,CN02,,SP08,,Giao hàng,18.7,
GD02129,14/06/2025 08:18,CN04,KH0005,SP14,2,Mang đi  ,7.0,Bình thường
GD02130,14/06/2025 09:08,CN01,KH0147,SP14,2,Giao hàng,21.5,Bình thường
GD02131,14/06/2025 09:21,CN03,KH0125,SP11,1,Mang đi,1.6,Rất tốt
GD02132,14/06/2025 09:55,CN03,KH0025,SP11,2,Tại quán,7.0,Tốt
GD02133,14/06/2025 11:18,CN03,KH0195,SP01,1,Giao hàng,21.3,Bình thường
GD02134,14/06/2025 12:35,CN03,,SP13,3,Mang đi,3.7,Rất tốt
GD02135,14/06/2025 13:06,CN01,KH0133,SP01,3,Tại quán,2.8,Tốt
GD02136,14/06/2025 13:29,CN04,KH0180,SP08,2,Giao hang,48.2,Rất tệ
GD02137,14/06/2025 15:57,CN03,KH0357,SP01,3,Tại quán,7.2,Tệ
GD02138,14/06/2025 17:44,CN04,,SP10,2,Mang đi,3.4,Rất tốt
GD02139,14/06/2025 18:17,CN03,KH0127,SP03,1,Mang đi,2.7,Tốt
GD02140,14/06/2025 19:32,CN01,KH0365,SP09,1,Tại quán,4.8,Tốt
GD02141,14/06/2025 21:31,CN03,KH0382,SP05,1,Tại quán,4.1,Rất tốt
GD02142,15/06/2025 07:00,CN01,,SP07,3,Giao hàng,22.7,Rất tệ
GD02143,15/06/2025 07:44,CN02,,SP06,2,Giao hàng,17.5,Tốt
GD02144,15/06/2025 08:04,CN02,KH0303,SP10,2, Giao hàng,24.8,Tốt
GD02145,15/06/2025 08:21,CN01,,SP09,3, Giao hàng,16.7,Rất tốt
GD02146,15/06/2025 08:28,CN04,KH0308,SP15,4,Mang đi,10.4,Rất tốt
GD02147,15/06/2025 08:49,CN01,KH0038,SP11,2,Tại quán,11.4,Tốt
GD02148,15/06/2025 09:30,CN03,,SP04,2,Mang đi,4.1,Rất tốt
GD02149,15/06/2025 11:06,CN02,KH0373,SP02,3,Giao hàng,21.8,Tốt
GD02150,15/06/2025 11:20,CN03,,SP12,1,Mang đi,4.2,Tốt
GD02151,15/06/2025 16:53,CN02,KH0300,SP06,1,Mang đi,2.3,
GD02152,15/06/2025 17:11,CN01,KH0034,SP11,1,Mang đi,4.9,Tốt
GD02153,15/06/2025 19:05,CN03,KH0430,SP02,1,Mang đi,3.5,Rất tốt
GD02154,15/06/2025 19:35,CN03,KH0270,SP05,1,Tai quan,4.7,Tốt
GD02155,15/06/2025 21:50,CN02,,SP06,2,Mang đi,2.7,Tốt
GD02156,16/06/2025 07:54,CN01,KH0334,SP07,1,Tại quán,3.6,
GD02157,16/06/2025 08:19,CN01,KH0036,SP05,3,Mang đi,5.6,Tốt
GD02158,16/06/2025 08:21,CN01,KH0064,SP10,4,Giao hàng,19.9,
GD02159,16/06/2025 08:44,CN02,KH0267,SP03,1,Mang đi,6.2,Rất tốt
GD02160,16/06/2025 08:49,CN04,KH0172,SP13,1,Tại quán,7.4,Tốt
GD02161,16/06/2025 10:02,CN03,,SP08,1,MANG ĐI,3.4,Tốt
GD02162,16/06/2025 11:53,CN01,KH0247,SP04,2,Giao hàng,16.9,Bình thường
GD02163,16/06/2025 12:54,CN02,,SP09,,Tai quan,3.5,Tốt
GD02164,16/06/2025 13:26,CN04,KH0125,SP13,2,tại quán,3.1,Rất tốt
GD02165,16/06/2025 13:53,CN03,KH0097,SP03,1,Mang đi,2.4,Tốt
GD02166,16/06/2025 13:55,CN01,KH0184,SP02,4,Mang đi,5.3,
GD02167,16/06/2025 14:23,CN01,KH0136,SP10,2,Tại quán,3.1,Bình thường
GD02168,16/06/2025 14:40,CN03,KH0252,SP08,4,giao hàng,17.5,Rất tốt
GD02169,16/06/2025 15:46,CN01,KH0178,SP04,1,Tại quán,5.4,Tốt
GD02170,16/06/2025 17:28,CN01,KH0114,SP04,3,Giao hàng,13.9,Tốt
GD02171,16/06/2025 18:19,CN01,KH0358,SP09,2,Mang đi,5.0,Rất tốt
GD02172,16/06/2025 18:33,CN01,KH0066,SP03,2, Tại quán,6.6,Rất tốt
GD02173,16/06/2025 20:11,CN04,,SP03,1,Tại quán,10.9,
GD02174,16/06/2025 20:30,CN03,KH0358,SP06,1,Tại quán,12.0,Tốt
GD02175,17/06/2025 07:49,CN02,KH0342,SP06,3,Mang đi,3.1,Tốt
GD02176,17/06/2025 08:31,CN04,KH0031,SP03,2,Mang đi,15.5,Tốt
GD02177,17/06/2025 08:57,CN04,KH0136,SP14,2,Giao hang,37.7,Tệ
GD02178,17/06/2025 09:02,CN04,KH0132,SP04,3,Tại quán,6.8,Tốt
GD02179,17/06/2025 09:06,CN03,,SP14,,Tại quán,10.3,Tốt
GD02180,17/06/2025 09:59,CN01,KH0032,SP11,3,Giao hàng,30.0,Tệ
GD02181,17/06/2025 11:02,CN03,,SP10,2,Tại quán,7.7,Tốt
GD02182,17/06/2025 11:32,CN02,KH0212,SP12,3,Mang đi,4.6,Tốt
GD02183,17/06/2025 13:17,CN03,KH0208,SP02,,Giao hàng,22.9,Bình thường
GD02183,17/06/2025 13:17,CN03,KH0208,SP02,,Giao hàng,22.9,Bình thường
GD02184,17/06/2025 15:18,CN01,,SP01,1,Giao hàng,38.5,Tệ
GD02185,17/06/2025 15:43,CN03,KH0071,SP02,1,Tại quán,6.4,Tốt
GD02186,17/06/2025 19:14,CN04,,SP14,1,Mang di,5.5,
GD02187,18/06/2025 07:57,CN04,KH0013,SP04,4,giao hàng,22.8,Tệ
GD02188,18/06/2025 09:09,CN02,KH0210,SP12,2, Giao hàng,33.1,Bình thường
GD02189,18/06/2025 09:51,CN01,KH0203,SP06,2,Mang đi,5.0,Bình thường
GD02190,18/06/2025 12:16,CN04,KH0068,SP15,3,Tại quán,6.2,Tốt
GD02191,18/06/2025 12:50,CN03,KH0290,SP06,4,Giao hàng,18.6,Tệ
GD02192,18/06/2025 13:56,CN02,KH0050,SP01,1,Mang đi,5.1,Rất tốt
GD02193,18/06/2025 15:19,CN03,KH0279,SP01,2,Tại quán,3.9,Tốt
GD02194,18/06/2025 15:59,CN03,KH0124,SP02,2,Tại quán,3.5,Tốt
GD02195,18/06/2025 16:29,CN01,KH0330,SP08,1,Giao hàng,24.1,Bình thường
GD02196,18/06/2025 18:22,CN04,,SP08,1,Tại quán,8.2,
GD02197,18/06/2025 18:45,CN02,KH0316,SP12,2,Giao hàng,19.2,Bình thường
GD02198,18/06/2025 21:17,CN01,KH0214,SP03,3, Giao hàng,22.6,Bình thường
GD02199,18/06/2025 21:50,CN03,KH0176,SP11,1,Giao hàng,25.4,Bình thường
GD02200,19/06/2025 07:03,CN04,KH0244,SP13,1,Mang đi,3.7,Rất tốt
GD02201,19/06/2025 07:31,CN03,,SP02,1,Mang đi,7.2,Tốt
GD02202,19/06/2025 08:26,CN04,,SP13,1,Giao hàng,45.2,Tệ
GD02203,19/06/2025 08:41,CN03,KH0350,SP13,2,Giao hàng,25.4,Tệ
GD02204,19/06/2025 09:41,CN02,KH0377,SP05,2,Mang đi,4.8,Rất tốt
GD02205,19/06/2025 11:45,CN02,KH0146,SP11,1,Mang di,6.2,Tốt
GD02206,19/06/2025 13:43,CN01,,SP15,200,Tại quán,8.0,Tốt
GD02207,19/06/2025 14:13,CN04,KH0128,SP16,2,Mang đi,3.4,Rất tốt
GD02208,19/06/2025 14:28,CN02,KH0341,SP07,4,Giao hàng,20.9,Tốt
GD02209,19/06/2025 14:54,CN02,KH0376,SP05,1,Tại quán,3.2,Bình thường
GD02210,19/06/2025 15:31,CN03,KH0208,SP11,2, Tại quán,7.9,Tốt
GD02211,19/06/2025 17:54,CN02,KH0334,SP12,2,tại quán,11.9,Rất tốt
GD02212,19/06/2025 18:51,CN03,KH0301,SP11,1, Giao hàng,39.6,Tệ
GD02213,19/06/2025 19:12,CN04,,SP07,2,Mang đi,3.1,
GD02214,19/06/2025 19:35,CN01,KH0374,SP09,2,Tại quán,5.7,Bình thường
GD02215,19/06/2025 21:10,CN03,KH0100,SP15,1,Tại quán,3.4,Tốt
GD02216,20/06/2025 08:23,CN01,,SP03,1, Giao hàng,27.1,Tốt
GD02217,20/06/2025 09:32,CN03,,SP01,3,Giao hàng,17.0,Tốt
GD02218,20/06/2025 09:36,CN04,,SP07,1,Mang đi,3.1,Bình thường
GD02219,20/06/2025 10:12,CN02,KH0105,SP08,3,Giao hàng,21.5,Bình thường
GD02220,20/06/2025 11:10,CN01,KH0021,SP06,3,Tại quán,9.5,
GD02221,20/06/2025 12:50,CN01,KH0165,SP03,1,Giao hàng,22.1,Bình thường
GD02222,20/06/2025 14:07,CN02,KH0387,SP01,1,Tại quán,6.3,Tốt
GD02223,20/06/2025 15:07,CN02,KH0076,SP04,2,mang đi,3.5,Rất tốt
GD02224,20/06/2025 15:21,CN02,KH0006,SP12,1,Tại quán,15.3,Bình thường
GD02225,20/06/2025 17:01,CN03,KH0052,SP02,2,Mang đi,4.4,Bình thường
GD02226,20/06/2025 17:03,CN01,KH0372,SP03,4,Giao hang,26.5,
GD02227,20/06/2025 17:07,CN01,,SP04,1, Giao hàng,26.5,
GD02227,20/06/2025 17:07,CN01,,SP04,1, Giao hàng,26.5,
GD02228,20/06/2025 17:50,CN03,KH0308,SP01,2,Tai quan,7.5,Bình thường
GD02229,20/06/2025 18:21,CN01,,SP04,3,Giao hàng,28.5,Bình thường
GD02230,20/06/2025 18:35,CN03,KH0132,SP15,1,Mang đi,4.7,Rất tốt
GD02231,20/06/2025 18:36,CN02,KH0214,SP01,1,Giao hàng,20.8,
GD02232,20/06/2025 20:01,CN03,KH0191,SP14,1,Mang đi,3.0,Rất tốt
GD02233,20/06/2025 20:46,CN01,,SP07,1,Mang đi,6.2,Tốt
GD02234,20/06/2025 20:52,CN04,KH0294,SP03,1,giao hàng,52.6,Tệ
GD02235,20/06/2025 20:57,CN04,,SP06,1,Mang đi,2.9,Bình thường
GD02236,21/06/2025 08:11,CN03,KH0408,SP06,1,Tại quán,8.1,
GD02237,21/06/2025 08:18,CN02,KH0117,SP09,2,Giao hàng,30.0,Bình thường
GD02238,21/06/2025 09:41,CN03,KH0114,SP08,3,GIAO HÀNG,31.7,
GD02239,21/06/2025 09:54,CN02,KH0114,SP05,2,Tại quán,5.8,Tốt
GD02240,21/06/2025 10:08,CN03,KH0090,SP12,2,tại quán,3.9,
GD02241,21/06/2025 10:14,CN02,KH0123,SP10,1,Tại quán,26.0,
GD02242,21/06/2025 10:22,CN03,KH0203,SP14,1,Tại quán,16.9,Tốt
GD02243,21/06/2025 11:50,CN04,,SP08,2,Giao hàng,13.1,
GD02244,21/06/2025 12:36,CN01,KH0082,SP16,1,Mang đi,7.5,Tốt
GD02245,21/06/2025 12:38,CN02,KH0246,SP06,3,tại quán,5.8,Tốt
GD02246,21/06/2025 12:55,CN01,KH0008,SP05,3,Mang đi,4.4,Tốt
GD02247,21/06/2025 12:59,CN04,KH0192,SP01,2,Mang đi,8.6,
GD02248,21/06/2025 14:11,CN04,KH0317,SP07,1,Mang đi,3.2,Tốt
GD02249,21/06/2025 14:28,CN02,KH0126,SP01,1,Tại quán,4.5,Bình thường
GD02250,21/06/2025 16:12,CN03,KH0270,SP06,3,Tại quán,4.0,Tốt
GD02251,21/06/2025 18:39,CN01,KH0152,SP13,3,Giao hàng,15.5,
GD02252,21/06/2025 19:31,CN02,KH0274,SP05,1,Giao hàng,24.4,Bình thường
GD02253,21/06/2025 20:48,CN03,KH0316,SP07,1,Mang đi,3.7,Bình thường
GD02254,22/06/2025 07:35,CN03,KH0023,SP09,3,Giao hàng,20.4,Bình thường
GD02255,22/06/2025 07:36,CN04,KH0123,SP02,1,Mang đi,7.0,Rất tốt
GD02256,22/06/2025 07:54,CN02,KH0354,SP01,2,Giao hàng,20.5,
GD02257,22/06/2025 07:59,CN02,KH0026,SP03,1, Tại quán,3.1,
GD02258,22/06/2025 08:17,CN03,KH0197,SP02,1,Tại quán,3.1,Rất tốt
GD02259,22/06/2025 08:22,CN02,KH0331,SP02,1,Giao hàng,13.9,Tốt
GD02260,22/06/2025 10:05,CN04,KH0036,SP08,4,tại quán,7.0,Rất tốt
GD02261,22/06/2025 10:36,CN04,KH0306,SP16,1,Tại quán,4.7,Rất tốt
GD02262,22/06/2025 12:01,CN02,KH0457,SP04,1,TẠI QUÁN,2.4,
GD02263,22/06/2025 13:13,CN03,,SP13,1,Giao hàng,33.6,Tốt
GD02264,22/06/2025 13:30,CN01,,SP01,3,Giao hàng,28.0,Bình thường
GD02265,22/06/2025 13:55,CN03,KH0057,SP01,3,Tại quán,4.2,Tốt
GD02266,22/06/2025 14:34,CN04,,SP07,1,Mang đi,4.9,Tốt
GD02267,22/06/2025 15:43,CN03,KH0018,SP02,2,giao hàng,20.8,
GD02268,22/06/2025 16:27,CN03,,SP07,1,Tại quán,8.0,Tốt
GD02269,22/06/2025 17:00,CN04,KH0007,SP04,5,Tại quán,3.8,Rất tốt
GD02270,22/06/2025 17:19,CN03,KH0066,SP08,2,Mang đi,9.8,Rất tệ
GD02271,22/06/2025 17:34,CN04,KH0297,SP01,1,Tai quan,2.7,Tốt
GD02272,22/06/2025 17:35,CN04,KH0030,SP01,2,Tại quán,9.2,Bình thường
GD02273,22/06/2025 18:44,CN01,KH0133,SP18,3,Giao hàng,31.0,Bình thường
GD02274,22/06/2025 18:51,CN03,,SP11,2,Tại quán,3.0,Tốt
GD02275,22/06/2025 19:06,CN03,,SP06,1,Giao hàng,25.2,Rất tốt
GD02276,22/06/2025 20:06,CN04,KH0123,SP11,1,Mang đi,2.6,Tốt
GD02277,23/06/2025 07:51,CN04,KH0198,SP15,3,Tại quán,3.5,Bình thường
GD02278,23/06/2025 08:07,CN04,KH0280,SP11,1,Giao hàng,30.3,Bình thường
GD02279,23/06/2025 08:56,CN01,KH0320,SP07,1,Tại quán,8.3,
GD02280,23/06/2025 09:34,CN01,KH0025,SP05,2,Tại quán,4.6,
GD02281,23/06/2025 11:16,CN03,KH0035,SP13,2,Tại quán,6.9,Bình thường
GD02282,23/06/2025 11:22,CN01,,SP10,1,tại quán,3.0,Tốt
GD02283,23/06/2025 12:03,CN04,KH0135,SP15,2, Giao hàng,32.6,Bình thường
GD02284,23/06/2025 13:05,CN01,,SP02,2,Mang đi,5.2,Tốt
GD02285,23/06/2025 14:52,CN02,KH0258,SP13,1,Mang di,4.2,
GD02286,23/06/2025 16:13,CN04,KH0309,SP14,3,Giao hàng,21.5,Tệ
GD02287,23/06/2025 16:21,CN04,KH0045,SP09,1,Tại quán,2.2,Rất tốt
GD02288,23/06/2025 19:07,CN02,KH0264,SP01,1,Giao hàng,18.0,
GD02289,23/06/2025 20:28,CN04,KH0148,SP10,3,Giao hàng,20.8,Bình thường
GD02290,23/06/2025 20:42,CN03,KH0175,SP04,2,Mang đi,2.2,Tốt
GD02291,24/06/2025 08:41,CN04,KH0071,SP05,4,Giao hàng,18.3,Bình thường
GD02292,24/06/2025 08:43,CN02,KH0108,SP12,1,Tại quán,3.0,Tốt
GD02293,24/06/2025 09:50,CN02,,SP02,1,Mang đi,4.8,Rất tốt
GD02294,24/06/2025 10:40,CN01,KH0067,SP06,1,Mang di,2.7,Rất tốt
GD02295,24/06/2025 10:42,CN03,KH0093,SP15,1,mang đi,1.8,Tệ
GD02296,24/06/2025 11:02,CN01,KH0090,SP11,1,Mang đi,5.8,Rất tốt
GD02296,24/06/2025 11:02,CN01,KH0090,SP11,1,Mang đi,5.8,Rất tốt
GD02297,24/06/2025 11:56,CN02,KH0268,SP03,1,Mang đi,6.7,Tốt
GD02298,24/06/2025 12:34,CN04,KH0007,SP08,2,Mang đi,3.8,
GD02299,24/06/2025 13:11,CN01,KH0277,SP02,3,giao hàng,21.1,Tốt
GD02300,24/06/2025 14:11,CN02,,SP01,1,Giao hàng,16.5,Bình thường
GD02301,24/06/2025 14:57,CN02,KH0125,SP01,3,mang đi,4.1,Rất tốt
GD02302,24/06/2025 15:12,CN01,KH0379,SP05,1,Tai quan,5.9,Rất tốt
GD02303,24/06/2025 15:45,CN01,KH0444,SP03,1,Tại quán,4.8,Tốt
GD02304,24/06/2025 17:45,CN04,KH0031,SP08,1,Tại quán,5.9,Tốt
GD02305,24/06/2025 18:52,CN02,KH0188,SP13,5,Tại quán,10.3,Tốt
GD02306,24/06/2025 20:41,CN01,,SP09,1,Giao hàng,35.3,
GD02307,25/06/2025 07:14,CN01,,SP06,2,Giao hàng,12.9,Tốt
GD02308,25/06/2025 07:50,CN03,KH0114,SP16,3,Mang đi,4.0,Tốt
GD02309,25/06/2025 08:18,CN02,,SP02,5,Tại quán,18.6,Tốt
GD02310,25/06/2025 09:09,CN01,,SP08,6,Giao hàng,22.6,
GD02311,25/06/2025 12:04,CN03,KH0090,SP09,2,Tại quán,4.2,
GD02312,25/06/2025 12:27,CN03,KH0058,SP15,2,Mang đi,4.9,Tốt
GD02313,25/06/2025 13:05,CN04,KH0062,SP11,1,Giao hàng,54.7,Bình thường
GD02314,25/06/2025 15:36,CN02,,SP06,2,Tại quán,5.4,Tốt
GD02315,25/06/2025 15:57,CN03,,SP03,1,Tại quán,-1.0,Tốt
GD02316,25/06/2025 16:31,CN01,KH0341,SP09,1,Tại quán,3.6,Tốt
GD02317,25/06/2025 16:50,CN03,KH0172,SP04,3,Giao hàng,32.8,Tốt
GD02318,25/06/2025 19:25,CN04,KH0035,SP09,2,Mang đi,2.0,
GD02319,25/06/2025 21:34,CN01,KH0047,SP04,2,Tại quán,3.5,Tốt
GD02320,25/06/2025 21:52,CN04,KH0193,SP06,2,Giao hàng,21.4,Bình thường
GD02321,26/06/2025 07:16,CN02,,SP13,1,Tại quán,7.6,Bình thường
GD02322,26/06/2025 08:23,CN01,KH0065,SP05,1, Tại quán,4.0,Tốt
GD02323,26/06/2025 09:47,CN03,,SP02,1,Tại quán,2.3,Rất tốt
GD02324,26/06/2025 10:33,CN01,KH0133,SP06,2,Tại quán,9.3,Bình thường
GD02325,26/06/2025 12:17,CN03,KH0256,SP08,1,Tại quán,4.8,Rất tốt
GD02326,26/06/2025 14:13,CN01,,SP02,2,Mang đi,3.1,
GD02327,26/06/2025 18:00,CN04,,SP04,3,Giao hàng,26.7,Tệ
GD02328,26/06/2025 18:39,CN03,KH0029,SP06,1,Tại quán,4.4,Tốt
GD02329,26/06/2025 18:57,CN04,,SP01,2,Mang đi,2.7,
GD02330,26/06/2025 20:42,CN03,KH0163,SP11,2,Tại quán,6.2,Bình thường
GD02331,27/06/2025 07:07,CN04,KH0032,SP02,2,Tại quán,6.3,Tốt
GD02332,27/06/2025 13:33,CN01,KH0055,SP04,5,TẠI QUÁN,6.1,Rất tốt
GD02333,27/06/2025 14:16,CN01,KH0302,SP13,2,Mang di,3.8,Tốt
GD02334,27/06/2025 14:41,CN01,,SP02,2,Giao hàng,23.2,Bình thường
GD02335,27/06/2025 15:21,CN03,,SP05,1,Tại quán,3.7,
GD02336,27/06/2025 15:42,CN01,KH0300,SP01,3,Mang đi,10.2,Tốt
GD02336,27/06/2025 15:42,CN01,KH0300,SP01,3,Mang đi,10.2,Tốt
GD02337,27/06/2025 16:32,CN02,KH0106,SP14,1,Tại quán,5.3,
GD02338,27/06/2025 16:44,CN03,KH0268,SP14,3,Giao hàng,17.0,Tốt
GD02338,27/06/2025 16:44,CN03,KH0268,SP14,3,Giao hàng,17.0,Tốt
GD02339,27/06/2025 18:46,CN01,,SP10,1, Tại quán,2.9,Bình thường
GD02340,28/06/2025 08:49,CN01,KH0176,SP02,2,Mang đi,5.2,
GD02341,28/06/2025 08:51,CN03,KH0282,SP12,1,TẠI QUÁN,6.9,Tốt
GD02342,28/06/2025 09:56,CN03,KH0211,SP03,1,Giao hàng,18.5,Bình thường
GD02343,28/06/2025 11:27,CN01,KH0342,SP16,1,Giao hàng,23.3,Tốt
GD02344,28/06/2025 12:55,CN03,KH0355,SP06,1,Mang đi,4.7,
GD02345,28/06/2025 13:23,CN02,KH0440,SP04,2,Tại quán,4.9,Rất tốt
GD02346,28/06/2025 13:24,CN03,KH0302,SP15,3,Giao hàng,18.7,Tốt
GD02347,28/06/2025 13:48,CN03,,SP12,1,Tại quán,5.3,Tốt
GD02348,28/06/2025 14:19,CN03,,SP02,3,Giao hàng,36.4,
GD02349,28/06/2025 14:34,CN01,KH0061,SP01,1,Mang đi,3.8,Bình thường
GD02350,28/06/2025 16:32,CN03,KH0316,SP07,2,Tại quán,5.2,
GD02351,28/06/2025 16:48,CN01,,SP06,1,Tại quán,4.4,Rất tốt
GD02352,28/06/2025 17:19,CN03,KH0246,SP01,2,Tại quán,2.7,Rất tốt
GD02353,28/06/2025 17:33,CN01,,SP01,1,MANG ĐI,2.1,
GD02354,28/06/2025 17:39,CN03,KH0177,SP03,3,Tại quán,4.9,Bình thường
GD02355,28/06/2025 19:09,CN04,,SP12,1,Mang đi,3.3,
GD02356,28/06/2025 19:58,CN01,KH0358,SP07,2,Tại quán,1.9,Tốt
GD02357,29/06/2025 07:26,CN01,KH0201,SP02,2,Mang đi,5.7,Rất tốt
GD02358,29/06/2025 07:27,CN03,KH0413,SP07,1,Tại quán,2.4,Tốt
GD02359,29/06/2025 07:29,CN01,KH0331,SP10,3,Giao hàng,25.5,Tệ
GD02360,29/06/2025 07:50,CN02,KH0281,SP10,1,Giao hàng,20.1,Tệ
GD02361,29/06/2025 08:29,CN01,KH0395,SP01,2,Giao hàng,21.9,Rất tốt
GD02362,29/06/2025 09:13,CN01,KH0055,SP02,1,Tại quán,4.5,Tốt
GD02363,29/06/2025 09:27,CN04,,SP06,1,Tại quán,19.2,Bình thường
GD02364,29/06/2025 09:40,CN04,,SP06,2,Mang đi,4.4,Rất tốt
GD02365,29/06/2025 09:42,CN03,KH0289,SP12,1,giao hàng,40.3,Tốt
GD02366,29/06/2025 09:59,CN01,KH0246,SP16,2,Tại quán,3.7,Tệ
GD02367,29/06/2025 13:55,CN04,KH0330,SP02,1,Mang đi,5.2,Tốt
GD02368,29/06/2025 15:37,CN02,KH0058,SP09,2,Mang đi,3.8,
GD02369,29/06/2025 15:46,CN02,KH0325,SP03,2,Mang đi,2.4,
GD02370,29/06/2025 16:20,CN04,KH0299,SP14,3,Tại quán,2.9,Rất tốt
GD02371,29/06/2025 17:09,CN01,KH0084,SP09,1,Mang đi,3.6,Bình thường
GD02372,29/06/2025 17:20,CN02,KH0085,SP02,4,Giao hàng,24.1,Bình thường
GD02373,29/06/2025 17:58,CN04,KH0055,SP04,1,Tại quán,8.4,Tốt
GD02374,29/06/2025 18:11,CN01,KH0154,SP11,1,Giao hàng,30.1,Bình thường
GD02375,29/06/2025 18:12,CN01,KH0114,SP07,3,Mang đi,8.4,Tốt
GD02376,29/06/2025 18:21,CN04,KH0297,SP13,3,Mang đi,6.0,Bình thường
GD02377,29/06/2025 18:37,CN01,KH0210,SP04,2,Mang đi,5.7,Tốt
GD02378,29/06/2025 19:33,CN01,,SP01,2,Giao hang,25.1,Tốt
GD02379,29/06/2025 19:35,CN01,KH0278,SP11,2,Tại quán,3.7,Rất tốt
GD02380,29/06/2025 19:38,CN01,KH0180,SP12,2,Tại quán,3.6,Bình thường
GD02381,29/06/2025 20:11,CN03,KH0151,SP10,1,Giao hàng,30.4,Tốt
GD02382,29/06/2025 20:24,CN04,,SP10,1,Giao hàng,21.2,Tốt
GD02383,30/06/2025 08:00,CN01,KH0081,SP04,2,GIAO HÀNG,14.8,
GD02384,30/06/2025 08:30,CN02,,SP01,2,Tại quán,3.9,
GD02385,30/06/2025 08:55,CN04,,SP02,1,Tại quán,7.9,Tốt
GD02386,30/06/2025 10:00,CN04,KH0127,SP02,,Mang đi,6.8,Rất tốt
GD02387,30/06/2025 10:29,CN01,KH0026,SP08,1, Tại quán,2.0,Bình thường
GD02388,30/06/2025 11:16,CN03,KH0092,SP02,2,Tại quán,8.4,Rất tốt
GD02389,30/06/2025 12:50,CN04,KH0117,SP11,1,Mang đi,2.8,Rất tốt
GD02390,30/06/2025 14:23,CN03,KH0029,SP02,3,Mang đi,3.3,Rất tốt
GD02391,30/06/2025 16:36,CN04,KH0013,SP04,1,Tại quán,10.2,Tốt
GD02392,30/06/2025 16:44,CN04,KH0353,SP09,1,Tại quán,5.1,
GD02393,30/06/2025 17:01,CN04,KH0398,SP14,2,Tại quán,4.2,Tốt
GD02394,30/06/2025 17:31,CN04,KH0392,SP10,5,Mang đi,4.7,
GD02395,30/06/2025 19:10,CN03,KH0252,SP04,4,Tại quán,4.1,Rất tốt
GD02396,30/06/2025 19:12,CN02,KH0075,SP02,1,Giao hàng,30.4,Tệ
GD02397,30/06/2025 19:16,CN01,KH0275,SP08,3, Giao hàng,28.1,Bình thường
GD02398,30/06/2025 19:39,CN02,KH0126,SP07,2,Giao hàng,34.2,Bình thường
GD02399,30/06/2025 19:47,CN02,KH0139,SP09,4,Giao hàng,15.3,Rất tốt
GD02400,30/06/2025 20:43,CN01,KH0170,SP06,2, Tại quán,6.9,Tốt
